<?xml version="1.0" encoding="UTF-8"?>
<window>
	<defaultcontrol>9000</defaultcontrol>
	<backgroundcolor>Background</backgroundcolor>

	<onunload>ClearProperty(TMDbHelper.WidgetContainer,home)</onunload>

	<onload>RunScript(script.skinshortcuts,type=buildxml&amp;mainmenuID=9000&amp;levels=1&amp;group=mainmenu|shutdown)</onload>

	<!-- set default home layout if none is set -->
	<onload condition="!Skin.HasSetting(Vertical_Main) + !Skin.HasSetting(Horizontal_Main)">Skin.SetBool(Vertical_Main)</onload>
	<!-- set colourful rating icons as default -->
	<onload condition="String.IsEmpty(Skin.String(Icons))">Skin.SetString(Icons,colorful)</onload>

	<controls>
		<control type="button" id="20000">
			<include>HiddenObject</include>
			<animation effect="fade" time="300" start="100" end="0">Focus</animation>
			<onfocus>SetFocus(2000)</onfocus>
			<onclick>noop</onclick>
			<visible allowhiddenfocus="true">Control.HasFocus(20000)</visible>
		</control>
		<control type="button" id="20001">
			<include>HiddenObject</include>
			<animation effect="fade" time="300" start="100" end="0">Focus</animation>
			<onfocus>SetFocus(2000)</onfocus>
			<onclick>noop</onclick>
			<visible allowhiddenfocus="true">Control.HasFocus(20001)</visible>
		</control>
		<include>DefaultBackground</include>

		<control type="group">
			<include>Visible_Fade</include>
			<include condition="Skin.HasSetting(Vertical_Main)">Vertical_Main</include>
			<include condition="Skin.HasSetting(Horizontal_Main)">Horizontal_Main</include>
		</control>
	</controls>
</window>
