<?xml version="1.0" encoding="UTF-8"?>
<includes>
	<include name="OSDButton">
		<textureradioonfocus colordiffuse="white">$PARAM[texture]</textureradioonfocus>
		<textureradioonnofocus>$PARAM[texture]</textureradioonnofocus>
		<textureradioofffocus colordiffuse="white">$PARAM[texture]</textureradioofffocus>
		<textureradiooffnofocus>$PARAM[texture]</textureradiooffnofocus>
		<textureradioondisabled colordiffuse="dialog_fg_30">$PARAM[texture]</textureradioondisabled>
		<textureradiooffdisabled colordiffuse="dialog_fg_30">$PARAM[texture]</textureradiooffdisabled>
		<texturefocus colordiffuse="$VAR[ColorHighlight]">osd/fullscreen/buttons/button-fo.png</texturefocus>
		<width>76</width>
		<animation center="38,38" effect="zoom" end="100" reversible="false" start="95" time="480" tween="back">Focus</animation>
		<height>76</height>
		<radiowidth>74</radiowidth>
		<radioheight>74</radioheight>
		<font></font>
		<texturenofocus />
		<radioposx>1</radioposx>
		<radioposy>0</radioposy>
	</include>
	<include name="PVROSDButton">
		<textureradioonfocus colordiffuse="white">$PARAM[texture]</textureradioonfocus>
		<textureradioonnofocus>$PARAM[texture]</textureradioonnofocus>
		<textureradioofffocus colordiffuse="white">$PARAM[texture]</textureradioofffocus>
		<textureradiooffnofocus>$PARAM[texture]</textureradiooffnofocus>
		<textureradioondisabled colordiffuse="dialog_fg_30">$PARAM[texture]</textureradioondisabled>
		<textureradiooffdisabled colordiffuse="dialog_fg_30">$PARAM[texture]</textureradiooffdisabled>
		<texturefocus colordiffuse="$VAR[ColorHighlight]">osd/fullscreen/buttons/button-fo.png</texturefocus>
		<width>48</width>
		<animation center="38,38" effect="zoom" end="100" reversible="false" start="95" time="480" tween="back">Focus</animation>
		<height>48</height>
		<radiowidth>46</radiowidth>
		<radioheight>46</radioheight>
		<font></font>
		<texturenofocus />
		<radioposx>1</radioposx>
		<radioposy>0</radioposy>
	</include>
	<include name="InfoDialogMetadata">
		<param name="onclick_condition">false</param>
		<param name="onclick">noop</param>
		<param name="altclick_condition">false</param>
		<param name="altclick">noop</param>
		<definition>
			<control type="togglebutton" id="$PARAM[control_id]">
				<width>472</width>
				<height>49</height>
				<textoffsetx>16</textoffsetx>
				<aligny>center</aligny>
				<font>font12</font>
				<texturefocus colordiffuse="$VAR[ColorHighlight]">lists/focus.png</texturefocus>
				<alttexturefocus colordiffuse="$VAR[ColorHighlight]">lists/focus.png</alttexturefocus>
				<texturenofocus />
				<alttexturenofocus />
				<onclick>noop</onclick>
				<onclick condition="$PARAM[onclick_condition]">$PARAM[onclick]</onclick>
				<altclick>noop</altclick>
				<altclick condition="$PARAM[altclick_condition]">$PARAM[altclick]</altclick>
				<label>$PARAM[label]</label>
				<altlabel>$PARAM[altlabel]</altlabel>
				<usealttexture>Control.HasFocus($PARAM[control_id])</usealttexture>
				<visible>$PARAM[visible]</visible>
			</control>
		</definition>
	</include>
	<include name="DefaultSettingButtonGradient">
		<param name="id" default="" />
		<param name="height" default="80" />
		<definition>
			<control type="group">
				<nested />
				<animation effect="fade" start="0" end="100" time="1">Visible</animation>
				<animation effect="slide" end="0,$PARAM[height]" time="0" condition="Integer.IsGreater(Container($PARAM[id]).Position,0)">Conditional</animation>
				<animation effect="slide" end="0,$PARAM[height]" time="0" condition="Integer.IsGreater(Container($PARAM[id]).Position,1)">Conditional</animation>
				<animation effect="slide" end="0,$PARAM[height]" time="0" condition="Integer.IsGreater(Container($PARAM[id]).Position,2)">Conditional</animation>
				<animation effect="slide" end="0,$PARAM[height]" time="0" condition="Integer.IsGreater(Container($PARAM[id]).Position,3)">Conditional</animation>
				<animation effect="slide" end="0,$PARAM[height]" time="0" condition="Integer.IsGreater(Container($PARAM[id]).Position,4)">Conditional</animation>
				<animation effect="slide" end="0,$PARAM[height]" time="0" condition="Integer.IsGreater(Container($PARAM[id]).Position,5)">Conditional</animation>
				<animation effect="slide" end="0,$PARAM[height]" time="0" condition="Integer.IsGreater(Container($PARAM[id]).Position,6)">Conditional</animation>
				<animation effect="slide" end="0,$PARAM[height]" time="0" condition="Integer.IsGreater(Container($PARAM[id]).Position,7)">Conditional</animation>
				<animation effect="slide" end="0,$PARAM[height]" time="0" condition="Integer.IsGreater(Container($PARAM[id]).Position,8)">Conditional</animation>
				<animation effect="slide" end="0,$PARAM[height]" time="0" condition="Integer.IsGreater(Container($PARAM[id]).Position,9)">Conditional</animation>
				<animation effect="slide" end="0,$PARAM[height]" time="0" condition="Integer.IsGreater(Container($PARAM[id]).Position,10)">Conditional</animation>
				<control type="image">
					<texture colordiffuse="$VAR[ColorHighlight]" border="5">common/box.png</texture>
				</control>
				<control type="image">
					<texture colordiffuse="$VAR[ColorGradient]" border="5">common/white-gradient-rounded.png</texture>
				</control>
			</control>
		</definition>
	</include>
	<include name="DefaultSettingButton">
		<param name="height">80</param>
		<param name="textoffsetx">40</param>
		<param name="textwidth"></param>
		<definition>
			<textoffsetx>$PARAM[textoffsetx]</textoffsetx>
			<top>0</top>
			<textwidth>$PARAM[textwidth]</textwidth>
			<height>$PARAM[height]</height>
			<aligny>center</aligny>
			<texturenofocus />
			<texturefocus />
			<alttexturefocus />
			<texturefocus colordiffuse="$VAR[ColorGradient]">common/white-gradient.png</texturefocus>
			<alttexturefocus colordiffuse="$VAR[ColorGradient]">common/white-gradient.png</alttexturefocus>
		</definition>
	</include>
	<include name="DialogSettingButton">
		<param name="height">70</param>
		<param name="textoffsetx">40</param>
		<definition>
			<textoffsetx>$PARAM[textoffsetx]</textoffsetx>
			<top>0</top>
			<height>$PARAM[height]</height>
			<aligny>center</aligny>
			<invalidcolor>invalid</invalidcolor>
			<selectedcolor>selected</selectedcolor>
			<texturefocus />
			<texturenofocus />
		</definition>
	</include>
	<include name="DefaultSettingLabel">
		<left>0</left>
		<top>0</top>
		<height>80</height>
		<label></label>
		<!-- <align>center</align> -->
		<aligny>center</aligny>
		<font>font23_narrow</font>
		<textcolor>grey</textcolor>
	</include>
	<include name="SettingsItemCommon">
		<texturenofocus />
		<texturefocus />
		<height>100</height>
		<aligny>center</aligny>
		<textoffsetx>40</textoffsetx>
		<alttexturefocus border="40" colordiffuse="$VAR[ColorHighlight]">buttons/dialogbutton-fo.png</alttexturefocus>
		<alttexturenofocus border="40">buttons/dialogbutton-nofo.png</alttexturenofocus>
	</include>
	<include name="SettingsLabelCommon">
		<height>50</height>
		<font>font12</font>
		<textoffsetx>30</textoffsetx>
		<textoffsety>10</textoffsety>
		<textcolor>$VAR[ColorHighlight]</textcolor>
	</include>
	<include name="DefaultDialogButton">
		<param name="width">270</param>
		<param name="height">70</param>
		<param name="wrapmultiline">false</param>
		<param name="font">font23_narrow</param>
		<param name="onclick"></param>
		<param name="visible">true</param>
		<definition>
			<control type="button" id="$PARAM[id]">
				<width>$PARAM[width]</width>
				<height>$PARAM[height]</height>
				<label>$PARAM[label]</label>
				<font>$PARAM[font]</font>
				<textcolor>dialog_fg_70</textcolor>
				<textoffsetx>20</textoffsetx>
				<onclick>$PARAM[onclick]</onclick>
				<wrapmultiline>$PARAM[wrapmultiline]</wrapmultiline>
				<align>center</align>
				<include content="ButtonType">
					<param name="texturefocus" value="true" />
				</include>
				<include content="ButtonType">
					<param name="alttexturefocus" value="true" />
				</include>
				<!-- <texturenofocus colordiffuse="main_bg_30" border="5">common/box.png</texturenofocus> -->
				<visible>$PARAM[visible]</visible>
			</control>
		</definition>
	</include>
	<!-- <include name="KeyboardButton">
		<width>120</width>
		<height>120</height>
		<textoffsety>27</textoffsety>
		<texturefocus colordiffuse="$VAR[ColorHighlight]">buttons/roundbutton-fo.png</texturefocus>
		<texturenofocus />
		<align>center</align>
		<aligny>top</aligny>
		<font>font45</font>
	</include> -->

	<!-- Keyboard and Numeric Keys -->
	<include name="KeyboardButton">
		<width>85</width>
		<height>75</height>
		<include content="ButtonType">
			<param name="texturenofocus" value="true" />
			<param name="colordiffuse" value="1fdedede" />
		</include>
		<include content="ButtonType">
			<param name="texturefocus" value="true" />
		</include>
		<textoffsetx>0</textoffsetx>
		<textcolor>dialog_fg_100</textcolor>
		<align>center</align>
		<focusedcolor>dialog_fg_100</focusedcolor>
		<radioposx>265</radioposx>
		<radioposy>0</radioposy>
	</include>
	<include name="ButtonType">
		<param name="texture" default="false" />
		<param name="texturefocus" default="false" />
		<param name="texturenofocus" default="false" />
		<param name="alttexturefocus" default="false" />
		<param name="alttexturenofocus" default="false" />
		<param name="colordiffuse" default="$VAR[ColorHighlight]" />
		<definition>
			<include content="ButtonType_Texture" condition="!Skin.HasSetting(EnableMonochromeHighlight) + $PARAM[texture]">
				<param name="colordiffuse" value="$PARAM[colordiffuse]" />
				<param name="texture" value="common/button-dialog.png" />
			</include>
			<include content="ButtonType_TextureFocus" condition="!Skin.HasSetting(EnableMonochromeHighlight) + $PARAM[texturefocus]">
				<param name="colordiffuse" value="$PARAM[colordiffuse]" />
				<param name="texture" value="common/button-dialog.png" />
			</include>
			<include content="ButtonType_TextureNoFocus" condition="!Skin.HasSetting(EnableMonochromeHighlight) + $PARAM[texturenofocus]">
				<param name="colordiffuse" value="$PARAM[colordiffuse]" />
				<param name="texture" value="common/button-dialog.png" />
			</include>
			<include content="ButtonType_AltTextureFocus" condition="!Skin.HasSetting(EnableMonochromeHighlight) + $PARAM[alttexturefocus]">
				<param name="colordiffuse" value="$PARAM[colordiffuse]" />
				<param name="texture" value="common/button-dialog.png" />
			</include>
			<include content="ButtonType_AltTextureNoFocus" condition="!Skin.HasSetting(EnableMonochromeHighlight) + $PARAM[alttexturenofocus]">
				<param name="colordiffuse" value="$PARAM[colordiffuse]" />
				<param name="texture" value="common/button-dialog.png" />
			</include>

			<include content="ButtonType_Texture" condition="Skin.HasSetting(EnableMonochromeHighlight) + $PARAM[texture]">
				<param name="colordiffuse" value="$PARAM[colordiffuse]" />
				<param name="texture" value="common/box.png" />
			</include>
			<include content="ButtonType_TextureFocus" condition="Skin.HasSetting(EnableMonochromeHighlight) + $PARAM[texturefocus]">
				<param name="colordiffuse" value="$PARAM[colordiffuse]" />
				<param name="texture" value="common/box.png" />
			</include>
			<include content="ButtonType_TextureNoFocus" condition="Skin.HasSetting(EnableMonochromeHighlight) + $PARAM[texturenofocus]">
				<param name="colordiffuse" value="$PARAM[colordiffuse]" />
				<param name="texture" value="common/box.png" />
			</include>
			<include content="ButtonType_AltTextureFocus" condition="Skin.HasSetting(EnableMonochromeHighlight) + $PARAM[alttexturefocus]">
				<param name="colordiffuse" value="$PARAM[colordiffuse]" />
				<param name="texture" value="common/box.png" />
			</include>
			<include content="ButtonType_AltTextureNoFocus" condition="Skin.HasSetting(EnableMonochromeHighlight) + $PARAM[alttexturenofocus]">
				<param name="colordiffuse" value="$PARAM[colordiffuse]" />
				<param name="texture" value="common/box.png" />
			</include>
		</definition>
	</include>

	<include name="ButtonType_Texture">
		<texture colordiffuse="$PARAM[colordiffuse]" border="5">$PARAM[texture]</texture>
	</include>
	<include name="ButtonType_TextureFocus">
		<texturefocus colordiffuse="$PARAM[colordiffuse]" border="5">$PARAM[texture]</texturefocus>
	</include>
	<include name="ButtonType_TextureNoFocus">
		<texturenofocus colordiffuse="$PARAM[colordiffuse]" border="5">$PARAM[texture]</texturenofocus>
	</include>
	<include name="ButtonType_AltTextureFocus">
		<alttexturefocus colordiffuse="$PARAM[colordiffuse]" border="5">$PARAM[texture]</alttexturefocus>
	</include>
	<include name="ButtonType_AltTextureNoFocus">
		<alttexturenofocus colordiffuse="$PARAM[colordiffuse]" border="5">$PARAM[texture]</alttexturenofocus>
	</include>

	<include name="PlaylistWindowButton">
		<param name="width">100%</param>
		<definition>
			<control type="button" id="$PARAM[control_id]">
				<width>$PARAM[width]</width>
				<height>110</height>
				<align>left</align>
				<aligny>top</aligny>
				<texturefocus />
				<texturenofocus />
				<textoffsetx>40</textoffsetx>
				<textoffsety>35</textoffsety>
				<label>$PARAM[label]</label>
				<onclick>$PARAM[onclick]</onclick>
				<selectedcolor>white</selectedcolor>
			</control>
		</definition>
	</include>
	<include name="IconButton">
		<param name="height">120</param>
		<param name="visible">true</param>
		<definition>
			<control type="radiobutton" id="$PARAM[control_id]">
				<width>120</width>
				<height>$PARAM[height]</height>
				<align>center</align>
				<aligny>center</aligny>
				<onclick>$PARAM[onclick]</onclick>
				<onclick>$PARAM[onclick_2]</onclick>
				<font></font>
				<label>$PARAM[label]</label>
				<texturefocus colordiffuse="$VAR[ColorHighlight]">buttons/roundbutton-fo.png</texturefocus>
				<texturenofocus />
				<radioposx>40</radioposx>
				<radioposy>0</radioposy>
				<radiowidth>40</radiowidth>
				<radioheight>40</radioheight>
				<textureradioonfocus>$PARAM[icon]</textureradioonfocus>
				<textureradioonnofocus colordiffuse="grey">$PARAM[icon]</textureradioonnofocus>
				<textureradioofffocus>$PARAM[icon]</textureradioofffocus>
				<textureradiooffnofocus colordiffuse="grey">$PARAM[icon]</textureradiooffnofocus>
				<visible>$PARAM[visible]</visible>
			</control>
		</definition>
	</include>
	<include name="BottomMainMenuToggleItem">
		<param name="height">120</param>
		<definition>
			<control type="radiobutton" id="$PARAM[control_id]">
				<width>120</width>
				<height>$PARAM[height]</height>
				<align>center</align>
				<aligny>center</aligny>
				<onclick>$PARAM[onclick]</onclick>
				<font></font>
				<label>$PARAM[label]</label>
				<texturefocus colordiffuse="$VAR[ColorHighlight]">buttons/roundbutton-fo.png</texturefocus>
				<texturenofocus />
				<radioposx>40</radioposx>
				<radioposy>0</radioposy>
				<radiowidth>40</radiowidth>
				<radioheight>40</radioheight>
				<textureradioonfocus>$PARAM[icon_on]</textureradioonfocus>
				<textureradioonnofocus colordiffuse="grey">$PARAM[icon_on]</textureradioonnofocus>
				<textureradioofffocus>$PARAM[icon_off]</textureradioofffocus>
				<textureradiooffnofocus colordiffuse="grey">$PARAM[icon_off]</textureradiooffnofocus>
				<selected>$PARAM[selected]</selected>
			</control>
		</definition>
	</include>
	<include name="VideoInfoButtonsCommon">
		<param name="width">264</param>
		<definition>
			<width>$PARAM[width]</width>
			<height>142</height>
			<align>center</align>
			<aligny>top</aligny>
			<texturefocus border="21" colordiffuse="$VAR[ColorHighlight]">buttons/button-fo.png</texturefocus>
			<texturenofocus border="21">buttons/button-nofo.png</texturenofocus>
			<textoffsetx>22</textoffsetx>
			<textoffsety>78</textoffsety>
			<radioposx>108</radioposx>
			<radioposy>13</radioposy>
			<radiowidth>48</radiowidth>
			<font>font12</font>
			<textureradioonfocus colordiffuse="D0FFFFFF">$PARAM[icon]</textureradioonfocus>
			<textureradioonnofocus colordiffuse="D0FFFFFF">$PARAM[icon]</textureradioonnofocus>
			<textureradioofffocus colordiffuse="D0FFFFFF">$PARAM[icon]</textureradioofffocus>
			<textureradiooffnofocus colordiffuse="D0FFFFFF">$PARAM[icon]</textureradiooffnofocus>
			<textureradiooffdisabled colordiffuse="dialog_fg_30">$PARAM[icon]</textureradiooffdisabled>
			<textureradioondisabled colordiffuse="dialog_fg_30">$PARAM[icon]</textureradioondisabled>
		</definition>
	</include>
	<include name="InfoDialogButton">
		<param name="width">264</param>
		<param name="onclick_1_condition">true</param>
		<param name="onclick_2_condition">true</param>
		<param name="onclick_3_condition">true</param>
		<definition>
			<control type="radiobutton" id="$PARAM[id]">
				<width>$PARAM[width]</width>
				<height>142</height>
				<align>center</align>
				<aligny>top</aligny>
				<texturefocus border="21" colordiffuse="$VAR[ColorHighlight]">buttons/button-fo.png</texturefocus>
				<texturenofocus border="21">buttons/button-nofo.png</texturenofocus>
				<textoffsetx>22</textoffsetx>
				<textoffsety>78</textoffsety>
				<radioposx>108</radioposx>
				<radioposy>16</radioposy>
				<radiowidth>48</radiowidth>
				<font>font12</font>
				<textureradioonfocus colordiffuse="D0FFFFFF">$PARAM[icon]</textureradioonfocus>
				<textureradioonnofocus colordiffuse="D0FFFFFF">$PARAM[icon]</textureradioonnofocus>
				<textureradioofffocus colordiffuse="D0FFFFFF">$PARAM[icon]</textureradioofffocus>
				<textureradiooffnofocus colordiffuse="D0FFFFFF">$PARAM[icon]</textureradiooffnofocus>
				<textureradiooffdisabled colordiffuse="dialog_fg_30">$PARAM[icon]</textureradiooffdisabled>
				<textureradioondisabled colordiffuse="dialog_fg_30">$PARAM[icon]</textureradioondisabled>
				<label>$PARAM[label]</label>
				<onclick condition="$PARAM[onclick_1_condition]">$PARAM[onclick_1]</onclick>
				<onclick condition="$PARAM[onclick_2_condition]">$PARAM[onclick_2]</onclick>
				<onclick condition="$PARAM[onclick_3_condition]">$PARAM[onclick_3]</onclick>
				<visible>$PARAM[visible]</visible>
				<animation effect="fade" start="100" end="0" time="300" delay="300">Hidden</animation>
			</control>
		</definition>
	</include>
	<include name="InfoDialogToggleButton">
		<param name="width">262</param>
		<definition>
			<control type="radiobutton" id="$PARAM[id]">
				<width>$PARAM[width]</width>
				<height>142</height>
				<align>center</align>
				<aligny>top</aligny>
				<texturefocus border="21" colordiffuse="$VAR[ColorHighlight]">buttons/button-fo.png</texturefocus>
				<texturenofocus border="21">buttons/button-nofo.png</texturenofocus>
				<textoffsetx>35</textoffsetx>
				<textoffsety>78</textoffsety>
				<radioposx>108</radioposx>
				<radioposy>16</radioposy>
				<radiowidth>48</radiowidth>
				<font>font12</font>
				<textureradioonfocus colordiffuse="D0FFFFFF">$PARAM[icon_on]</textureradioonfocus>
				<textureradioonnofocus colordiffuse="D0FFFFFF">$PARAM[icon_on]</textureradioonnofocus>
				<textureradioofffocus colordiffuse="D0FFFFFF">$PARAM[icon_off]</textureradioofffocus>
				<textureradiooffnofocus colordiffuse="D0FFFFFF">$PARAM[icon_off]</textureradiooffnofocus>
				<textureradiooffdisabled colordiffuse="dialog_fg_30">$PARAM[icon_off]</textureradiooffdisabled>
				<textureradioondisabled colordiffuse="dialog_fg_30">$PARAM[icon_on]</textureradioondisabled>
				<selected>$PARAM[selected]</selected>
				<label>$PARAM[label]</label>
				<onclick>$PARAM[onclick_1]</onclick>
				<onclick>$PARAM[onclick_2]</onclick>
				<visible>$PARAM[visible]</visible>
			</control>
		</definition>
	</include>
	<include name="ButtonMenuList">
		<left>0</left>
		<top>80</top>
		<width>600</width>
		<height>700</height>
		<onleft>9000</onleft>
		<onright>9000</onright>
		<onup>9000</onup>
		<ondown>9000</ondown>
		<orientation>vertical</orientation>
		<itemlayout height="70" width="600">
			<control type="image">
				<left>0</left>
				<top>0</top>
				<width>600</width>
				<height>70</height>
				<texture colordiffuse="dialog_bg_100">colors/white.png</texture>
			</control>
			<control type="label">
				<left>0</left>
				<textoffsetx>20</textoffsetx>
				<top>0</top>
				<width>600</width>
				<height>70</height>
				<align>center</align>
				<aligny>center</aligny>
				<textcolor>grey</textcolor>
				<label>$INFO[ListItem.Label]</label>
			</control>
		</itemlayout>
		<focusedlayout height="70" width="600">
			<control type="image">
				<left>0</left>
				<top>0</top>
				<width>600</width>
				<height>70</height>
				<texture colordiffuse="dialog_bg_100">colors/white.png</texture>
			</control>
			<control type="group">
				<left>0</left>
				<top>0</top>
				<width>600</width>
				<height>70</height>
				<control type="image">
					<texture colordiffuse="$VAR[ColorHighlight]" border="10">common/box.png</texture>
				</control>
				<control type="image">
					<texture colordiffuse="$VAR[ColorGradient]" border="10">common/box-gradient.png</texture>
				</control>
			</control>
			<control type="label">
				<left>0</left>
				<textoffsetx>20</textoffsetx>
				<top>0</top>
				<width>600</width>
				<height>70</height>
				<align>center</align>
				<aligny>center</aligny>
				<label>$INFO[ListItem.Label]</label>
			</control>
		</focusedlayout>
	</include>
</includes>
