<?xml version="1.0" encoding="UTF-8"?>
<includes>
  <include name="View_50_List">
    <control type="group">
      <include>OpenClose_Bottom</include>
      <top>120</top>
      <left>0</left>
      <height>800</height>
      <visible>Control.IsVisible(50)</visible>
      <include>Visible_Right</include>
      <include content="ListContainer">
        <param name="list_id" value="50"/>
        <param name="right" value="836"/>
        <param name="viewtype_label" value="$LOCALIZE[535]"/>
        <param name="visible" value="Container.Content(movies) | Container.Content(sets) | Container.Content(tvshows) | Container.Content(seasons) | Container.Content(episodes) | Container.Content(games) | Window.IsActive(videoplaylist) | Window.IsActive(musicplaylist)"/>
      </include>
      <control type="group">
        <depth>DepthContentPanel</depth>
        <control type="group">
          <right>-20</right>
          <width>634</width>
          <include content="RightListPanel">
            <param name="list_id" value="50"/>
          </include>
        </control>
      </control>
    </control>
  </include>
  <include name="RightListPanel">
    <control type="group">
        <depth>DepthContentPanel</depth>
        <include>OpenClose_Bottom</include>
        <include>Visible_Left</include>
        <control type="group">
          <width>656</width>
          <height>450</height>
          <control type="textbox">
            <top>0</top>
            <left>-160</left>
            <width>656</width>
            <aligny>center</aligny>
            <height>110</height>
            <font>font32_title</font>
            <textcolor>main_fg_70</textcolor>
            <label>$INFO[ListItem.Label]</label>
          </control>
          <control type="group">
            <left>-160</left>
            <top>80</top>
            <include>MediaFlags_NewLine</include>
          </control>
          <control type="textbox">
            <left>-160</left>
            <top>140</top>
            <width>656</width>
            <height>155</height>
            <bottom>100</bottom>
            <textcolor>main_fg_70</textcolor>
            <visible>![ListItem.IsCollection + String.IsEmpty(ListItem.Plot)]</visible>
            <label>$INFO[ListItem.Tagline,[I],[/I][CR][CR]]$INFO[ListItem.Plot][CR][CR]</label>
            <autoscroll delay="10000" time="3000" repeat="10000">Skin.HasSetting(autoscroll)</autoscroll>
          </control>
          <control type="textbox">
            <left>-160</left>
            <top>360</top>
            <width>530</width>
            <height>413</height>
            <align>center</align>
            <aligny>center</aligny>
            <font>font27</font>
            <textcolor>80FFFFFF</textcolor>
            <label>$LOCALIZE[19055]</label>
            <visible>String.IsEmpty(Listitem.Plot) + String.IsEmpty(Listitem.Tagline) + !ListItem.IsCollection + !ListItem.IsParentFolder</visible>
          </control>
          <control type="group">
            <left>20</left>
            <top>245</top>
            <visible>ListItem.IsCollection + String.IsEmpty(ListItem.Plot)</visible>
            <include content="InfoList">
              <param name="bottom" value="108"/>
              <param name="width" value="540"/>
              <param name="sortby" value="year"/>
              <param name="sortorder" value="ascending"/>
              <param name="font" value="font13"/>
            </include>
          </control>
        </control>
      </control>
    <control type="group">
      <depth>DepthContentPanel</depth>
      <control type="group">
        <right>-32</right>
        <control type="group">
          <visible>!Container.Content(songs)</visible>
          <control type="image">
            <top>300</top>
            <right>74</right>
            <width>761.44</width>
            <aspectratio aligny="center" scalediffuse="true">keep</aspectratio>
            <texture fallback="DefaultVideo.png" background="true" diffuse="diffuse/rightlistpanel-diffuse.png">$VAR[Image_Landscape]</texture>
            <bordertexture border="24">common/rightlistpanel-diffuse-shadow.png</bordertexture>
            <bordersize>27</bordersize>
          </control>
          <control type="group">
            <left>291</left>
            <top>950</top>
            <include content="RatingCircle">
              <param name="animation" value="True"/>
            </include>
          </control>
        </control>
        <control type="group">
          <visible>Control.IsVisible(503) + Window.IsActive(musicplaylist)</visible>
          <control type="image">
            <left>58</left>
            <top>110</top>
            <width>540</width>
            <height>470</height>
            <aspectratio aligny="bottom">keep</aspectratio>
            <fadetime>300</fadetime>
            <texture fallback="DefaultAudio.png" background="true">$INFO[Player.Icon]</texture>
          </control>
          <control type="group">
            <left>301</left>
            <top>560</top>
            <control type="group">
              <animation effect="fade" time="0" condition="$PARAM[animation]">VisibleChange</animation>
              <include content="UserRatingContent" condition="Skin.HasSetting(circle_userrating)">
                <param name="infolabel" value="MusicPlayer.UserRating"/>
              </include>
              <include content="UserRatingContent" condition="Skin.HasSetting(circle_rating)">
                <param name="infolabel" value="MusicPlayer.Rating"/>
              </include>
            </control>
          </control>
          <control type="textbox" id="15599">
            <visible>Player.HasAudio + Window.IsActive(musicplaylist)</visible>
            <left>58</left>
            <top>600</top>
            <width>540</width>
            <bottom>70</bottom>
            <autoscroll time="3000" delay="7000" repeat="5000">!System.HasModalDialog + Skin.HasSetting(AutoScroll)</autoscroll>
            <label>[COLOR $VAR[ColorHighlight]][B]$LOCALIZE[31000]: [/COLOR]$INFO[musicplayer.Playlistposition,]$INFO[musicplayer.Playlistlength,/][/B][CR]$VAR[NowPlayingInfoVar]</label>
          </control>
          <control type="textbox" id="15599">
            <visible>!Player.HasAudio + Window.IsActive(musicplaylist)</visible>
            <left>58</left>
            <top>640</top>
            <width>540</width>
            <bottom>70</bottom>
            <autoscroll time="3000" delay="7000" repeat="5000">!System.HasModalDialog + Skin.HasSetting(AutoScroll)</autoscroll>
            <label>[COLOR $VAR[ColorHighlight]][B]$LOCALIZE[31000]: [/COLOR]$LOCALIZE[36623][/B]</label>
          </control>
        </control>
      </control>
    </control>
  </include>
  <include name="ListContainer">
    <param name="left">0</param>
    <param name="right">0</param>
    <definition>
      <control type="fixedlist" id="$PARAM[list_id]">
        <left>$PARAM[left]</left>
        <right>$PARAM[right]</right>
        <top>list_y_offset</top>
        <bottom>list_y_offset</bottom>
        <movement>3</movement>
        <focusposition>4</focusposition>
        <scrolltime tween="cubic" easing="out">500</scrolltime>
        <orientation>vertical</orientation>
        <pagecontrol>60</pagecontrol>
        <onright>SetFocus(9000)</onright>
        <onleft>60</onleft>
        <onup>$PARAM[list_id]</onup>
        <ondown>$PARAM[list_id]</ondown>
        <viewtype label="$PARAM[viewtype_label]">list</viewtype>
        <include content="View_Forced">
          <param name="string" value="$PARAM[viewtype_label]"/>
        </include>
        <visible>$PARAM[visible]</visible>
        <focusedlayout height="list_item_height">
          <control type="group">
            <left>0</left>
            <right>0</right>
            <top>0</top>
            <bottom>0</bottom>
            <control type="image">
              <texture colordiffuse="$VAR[ColorHighlight]" border="10">common/box.png</texture>
            </control>
            <control type="image">
              <texture colordiffuse="$VAR[ColorGradient]" border="10">common/box-gradient.png</texture>
            </control>
            <visible>Control.HasFocus($PARAM[list_id])</visible>
          </control>
          <control type="label">
            <left>130</left>
            <right>70</right>
            <top>0</top>
            <bottom>0</bottom>
            <aligny>center</aligny>
            <scroll>true</scroll>
            <font>font27</font>
            <textcolor>b3ededed</textcolor>
            <label>$INFO[ListItem.Year]</label>
            <shadowcolor>text_shadow</shadowcolor>
          </control>
          <control type="label">
            <left>240</left>
            <right>70</right>
            <top>0</top>
            <bottom>0</bottom>
            <aligny>center</aligny>
            <font>font27</font>
            <textcolor>b3ededed</textcolor>
            <label>$VAR[ListLabelVarExtended]</label>
            <shadowcolor>text_shadow</shadowcolor>
          </control>
          <control type="label">
            <top>0</top>
            <bottom>0</bottom>
            <left>100</left>
            <right>20</right>
            <align>right</align>
            <aligny>center</aligny>
            <font>font12</font>
            <textcolor>b3ededed</textcolor>
            <label>$VAR[ListLabel2Var]</label>
            <animation effect="fade" start="70" end="100" time="300" reversible="false">Focus</animation>
            <shadowcolor>text_shadow</shadowcolor>
          </control>
          <control type="image">
            <left>201</left>
            <centertop>50%</centertop>
            <width>32</width>
            <height>32</height>
            <textcolor>b3ededed</textcolor>
            <texture>$VAR[ListWatchedIconVar]</texture>
            <animation effect="fade" start="30" end="100" time="300" reversible="false">Focus</animation>
          </control>
          <control type="image">
            <left>201</left>
            <centertop>50%</centertop>
            <width>32</width>
            <height>32</height>
            <textcolor>b3ededed</textcolor>
            <texture colordiffuse="$VAR[ColorHighlight]">$VAR[ListWatchedIconVar]</texture>
            <animation effect="fade" start="0" end="100" time="300" reversible="false">Focus</animation>
            <animation effect="fade" time="150">VisibleChange</animation>
            <visible>!Control.HasFocus($PARAM[list_id])</visible>
          </control>
        </focusedlayout>
        <itemlayout height="list_item_height">
          <control type="label">
            <left>130</left>
            <right>70</right>
            <top>0</top>
            <bottom>0</bottom>
            <aligny>center</aligny>
            <scroll>true</scroll>
            <font>font27</font>
            <label>$INFO[ListItem.Year]</label>
            <shadowcolor>text_shadow</shadowcolor>
          </control>
          <control type="label">
            <left>240</left>
            <right>70</right>
            <top>0</top>
            <bottom>0</bottom>
            <aligny>center</aligny>
            <font>font27</font>
            <label>$VAR[ListLabelVarExtended]</label>
            <shadowcolor>text_shadow</shadowcolor>
          </control>
          <control type="label">
            <left>20</left>
            <right>20</right>
            <top>0</top>
            <bottom>0</bottom>
            <align>right</align>
            <aligny>center</aligny>
            <font>font12</font>
            <label>$VAR[ListLabel2Var]</label>
            <textcolor>grey</textcolor>
            <shadowcolor>text_shadow</shadowcolor>
          </control>
          <control type="image">
            <left>201</left>
            <centertop>50%</centertop>
            <width>32</width>
            <height>32</height>
            <texture colordiffuse="grey">$VAR[ListWatchedIconVar]</texture>
          </control>
        </itemlayout>
      </control>
      <include content="Object_Scrollbar_Vert">
        <param name="visible" value="Control.IsVisible(50)" />
        <param name="left" value="0"/>
      </include>
    </definition>
  </include>
  <include name="ListThumbInfoPanel">
    <param name="fallback_image"/>
    <param name="flip_bg">false</param>
    <param name="top">105</param>
    <definition>
      <control type="group">
        <depth>DepthContentPanel</depth>
        <control type="image">
          <left>40</left>
          <top>$PARAM[top]</top>
          <width>520</width>
          <height>770</height>
          <aspectratio scalediffuse="true">keep</aspectratio>
          <fadetime>150</fadetime>
          <texture background="true" diffuse="diffuse/thumbinfopanel-diffuse.png">$VAR[IconWallThumbVar]</texture>
          <bordertexture border="72" colordiffuse="AltPosterBack">common/dark-shadow-24-2.png</bordertexture>
          <bordersize>22</bordersize>
          <visible>!String.IsEqual(ListItem.DbType,episode) + !String.IsEqual(ListItem.DBType,song)</visible>
        </control>
        <control type="image">
          <left>30</left>
          <width>540</width>
          <height>330</height>
          <centertop>50%</centertop>
          <aspectratio scalediffuse="true">keep</aspectratio>
          <fadetime>300</fadetime>
          <texture background="true" diffuse="common/landscape-diffuse.png">$INFO[ListItem.Icon]</texture>
          <bordertexture border="72" colordiffuse="AltPosterBack">common/dark-shadow-24-2.png</bordertexture>
          <bordersize>22</bordersize>
          <visible>String.IsEqual(ListItem.DbType,episode)</visible>
        </control>
        <control type="image">
          <left>30</left>
          <width>540</width>
          <height>330</height>
          <centertop>50%</centertop>
          <aspectratio scalediffuse="true">keep</aspectratio>
          <fadetime>300</fadetime>
          <texture background="true" diffuse="common/landscape-diffuse.png">$INFO[ListItem.Icon]</texture>
          <bordersize>18</bordersize>
          <visible>String.IsEqual(ListItem.DbType,episode)</visible>
        </control>
        <control type="image">
          <left>40</left>
          <top>$PARAM[top]</top>
          <width>520</width>
          <height>770</height>
          <aspectratio scalediffuse="true">keep</aspectratio>
          <fadetime>300</fadetime>
          <texture fallback="DefaultAudio.png" background="true" diffuse="diffuse/thumbinfopanel-diffuse.png">$VAR[IconWallThumbVar]</texture>
          <bordersize>20</bordersize>
          <visible>String.IsEqual(ListItem.DBType,song)</visible>
        </control>
        <control type="group">
          <left>273</left>
          <top>560</top>
          <include condition="Skin.HasSetting(circle_rating) | Skin.HasSetting(circle_userrating)">RatingCircle</include>
          <animation effect="slide" end="0,-140" time="0" condition="String.IsEqual(ListItem.DbType,episode)">conditional</animation>
        </control>
      </control>
    </definition>
  </include>
</includes>
