<?xml version="1.0" encoding="UTF-8"?>
<includes>
  <include name="View_52_IconWall">
    <control type="group">
      <visible>Control.IsVisible(52)</visible>
      <include>OpenClose_Bottom</include>
      <control type="panel" id="52">
        <centerleft>50%</centerleft>
        <top>130</top>
        <width>92%</width>
        <height>88%</height>
        <onleft>SetFocus(9000)</onleft>
        <onright>531</onright>
        <pagecontrol>531</pagecontrol>
        <preloaditems>2</preloaditems>
        <onup>52</onup>
        <ondown>52</ondown>
        <scrolltime tween="cubic" easing="out">500</scrolltime>
        <visible>Container.Content() | Container.Content(tags) | Container.Content(years) | Container.Content(roles) | Container.Content(sources) | Container.Content(genres) | Container.Content(countries) | Container.Content(studios) | Container.Content(playlists) | Container.Content(unknown)</visible>
        <viewtype label="31099">icon</viewtype>
        <include content="View_Forced">
          <param name="string" value="$LOCALIZE[31099]"/>
        </include>
        <itemlayout height="320" width="440">
          <control type="group">
            <top>150</top>
            <control type="image">
              <width>396</width>
              <height>320</height>
              <texture fallback="DefaultStudios.png" background="true" diffuse="diffuse/thumbinfopanel-diffuse.png">$VAR[IconWallThumbVar]</texture>
              <bordertexture border="72" colordiffuse="AltPosterBack">common/dark-shadow-24-2.png</bordertexture>
              <bordersize>22</bordersize>
            </control>
          </control>
        </itemlayout>
        <focusedlayout height="320" width="440">
          <control type="group">
            <depth>DepthContentPopout</depth>
            <top>150</top>
            <control type="image">
              <width>396</width>
              <height>320</height>
              <texture fallback="DefaultStudios.png" background="true" colordiffuse="$VAR[ColorHighlight]" diffuse="diffuse/thumbinfopanel-diffuse.png">$VAR[IconWallThumbVar]</texture>
              <bordertexture border="72" colordiffuse="AltPosterBack">common/dark-shadow-24-2.png</bordertexture>
              <bordersize>22</bordersize>
            </control>
          </control>
        </focusedlayout>
      </control>
      <control type="group">
        <control type="textbox">
          <top>60</top>
          <width>1920</width>
          <height>74</height>
          <font>font_tiny_uppercase</font>
          <label>$INFO[ListItem.Label]</label>
          <align>center</align>
          <aligny>center</aligny>
        </control>
      </control>
    </control>
  </include>
</includes>
