<?xml version="1.0" encoding="UTF-8"?>
<includes>
  <include name="Horizontal_Main">
    <control type="group">
      <visible>!$EXP[infodialog_active]</visible>
      <animation effect="slide" start="0" end="0,-560" time="400" tween="quadratic" condition="Window.IsActive(1140)">Conditional</animation>
      <control type="image">
          <top>3</top>
          <left>238</left>
          <width>92</width>
          <height>92</height>
          <aligny>auto</aligny>
          <texture>special://skin/extras/icons/kodi.png</texture>
      </control>
      <control type="group">
        <control type="image">
          <top>3</top>
          <right>32</right>
          <width>92</width>
          <height>92</height>
          <aspectratio>keep</aspectratio>
          <texture colordiffuse="dialog_fg_70">special://skin/extras/icons/search.png</texture>
        </control>
        <control type="button" id="303">
          <top>0</top>
          <right>152</right>
          <onup>noop</onup>
          <height>95</height>
          <aligny>center</aligny>
          <align>right</align>
          <ondown>3000</ondown>
          <onleft>9000</onleft>
          <onright>9000</onright>
          <font>font27_narrow</font>
          <textcolor>dialog_fg_70</textcolor>
          <label>$LOCALIZE[137]</label>
          <onclick>Skin.Reset(SearchTerm)</onclick>
          <onclick>Skin.SetString(SearchTerm)</onclick>
          <onclick>ActivateWindow(1121)</onclick>
          <focusedcolor>selected</focusedcolor>
          <texturefocus/>
          <texturenofocus/>
        </control>
      </control>
      <control type="group">
        <right>40</right>
        <top>130</top>
        <width>500</width>
        <height>120</height>
        <control type="grouplist">
          <itemgap>30</itemgap>
          <orientation>vertical</orientation>
          <usecontrolcoords>false</usecontrolcoords>
          <control type="label">
            <top>0</top>
            <left>0</left>
            <font>font27_narrow</font>
            <align>right</align>
            <label>$VAR[Horizontal_RightTopbar]</label>
          </control>
          <control type="label">
            <top>0</top>
            <align>right</align>
            <font>font_clock</font>
            <label>$INFO[System.Time]</label>
          </control>
        </control>
        <visible>!Skin.HasSetting(DisableClock)</visible>
      </control>
      <control type="group">
        <control type="image">
          <top>100</top>
          <width>1920</width>
          <height>4</height>
          <texture colordiffuse="selected">common/fancy-line-horizontal.png</texture>
        </control>
        <control type="list" id="9000">
          <width>1100</width>
          <height>180</height>
          <top>0</top>
          <left>300</left>
          <onright>303</onright>
          <ondown>3000</ondown>
          <orientation>horizontal</orientation>
          <include>Flix_Spotlight_ClearProperties_focus</include>
          <scrolltime tween="cubic" easing="out">500</scrolltime>
          <focusedlayout height="95" width="284">
            <control type="group">
              <control type="label">
                <left>84</left>
                <top>0</top>
                <height>95</height>
                <width>300</width>
                <scroll>true</scroll>
                <aligny>center</aligny>
                <align>left</align>
                <font>font_menu</font>
                <textcolor>selected</textcolor>
                <label>$INFO[ListItem.Label]</label>
                <shadowcolor>text_shadow</shadowcolor>
              </control>
              <visible>String.IsEqual(Skin.String(MenuStyle),IconsText) | String.IsEqual(Skin.String(MenuStyle),Text) | String.IsEmpty(Skin.String(MenuStyle))</visible>
              <control type="image">
                <top>99</top>
                <left>0</left>
                <width>284</width>
                <height>4</height>
                <texture colordiffuse="selected">common/fancy-line.png</texture>
              </control>
            </control>
          </focusedlayout>
          <itemlayout height="95" width="284">
            <control type="group">
              <control type="label">
                <left>84</left>
                <top>0</top>
                <height>95</height>
                <width>300</width>
                <scroll>true</scroll>
                <aligny>center</aligny>
                <align>left</align>
                <font>font_menu</font>
                <label>$INFO[ListItem.Label]</label>
                <shadowcolor>text_shadow</shadowcolor>
              </control>
              <visible>String.IsEqual(Skin.String(MenuStyle),IconsText) | String.IsEqual(Skin.String(MenuStyle),Text) | String.IsEmpty(Skin.String(MenuStyle))</visible>
            </control>
          </itemlayout>
          <content>
            <include>skinshortcuts-mainmenu</include>
          </content>
        </control>
      </control>
    </control>
    <control type="group">
      <animation type="Conditional" condition="Window.IsVisible(1140)">
        <effect type="slide" start="0" end="0,560" time="400" tween="quadratic">Conditional</effect>
        <effect type="fade" start="100" end="0" time="400" tween="quadratic">Conditional</effect>
      </animation>
      <control type="group" id="5600">
        <include content="Object_Item_Showcase_Horizontal">
          <param name="clearlogo_top_margin" value="-760" />
          <param name="clearlogo_width" value="400" />
          <param name="title" value="$VAR[Label_Title]"/>
          <param name="title_width" value="880"/>
          <param name="title_visible" value="true" />
          <param name="wrapmultiline_title" value="true" />
          <param name="plot" value="$VAR[Label_PlotTextBoxVar]"/>
          <param name="plot_height" value="155" />
          <param name="top" value="130"/>
          <param name="plot_top" value="160"/>
        </include>
        <control type="group">
          <top>130</top>
          <left>160</left>
          <include content="Object_Info_Line">
            <param name="visible_infoline" value="$PARAM[visible_infoline]" />
          </include>
        </control>
        <visible>!Window.IsVisible(movieinformation) + !Window.IsVisible(pvrguideinfo)</visible>
      </control>
      <animation effect="fade" start="100" end="0" time="200" tween="sine" condition="$EXP[infodialog_active]">Conditional</animation>
      <control type="group" id="2000">
        <animation type="Conditional" condition="Control.IsVisible(20000)" reversible="false">
          <effect type="slide" end="0,20" time="60" tween="sine"/>
          <effect type="slide" end="0,-20" time="180" tween="sine" delay="80"/>
        </animation>
        <animation type="Conditional" condition="Control.IsVisible(20001)" reversible="false">
          <effect type="slide" end="0,-20" time="60" tween="sine"/>
          <effect type="slide" end="0,20" time="180" tween="sine" delay="80"/>
        </animation>
        <include>OpenClose_Right</include>
        <control type="image">
          <bottom>360</bottom>
          <left>-25%</left>
          <width>150%</width>
          <width>1920</width>
          <height>4</height>
          <texture colordiffuse="selected">common/fancy-line-horizontal.png</texture>
          <visible>!$EXP[infodialog_active] + Integer.IsGreater(Container(7502).NumItems,0) + Integer.IsGreater(Container(3000).NumItems,0)</visible>
        </control>
        <control type="image">
          <bottom>-120</bottom>
          <left>-25%</left>
          <width>150%</width>
          <height>480</height>
          <aspectratio>scale</aspectratio>
          <texture colordiffuse="$VAR[AlphaPercentage]">common/overlay.png</texture>
          <visible>!$EXP[infodialog_active] + Integer.IsGreater(Container(7502).NumItems,0) + Integer.IsGreater(Container(3000).NumItems,0)</visible>
        </control>
        <control type="group">
          <top>30</top>
          <left>30</left>
          <include content="WidgetHorizontalLabel">
            <param name="width" value="210" />
          </include>
        </control>
        <control type="group" id="2999">
          <top>520</top>
          <left>150</left>
          <include content="Object_Ratings_Content">
            <param name="directory" value="$INFO[Skin.String(Icons)]"/>
            <param name="align" value="left"/>
            <param name="top" value="0"/>
          </include>
        </control>
        <control type="group">
          <top>520</top>
          <left>150</left>
          <include content="ProgressGradient">
            <param name="id" value="29999"/>
            <param name="top" value="0"/>
            <width>940</width>
            <height>12</height>
            <info>ListItem.Progress</info>
          </include>
          <visible>Integer.IsGreater(Container(3000).NumItems,0) + !Container(3000).IsUpdating</visible>
          <visible>String.StartsWith(ListItem.FolderPath,pvr://)</visible>
        </control>
        <control type="grouplist" id="3000">
          <onup>9000</onup>
          <top>730</top>
          <height>460</height>
          <itemgap>0</itemgap>
          <usecontrolcoords>false</usecontrolcoords>
          <include>skinshortcuts-template-horizontal</include>
        </control>
      </control>
    </control>
  </include>
</includes>
