<?xml version="1.0" encoding="UTF-8"?>
<!-- Foundation -->
<window id="0">
    <defaultcontrol always="false">301</defaultcontrol>

    <onload condition="String.IsEmpty(Window(Home).Property(SkinSplashStarted))">AlarmClock(refocus,SetFocus(301),00:01,silent,false)</onload>
    <onload condition="String.IsEmpty(Window(Home).Property(SkinSplashStarted))">AlarmClock(SkinSplashStarted,SetProperty(SkinSplashStarted,1,home),00:01,silent,false)</onload>

    <onload>RunScript(script.skinshortcuts,type=buildxml&amp;mainmenuID=301&amp;levels=1&amp;group=mainmenu|powermenu|searchmenu)</onload>
    
    <onunload condition="!Control.HasFocus(301) + [Window.Next(VideoFullScreen.xml) | Window.Next(MusicVisualisation.xml)]">SetFocus(301)</onunload>
    <onload condition="Window.Previous(VideoFullScreen.xml) | Window.Previous(MusicVisualisation.xml)">SetFocus(301)</onload>

    <onunload>ClearProperty(TMDbHelper.WidgetContainer,Home)</onunload>
    <onload condition="!Skin.HasSetting(SkinWizard)">ActivateWindow(1151)</onload>
    
    <onload condition="!Skin.HasSetting(DisableBlur)">SetProperty(TMDbHelper.Blur.Fallback,$VAR[Global_Background_Image_NoFanart],Home)</onload>
    <onload condition="Skin.HasSetting(NoFanart) + !Skin.HasSetting(DisableBlur)">SetProperty(TMDbHelper.Blur.SourceImage,Art(fallback),Home)</onload>
    <onload condition="!Skin.HasSetting(NoFanart) + !Skin.HasSetting(DisableBlur)">SetProperty(TMDbHelper.Blur.SourceImage,poster,Home)</onload>
    <onload condition="Skin.HasSetting(DisableBlur)">Skin.Reset(TMDbHelper.EnableBlur)</onload>
    <onload condition="!Skin.HasSetting(DisableBlur)">Skin.SetBool(TMDbHelper.EnableBlur)</onload>

    <!-- Load Basic home menu layout as default if no value is set -->
    <onload condition="![Skin.HasSetting(HomeMultiNetflix) | Skin.HasSetting(HomeMultiNetflixDark) | Skin.HasSetting(HomeMultiVertical) | Skin.HasSetting(HomeMultiHorizontal) | Skin.HasSetting(HomeBasic)]">Skin.SetBool(HomeBasic)</onload>
    <!-- Load monochrome flags if no value is set -->
    <onload condition="String.IsEmpty(Skin.String(Icons))">Skin.SetString(Icons, monochrome)</onload>

    <controls>
        <control type="button" id="6000">
            <description>Weather Jump</description>
            <include>Defs_Hidden_Button</include>
            <onup>301</onup>
            <ondown>301</ondown>
            <onleft>301</onleft>
            <onright>301</onright>
            <onback>301</onback>
            <onclick>ActivateWindow(Weather)</onclick>
        </control>
        <control type="list" id="9989">
            <description>hidden container for widget count</description>
            <posx>-20</posx>
            <posy>-20</posy>
            <width>1</width>
            <height>1</height>
            <visible>true</visible>
            <onup>50</onup>
            <ondown>50</ondown>
            <onleft>50</onleft>
            <onright>50</onright>
            <itemlayout width="1" height="1">
            </itemlayout>
            <focusedlayout height="1" width="1">
            </focusedlayout>
            <content><include>skinshortcuts-submenu-1</include></content>
        </control>
        <control type="list" id="9988">
            <description>hidden container for playlist background</description>
            <posx>-20</posx>
            <posy>-20</posy>
            <width>1</width>
            <height>1</height>
            <visible>true</visible>
            <onup>50</onup>
            <ondown>50</ondown>
            <onleft>50</onleft>
            <onright>50</onright>
            <include content="Defs_AutoScroll">
                <param name="condition" value="true" />
            </include>
            <itemlayout width="1" height="1">
            </itemlayout>
            <focusedlayout height="1" width="1">
            </focusedlayout>
            <content>$INFO[Container(301).ListItem.Property(backgroundPlaylist)]</content>
        </control>

        <control type="group">
            <visible allowhiddenfocus="true">!$EXP[Exp_ShowPlotOverlay]</visible>
            <include>Animation_FadeInOut</include>
            <include condition="Skin.HasSetting(HomeMultiNetflix)">Home_Multi_Netflix</include>
            <include condition="Skin.HasSetting(HomeMultiNetflixDark)">Home_Multi_Netflix_Dark</include>
            <include condition="Skin.HasSetting(HomeMultiVertical)">Home_Multi_Vertical</include>
            <include condition="Skin.HasSetting(HomeMultiHorizontal)">Home_Multi_Horizontal</include>
            <include condition="Skin.HasSetting(HomeBasic)">Home_Simple</include>
        </control>
        <include>Object_PlotOverlay</include>

        <!-- Splash -->
        <control type="image" description="Background">
            <include>Dimensions_Fullscreen</include>
            <texture colordiffuse="Background">common/bg.jpg</texture>
            <visible>String.IsEmpty(Skin.String(StartupPlaylist))</visible>
            <visible>String.IsEmpty(Window(Home).Property(SkinSplashStarted)) | Integer.IsEqual(Container(301).NumItems,0) | Container(301).IsUpdating | Window.IsVisible(1151)</visible>
            <animation effect="fade" start="100" end="0" delay="1000" time="1000" tween="cubic">Hidden</animation>
        </control>
        <control type="label">
            <description>Loading</description>
            <include>Dimensions_Fullscreen</include>
            <align>center</align>
            <aligny>center</aligny>
            <label>Arctic [COLOR=$VAR[ColorHighlight]]Zephyr[/COLOR][COLOR=main_fg_30] 2[/COLOR]</label>
            <font>font_splash</font>
            <textcolor>main_fg_100</textcolor>
            <visible>String.IsEmpty(Window(Home).Property(SkinSplashStarted)) | Integer.IsEqual(Container(301).NumItems,0) | Container(301).IsUpdating | Window.IsVisible(1151)</visible>
            <animation effect="slide" start="0" end="-1600" delay="0" time="1000" tween="cubic">Hidden</animation>
            <visible>String.IsEmpty(Skin.String(StartupPlaylist))</visible>
        </control>
        <control type="label">
            <description>Loading</description>
            <top>150</top>
            <left>370</left>
            <align>center</align>
            <aligny>center</aligny>
            <label>[COLOR=$VAR[ColorHighlight]]Resurrection[/COLOR]</label>
            <font>font_splash</font>
            <textcolor>main_fg_100</textcolor>
            <visible>String.IsEmpty(Window(Home).Property(SkinSplashStarted)) | Integer.IsEqual(Container(301).NumItems,0) | Container(301).IsUpdating | Window.IsVisible(1151)</visible>
            <animation effect="slide" start="0" end="1600" delay="0" time="1000" tween="cubic">Hidden</animation>
            <visible>String.IsEmpty(Skin.String(StartupPlaylist))</visible>
        </control>
        <!-- <control type="label" description="Splash Sublabel">
            <height>60</height>
            <align>center</align>
            <aligny>top</aligny>
            <label>$VAR[Label_Splash]</label>
            <font>font_tiny</font>
            <textcolor>7FFFFFFF</textcolor>
        </control> -->
        <control type="group">
            <top>800</top>
            <visible>String.IsEmpty(Skin.String(StartupPlaylist))</visible>
            <visible>String.IsEmpty(Window(Home).Property(SkinSplashStarted)) | Integer.IsEqual(Container(301).NumItems,0) | Container(301).IsUpdating | Window.IsVisible(1151)</visible>
            <animation effect="fade" start="100" end="0" time="1000" tween="cubic">Hidden</animation>
            <include content="Defs_BusySpinner">
                <param name="label" value="$LOCALIZE[31349]..." />
            </include>
        </control>

    </controls>
</window>
