<?xml version="1.0" encoding="UTF-8"?>
<addon id="skin.cosmic" version="1.0.50" name="Cosmic" provider-name="heppen (nfm886)">
  <requires>
    <import addon="xbmc.gui" version="5.15.0"/>
    <import addon="script.skinshortcuts" version="1.1.5"/>
    <import addon="script.embuary.info" version="2.0.8"/>
    <import addon="plugin.video.themoviedb.helper" version="4.3.0"/>
    <import addon="script.embuary.helper" version="2.0.8"/>
    <import addon="resource.images.studios.white" version="0.0.28"/>
    <import addon="resource.images.studios.coloured" version="0.0.20"/>
    <import addon="resource.images.weathericons.white" version="0.0.6"/>
    <import addon="resource.images.moviegenreicons.transparent" version="0.0.6"/>
    <import addon="resource.images.moviecountryicons.maps" version="0.0.1"/>
  </requires>
  <extension point="xbmc.gui.skin" debugging="false">
    <res width="1920" height="1080" aspect="16:9" default="true" folder="xml"/>
  </extension>
  <extension point="xbmc.addon.metadata">
    <news>1.0.50[CR]Fixed: Hide widget row when PlayTrailersFullScreen option is enabled[CR]Fixed: Lag before sliding Flix Spotlight down when manually trailers are enabled[CR]Added: New Live TV OSD look[CR]Changed: New look of DialogSeekBar for LiveTV[CR]Fixed: Channel logo size in new PRV OSD[CR]Improved: New PVR OSD behavior[CR]1.0.49[CR]Improved: Flix Spotlight animations[CR]Added: Option to play background trailers in fullscreen[CR]Fixed: Increased Animation Widget Slide limit[CR]Fixed: Increased Widget label limit[CR]Fixed: Max height of the widget rows[CR]1.0.48[CR]Fixed: Close Flix Spotlight ondown action[CR]Added: Netflix default entry to searchlist feature[CR]Changed: Default font to Glory, removed Inter and ARIALUNI[CR]1.0.47[CR]Fixed: Background trailers with Flix Spotlight triggered by select[CR]Fixed: Background trailers when Flix Spotlight is disabled[CR]Fixed: ColorsOverlay variable[CR]Fixed: Stop video when exiting 1140 window[CR]Fixed: Buttons in Flix Spotlight[CR]Fixed: Enabled access to hidden menu in PVR Guide[CR]Added: Action button to PVR widget in Flix Spotlight[CR]Improved: Play button in Flix Spotlight[CR]Added: Activate TV Channels and TV Guide buttons to Flix Spotlight in PVR widgets[CR]1.0.46[CR]Added: Flix Spotlight for Classic layout[CR]Fixed: Position of icons in main menu in Classic layout[CR]Changed: Custom_1145_Similar layout to Flix view[CR]Fixed: Clear properties[CR]Fixed: Font size in PVR OSD clock[CR]Fixed: Font size in Seeklabel[CR]Improved: Buttons in Flix Spotlight[CR]Fixed: Play and more episodes buttons in Flix Spotlight[CR]Changed: Label of play button in first level of Flix Spotlight[CR]Improved: Flix Spotlight[CR]Added: Option to Trigger Flix Spotlight on select[CR]Fixed: Temporary fix for manually starting trailer[CR]1.0.45[CR]Fixed: Dont hide showcase option[CR]Added: Plot overlay from Info Dialog[CR]Changed: Custom_1102_TextViewer appearance[CR]Fixed: Flix view info line and selection box visibility[CR]Fixed: Colored overlay in Vertical layout[CR]Added: Early version of Flix Spotlight[CR]Added: Show match percentage even when no IMDb rating[CR]Changed: Match info tag badge colour with highlight colour[CR]Added: Option to Enable/Disable Flix Spotlight[CR]Fixed: Dont enable Flix Spotlight in layouts other than Vertical[CR]Fixed: Broken Info Dialog[CR]Added: Language strings[CR]1.0.44[CR]Fixed: Skinsettings IDs[CR]Fixed: Fonts in buttons in DialogAddonInfo[CR]Added: Option to manually start trailers[CR]1.0.43[CR]Added: Option to disable clearlogo[CR]Fixed: Posters border may disappear with Flixed scrolling[CR]Fixed: Colored overlay in Vertical layout[CR]Updated: Greek translation[CR]Changed: Scrolltime in FileBrowser[CR]Fixed: Posters aspect ratio in some view types[CR]Added: Option to dont hide showcase and to disable notifications about no trailer when trailers play[CR]1.0.42[CR]Added: Early version of Flixed scrolling[CR]Updated: Greek translation[CR]Improved: Colored background[CR]1.0.41[CR]Fixed: Watched indicators in Flix view[CR]1.0.40[CR]Fixed: DialogAddonInfo buttons background position[CR]Added: Option to match colours of image on overlay[CR]Added: New textures[CR]Fixed: Vignette in Vertical layout[CR]Fixed: Skin settings descriptions[CR]Added: Ratings to Flix view[CR]Improved: Flix view[CR]</news>
    <summary lang="en_GB">Simple, lightweight and innovative skin by heppen.</summary>
    <summary lang="pl_PL">Prosta, lekka i innowacyjna skórka autorstwa heppen.</summary>
    <description lang="en_GB">The skin is designed to allow the user to focus on media consumption. It provides many innovative solutions that every movie lover will appreciate.</description>
    <description lang="pl_PL">Skórka została zaprojektowana, aby użytkownik mógł skupić się na konsumpcji mediów. Udostępnia wiele innowacyjnych rozwiązań, które doceni każdy kinoman.</description>
    <platform>all</platform>
    <license>Creative Commons Attribution Non-Commercial Share-Alike 4.0</license>
    <forum>https://forum.kodi.tv/showthread.php?tid=363714</forum>
    <source>https://github.com/nfm886/skin.cosmic</source>
    <assets>
      <icon>resources/icon.png</icon>
      <fanart>resources/fanart.jpg</fanart>
      <screenshot>resources/screenshot-01.jpg</screenshot>
      <screenshot>resources/screenshot-02.jpg</screenshot>
      <screenshot>resources/screenshot-03.jpg</screenshot>
      <screenshot>resources/screenshot-04.jpg</screenshot>
      <screenshot>resources/screenshot-05.jpg</screenshot>
      <screenshot>resources/screenshot-06.jpg</screenshot>
    </assets>
  </extension>
</addon>
