<?xml version="1.0" encoding="UTF-8"?>
<colors>
  <!-- Main -->
  <color name="main_fg_100">ffdedede</color>
  <color name="main_fg_90">e7dedede</color>
  <color name="main_fg_70">b3dedede</color>
  <color name="main_fg_30">4ddedede</color>
  <color name="main_fg_12">1fdedede</color>
  <color name="main_bg_100">ff121212</color>
  <color name="main_bg_90">e7121212</color>
  <color name="main_bg_70">b3121212</color>
  <color name="main_bg_30">4d121212</color>
  <color name="main_bg_12">1f121212</color>
  <!-- Dialogs -->
  <color name="dialog_fg_100">FFededed</color>
  <color name="dialog_fg_70">B3ededed</color>
  <color name="dialog_fg_30">4Dededed</color>
  <color name="dialog_fg_12">1Fededed</color>
  <color name="dialog_bg_100">FF121212</color>
  <color name="dialog_bg_70">B3121212</color>
  <color name="dialog_bg_30">4D121212</color>
  <color name="dialog_bg_12">1F121212</color>
  <!-- Background -->
  <color name="HomePanel">e7121212</color>
  <color name="Background">ff212121</color>
  <color name="PosterBack">ff454545</color>
  <color name="AltPosterBack">1fdedede</color>
  <!-- Panels -->
  <color name="panel_bg">c5000000</color>
  <color name="panel_fg_100">FFededed</color>
  <color name="panel_fg_70">B3ededed</color>
  <color name="panel_fg_30">4Dededed</color>
  <color name="panel_fg_12">1Fededed</color>
  <!-- Highlight -->
  <color name="Highlight">ff1561df</color>
  <color name="Gradient">ff15b88e</color>
  <color name="selected">ffffffff</color>
  <!-- Shadows -->
  <color name="shadow">55ffffff</color>
  <!-- Old references... -->
  <color name="invalid">FFFF0000</color>
  <color name="text_color">ff606060</color>
  <color name="text_shadow">22000000</color>
</colors>
