<?xml version="1.0" encoding="UTF-8"?>
<includes>
  <include name="View_53_Shift">
    <control type="group">
      <top>50</top>
      <centerleft>50%</centerleft>
      <height>155</height>
      <width>400</width>
      <visible>Control.IsVisible(53)</visible>
      <control type="image">
        <top>0</top>
        <height>155</height>
        <aspectratio>keep</aspectratio>
        <texture background="true">$VAR[Image_ClearLogo]</texture>
        <visible>[!String.IsEmpty(ListItem.Art(clearlogo)) | !String.IsEmpty(ListItem.Art(tvshow.clearlogo)) | !String.IsEmpty(ListItem.Art(clearlogo))] + !Skin.HasSetting(DisableClearlogo)</visible>
      </control>
    </control>
    <control type="group">
      <description>Poster Viewtype</description>
      <centertop>50%</centertop>
      <left>0</left>
      <height>880</height>
      <control type="group">
        <visible>Control.IsVisible(53)</visible>
        <width>1920</width>
        <animation effect="fade" start="0" end="100" time="300">WindowOpen</animation>
        <animation effect="fade" start="100" end="0" time="300">WindowClose</animation>
        <animation effect="fade" time="200">VisibleChange</animation>
        <control type="image">
          <left>0</left>
          <top>860</top>
          <width>100%</width>
          <height>110</height>
          <texture colordiffuse="AltPosterBack">common/white.png</texture>
        </control>
        <control type="image">
          <left>0</left>
          <top>135</top>
          <width>100%</width>
          <height>190</height>
          <texture colordiffuse="AltPosterBack">common/white.png</texture>
        </control>
      </control>
      <control type="group">
        <visible>Control.IsVisible(53)</visible>
        <include>Visible_Right</include>
        <include>OpenClose_Bottom</include>
        <top>260</top>
        <control type="image">
          <left>510</left>
          <top>600</top>
          <width>280</width>
          <height>110</height>
          <visible>Control.IsVisible(53)</visible>
          <animation effect="fade" time="200">VisibleChange</animation>
          <texture colordiffuse="$VAR[ColorHighlight]">common/white.png</texture>
          <animation effect="slide" start="0,0" end="-364,0" time="300" tween="sine" easing="inout" condition="Integer.IsEqual(Container.Position,1) | Integer.IsEqual(Container.Position,0)">Conditional</animation>
          <animation effect="slide" start="0,0" end="-364,0" time="300" tween="sine" easing="inout" condition="Integer.IsEqual(Container.Position,0)">Conditional</animation>
          <animation effect="slide" start="0,0" end="364,0" time="300" tween="sine" easing="inout" condition="Integer.IsEqual(Container.Position,3) | Integer.IsEqual(Container.Position,4)">Conditional</animation>
          <animation effect="slide" start="0,0" end="364,0" time="300" tween="sine" easing="inout" condition="Integer.IsEqual(Container.Position,4)">Conditional</animation>
        </control>
        <control type="fixedlist" id="53">
          <left>-150</left>
          <top>0</top>
          <width>111%</width>
          <height>695</height>
          <focusposition>1</focusposition>
          <movement>0</movement>
          <pagecontrol>62</pagecontrol>
          <scrolltime tween="cubic" easing="out">500</scrolltime>
          <orientation>horizontal</orientation>
          <visible>Container.Content(movies) | Container.Content(sets) | Container.Content(tvshows) | Container.Content(seasons) | Container.Content(musicvideos) | Container.Content(artists) | Container.Content(albums) |						Container.Content(mixed) | Container.Content(images) | Container.Content(videos) | Container.Content(games)</visible>
          <onleft>53</onleft>
          <ondown>SetFocus(9000)</ondown>
          <onup>62</onup>
          <onright>53</onright>
          <preloaditems>1</preloaditems>
          <viewtype label="31100">icon</viewtype>
          <include content="View_Forced">
            <param name="string" value="$LOCALIZE[31100]"/>
          </include>
          <focusedlayout height="382.5" width="280" condition="Container.Content(videos) | Container.Content(movies) | Container.Content(sets) | Container.Content(tvshows) | Container.Content(seasons) | Container.Content(episodes) | [Container.Content(musicvideos) + Skin.HasSetting(show_musicvideoposter)]">
            <control type="group">
              <left>0</left>
              <top>140</top>
              <width>280</width>
              <height>480</height>
              <include content="View_56_Posters_Layout">
                <param name="WallWatchedIconVar_visible" value="false"/>
              </include>
            </control>
            <control type="textbox">
              <left>20</left>
              <top>603</top>
              <width>260</width>
              <height>105</height>
              <align>center</align>
              <aligny>center</aligny>
              <font>font_tiny_uppercase</font>
              <label>$INFO[ListItem.Label]</label>
            </control>
          </focusedlayout>
          <itemlayout height="382.5" width="280" condition="Container.Content(videos) | Container.Content(movies) | Container.Content(sets) | Container.Content(tvshows) | Container.Content(seasons) | Container.Content(episodes) | [Container.Content(musicvideos) + Skin.HasSetting(show_musicvideoposter)]">
            <control type="group">
              <left>0</left>
              <top>140</top>
              <width>280</width>
              <height>480</height>
              <include content="View_56_Posters_Layout">
                <param name="WallWatchedIconVar_visible" value="false"/>
              </include>
            </control>
            <control type="textbox">
              <left>20</left>
              <top>603</top>
              <width>260</width>
              <height>105</height>
              <align>center</align>
              <aligny>center</aligny>
              <font>font_tiny_uppercase</font>
              <label>$INFO[ListItem.Label]</label>
            </control>
          </itemlayout>
        </control>
      </control>
      <control type="group">
        <visible>Control.IsVisible(53)</visible>
        <include>Visible_Right</include>
        <include>OpenClose_Bottom</include>
        <top>100</top>
        <control type="group">
          <width>50%</width>
          <include content="ShiftTextbox">
            <param name="textbox_id" value="53200"/>
            <param name="font" value="font_tiny_uppercase"/>
            <param name="textbox_content" value="$VAR[ShiftLeftTextBoxVar]"/>
          </include>
        </control>
        <control type="group">
          <left>50%</left>
          <width>50%</width>
          <include content="ShiftTextbox">
            <param name="textbox_id" value="52800"/>
            <param name="font" value="font_small_defaults"/>
            <param name="textbox_content" value="$VAR[ShiftRightTextBoxVar]"/>
          </include>
        </control>
        <control type="panel">
          <left>20</left>
          <top>48</top>
          <width>1880</width>
          <height>180</height>
          <orientation>horizontal</orientation>
          <visible>ListItem.IsCollection</visible>
          <animation effect="fade" time="200">VisibleChange</animation>
          <focusedlayout height="40" width="628">
            <control type="label">
              <textoffsetx>10</textoffsetx>
              <height>40</height>
              <width>628</width>
              <aligny>center</aligny>
              <label>$INFO[ListItem.Year][COLOR $VAR[ColorHighlight]]  -  [/COLOR]$INFO[ListItem.Title]</label>
              <shadowcolor>text_shadow</shadowcolor>
            </control>
          </focusedlayout>
          <itemlayout height="40" width="628">
            <control type="label">
              <textoffsetx>10</textoffsetx>
              <height>40</height>
              <width>628</width>
              <aligny>center</aligny>
              <label>$INFO[ListItem.Year][COLOR $VAR[ColorHighlight]]  -  [/COLOR]$INFO[ListItem.Title]</label>
              <shadowcolor>text_shadow</shadowcolor>
            </control>
          </itemlayout>
          <content sortby="year" sortorder="ascending">$VAR[InfoListPathVar]</content>
        </control>
      </control>
      <include content="Object_Scrollbar_Horz">
        <param name="visible" value="Control.IsVisible(53)" />
        <param name="bottom" value="920"/>
      </include>
    </control>
  </include>
  <include name="ShiftTextbox">
    <control type="group">
      <animation effect="fade" time="200" start="0" end="100" condition="!String.IsEmpty(Control.GetLabel($PARAM[textbox_id]))">Conditional</animation>
      <animation effect="fade" time="200" start="100" end="0" condition="String.IsEmpty(Control.GetLabel($PARAM[textbox_id]))">Conditional</animation>
      <control type="textbox" id="$PARAM[textbox_id]">
        <left>30</left>
        <top>45</top>
        <right>30</right>
        <height>156</height>
        <font>$PARAM[font]</font>
        <autoscroll delay="7000" time="3500" repeat="10000">Skin.HasSetting(autoscroll)</autoscroll>
        <label>$PARAM[textbox_content]</label>
      </control>
    </control>
  </include>
</includes>
