<?xml version="1.0" encoding="UTF-8"?>
<includes>
    <include name="View_Settings">
        <control type="panel" id="5001">
            <left>0</left>
            <width>100%</width>
            <top>120</top>
            <height>300</height>
            <onup>noop</onup>
            <onleft condition="Window.IsVisible(Home)">9000</onleft>
            <onback condition="Window.IsVisible(Home)">9000</onback>
            <ondown>Control.SetFocus(5002,$INFO[Container(5001).Position],absolute)</ondown>
            <include>SettingsPanel</include>
            <include>Items_Settings_System</include>
        </control>
        <control type="panel" id="5002">
            <left>0</left>
            <right>0</right>
            <top>470</top>
            <bottom>0</bottom>
            <onleft condition="Window.IsVisible(Home)">9000</onleft>
            <onback condition="Window.IsVisible(Home)">9000</onback>
            <onup>Control.SetFocus(5001,$INFO[Container(5002).Position],absolute)</onup>
            <ondown>noop</ondown>
            <include>SettingsPanel</include>
            <include>Items_Settings_Main</include>
        </control>
    </include>
    <include name="View_Weather">
        <control type="grouplist" id="2000">
            <orientation>vertical</orientation>
            <top>60</top>
            <height>100%</height>
            <left>0</left>
            <ondown>20001</ondown>
            <usecontrolcoords>true</usecontrolcoords>
            <animation type="Conditional" condition="Control.IsVisible(20000)" reversible="false">
                <effect type="slide" end="0,20" time="60" tween="sine" />
                <effect type="slide" end="0,-20" time="180" tween="sine" delay="80" />
            </animation>
            <animation type="Conditional" condition="Control.IsVisible(20001)" reversible="false">
                <effect type="slide" end="0,-20" time="60" tween="sine" />
                <effect type="slide" end="0,20" time="180" tween="sine" delay="80" />
            </animation>
            <scrolltime tween="cubic" easing="out">500</scrolltime>
            <include>OpenClose_Right</include>
            <itemgap>-160</itemgap>
            <control type="group" id="567">
                <description>Weather info</description>
                <height>410</height>
                <left>22</left>
                <control type="image">
                    <left>2.5%</left>
                    <top>100</top>
                    <width>95%</width>
                    <height>220</height>
                    <texture colordiffuse="AltPosterBack">diffuse/poster-wall.png</texture>
                    <bordertexture border="21">overlays/shadow.png</bordertexture>
                    <bordersize>20</bordersize>
                </control>
                <control type="label">
                    <top>310</top>
                    <left>10%</left>
                    <width>80%</width>
                    <align>center</align>
                    <height>44</height>
                    <shadowcolor>text_shadow</shadowcolor>
                    <label>$LOCALIZE[31154]</label>
                    <visible>Control.HasFocus(2001)</visible>
                    <animation effect="fade" time="400">VisibleChange</animation>
                </control>
                <control type="button" id="2001">
                    <left>2.5%</left>
                    <top>100</top>
                    <width>95%</width>
                    <height>220</height>
                    <align>center</align>
                    <aligny>center</aligny>
                    <textoffsetx>40</textoffsetx>
                    <textoffsety>0</textoffsety>
                    <texture colordiffuse="AltPosterBack">diffuse/poster-wall.png</texture>
                    <texturenofocus />
                    <onup>20000</onup>
                    <ondown>15100</ondown>
                    <font>font12</font>
                    <onclick>Weather.LocationNext</onclick>
                    <label></label>
                </control>
                <control type="label">
                    <right>100</right>
                    <top>194</top>
                    <aligny>center</aligny>
                    <height>24</height>
                    <width>500</width>
                    <align>right</align>
                    <font>WeatherTemp</font>
                    <label>$INFO[Weather.Temperature]</label>
                </control>
                <control type="label">
                    <right>400</right>
                    <top>164</top>
                    <align>right</align>
                    <label>[I]$LOCALIZE[402]: $INFO[Window(weather).Property(Current.FeelsLike)]$INFO[System.TemperatureUnits][/I][CR]$INFO[Weather.Conditions]</label>
                    <font>font14</font>
                    <width>630</width>
                </control>
                <control type="grouplist">
                    <top>154</top>
                    <left>90</left>
                    <right>800</right>
                    <align>justify</align>
                    <orientation>horizontal</orientation>
                    <include content="WeatherIconMyWeather">
                        <param name="label" value="Window(weather).Property(Current.Wind)" />
                        <param name="texture" value="icons/weather/wind.png" />
                        <param name="header" value="$LOCALIZE[404]" />
                    </include>
                    <include content="WeatherIconMyWeather">
                        <param name="label" value="Window(weather).Property(Current.Humidity)" />
                        <param name="texture" value="icons/weather/humidity.png" />
                        <param name="header" value="$LOCALIZE[406]" />
                    </include>
                    <include content="WeatherIconMyWeather">
                        <param name="label" value="Window(weather).Property(Current.Precipitation)" />
                        <param name="texture" value="icons/weather/rain.png" />
                        <param name="header" value="$LOCALIZE[33021]" />
                    </include>
                    <include content="WeatherIconMyWeather">
                        <param name="label" value="Window(weather).Property(Today.Sunrise)" />
                        <param name="texture" value="icons/weather/sunrise.png" />
                        <param name="header" value="$LOCALIZE[405]" />
                    </include>
                    <include content="WeatherIconMyWeather">
                        <param name="label" value="Window(weather).Property(Today.Sunset)" />
                        <param name="texture" value="icons/weather/sunset.png" />
                        <param name="header" value="$LOCALIZE[403]" />
                    </include>
                </control>
            </control>
            <include content="WeatherWidget">
                <param name="content_include" value="DailyItems" />
                <param name="list_id" value="15100" />
                <param name="widget_header" value="$LOCALIZE[31019]" />
                <param name="visible" value="!String.IsEmpty(Window(weather).Property(Daily.IsFetched))" />
                <param name="width" value="258" />
            </include>
            <include content="WeatherWidget">
                <param name="content_include" value="HourlyItems" />
                <param name="list_id" value="15200" />
                <param name="widget_header" value="$LOCALIZE[33036]" />
                <param name="visible" value="!String.IsEmpty(Window(weather).Property(Hourly.IsFetched))" />
                <param name="width" value="258" />
            </include>
            <include content="WeatherMapItem">
                <param name="item_id" value="1" />
                <param name="onup_id" value="15200" />
                <param name="ondown_id" value="70020" />
            </include>
            <include content="WeatherMapItem">
                <param name="item_id" value="2" />
                <param name="onup_id" value="70010" />
                <param name="ondown_id" value="70030" />
            </include>
            <include content="WeatherMapItem">
                <param name="item_id" value="3" />
                <param name="onup_id" value="70020" />
                <param name="ondown_id" value="70040" />
            </include>
            <include content="WeatherMapItem">
                <param name="item_id" value="4" />
                <param name="onup_id" value="70030" />
                <param name="ondown_id" value="70050" />
            </include>
            <include content="WeatherMapItem">
                <param name="item_id" value="5" />
                <param name="onup_id" value="70040" />
                <param name="ondown_id" value="20001" />
            </include>
        </control>
        <include content="TopBar">
            <param name="breadcrumbs_label" value="$INFO[Window(Weather).Property(Location)]" />
            <param name="left" value="$PARAM[left]" />
            <param name="topbar_visible" value="$PARAM[topbar_visible]" />
        </include>
        <!-- <include>BottomBar</include> -->
    </include>
    <include name="View_WatchedOverlay">
        <param name="corner_top" default="8" />
        <param name="corner_right" default="18" />
        <param name="image_top" default="8" />
        <param name="image_right" default="18" />
        <param name="label_top" default="8" />
        <param name="label_right" default="18" />
        <definition>
            <control type="group">
                <visible>!Skin.HasSetting(DisableWatchedOverlay)</visible>
                <control type="image">
                    <top>$PARAM[corner_top]</top>
                    <right>$PARAM[corner_right]</right>
                    <width>48</width>
                    <height>48</height>
                    <texture colordiffuse="ff000000" border="10">$VAR[Image_Overlay_Corner]</texture>
                </control>
                <control type="image">
                    <top>$PARAM[image_top]</top>
                    <right>$PARAM[image_right]</right>
                    <width>24</width>
                    <height>24</height>
                    <texture colordiffuse="ffffffff">$VAR[Image_Overlay]</texture>
                    <visible>!Integer.IsGreater(ListItem.Property(UnWatchedEpisodes),0) | ![String.IsEqual(ListItem.DBType,tvshow) | String.IsEqual(ListItem.DBType,season)]</visible>
                </control>
                <control type="label">
                    <top>$PARAM[label_top]</top>
                    <right>$PARAM[label_right]</right>
                    <width>28</width>
                    <height>28</height>
                    <font>font10</font>
                    <align>center</align>
                    <textcolor>ffededed</textcolor>
                    <label>$INFO[ListItem.Property(UnWatchedEpisodes)]</label>
                    <include>View_UnwatchedEpisodes_Visible</include>
                    <visible>!Skin.HasSetting(DisableIndicator.Episodes)</visible>
                </control>
            </control>
        </definition>
    </include>
</includes>