<?xml version="1.0" encoding="utf-8"?>
<window>
	<zorder>4</zorder>
	<controls>
		<control type="group">
			<visible>!Window.IsActive(startup) + !Window.IsActive(GameVolume)</visible>
			<centerleft>50%</centerleft>
			<width>112</width>
			<top>0</top>
			<animation effect="fade" start="100" end="0" time="200" delay="1000" condition="Player.Muted">Conditional</animation>
			<animation effect="fade" start="0" end="100" time="150">WindowOpen</animation>
			<animation effect="fade" start="100" end="0" time="150">WindowClose</animation>
			<control type="group">
				<width>620</width>
				<height>64</height>
				<top>767</top>
				<left>-780</left>
				<control type="image">
					<texture border="5">common/box.png</texture>
				</control>
				<animation effect="rotate" end="90" center="90" time="200" condition="Control.IsVisible(29999)">Conditional</animation>
			</control>
			<include content="ProgressGradient">
				<param name="id" value="29999" />
				<param name="top" value="788" />
				<top>788</top>
				<left>-710</left>
				<height>22</height>
				<width>480</width>
				<info>Player.Volume</info>
				<animation effect="rotate" end="90" center="90" time="200" condition="Control.IsVisible(29999)">Conditional</animation>
			</include>
			<control type="image">
				<left>870</left>
				<top>260</top>
				<width>40</width>
				<height>40</height>
				<texture colordiffuse="$VAR[ColorHighlight]">$VAR[VolumeIconVar]</texture>
			</control>
			<control type="label">
				<left>855</left>
				<top>815</top>
				<width>64</width>
				<font>font13</font>
				<align>center</align>
				<textcolor>$VAR[ColorHighlight]</textcolor>
				<label>$INFO[Control.GetLabel(29999)]</label>
			</control>
		</control>
	</controls>
</window>
