﻿<?xml version="1.0" encoding="UTF-8"?>
<addon id="plugin.video.viaplay" version="2.3.4" name="Viaplay" provider-name="emilsvennesson, mariusz89b, heppen-dev, zuzia-dev">
   <requires>
      <import addon="script.module.requests" version="2.9.1" />
      <import addon="script.module.iso8601" version="0.1.11" />
      <import addon="script.module.inputstreamhelper" version="0.3.3" />
      <import addon="script.module.routing" version="0.2.0" />
   </requires>
   <extension point="xbmc.python.pluginsource" library="default.py">
      <provides>video</provides>
   </extension>
   <extension point="xbmc.addon.metadata">
      <description lang="da_DK">Se indhold fra Viaplay.</description>
      <description lang="en_GB">Watch content from Viaplay.</description>
      <description lang="fi_FI">Katso sisältöä Viaplay.</description>
      <description lang="nb_NO">Se innhold fra Viaplay.</description>
      <description lang="sv_SE">Titta på innehåll från Viaplay.</description>
      <description lang="nl_NL">Bekijk de inhoud van Viaplay.</description>
	  <description lang="pl_PL">Oglądaj treści z Viaplay.</description>
	  <description lang="lt_LT">Žiūrėkite turinį iš Viaplay.</description>
      <news>2022.04.09 v2.3.4[CR]+ Added more informations and quality info to description @zuzia-dev[CR]2022.04.05 v2.3.3[CR]+ Fixed live tv channels and popular sports in .se @heppen-dev[CR]2022.03.27 v2.3.2[CR]+ Fixed sports series event listing @heppen-dev[CR]2022.03.24 v2.3.1[CR]+ Add NL country support[CR]+ Fixed popular sport tiles[CR]2022.02.17 v2.3.0[CR]+ Added search history function[CR][CR]2022.02.16 v2.2.9[CR]+ Sport category fix[CR][CR]2022.01.28 v2.2.8[CR]+ Kids category updates[CR][CR]2022.01.27 v2.2.7[CR]+ Fixed logout[CR][CR]2022.01.27 v2.2.6[CR]+ Fixed login error[CR][CR]2022.01.25 v2.2.5[CR]+ Fixes[CR][CR]2022.01.23 v2.2.4[CR]+ Fixed external authorization[CR][CR]2021.11.09 v2.2.3[CR]+ Added viaplay.lt[CR][CR]2021.10.24 v2.2.2[CR]+ Fixed plot[CR][CR]2021.10.06 v2.2.1[CR]+ Fixed category sport matches abbreviations[CR][CR]2021.09.29 v2.2.0[CR]+ Fixed subtitles[CR][CR]2021.09.27 v2.1.9[CR]+ Fixed product categories[CR][CR]2021.08.17 v2.1.8[CR]+ Fixed html import error[CR][CR]2021.08.11 v2.1.7[CR]+ Fixed M3U playlist generator[CR][CR]2021.08.09 v2.1.6[CR]+ Added M3U playlist generator[CR][CR]2021.08.08 v2.1.5[CR]+ Added setting "Hide previously aired Live-Tv programmes"[CR][CR]2021.08.07 v2.1.4[CR]+ Added watched and purchased categories for viaplay.pl[CR]+ Fixed category error[CR][CR]2021.08.05 v.2.1.3[CR]+ Added viaplay.pl
      </news>
      <platform>all</platform>
      <language>sv dk no fi en pl lt nl</language>
      <license>GNU GENERAL PUBLIC LICENSE. Version 3, 29 June 2007</license>
      <source>https://github.com/emilsvennesson/kodi-viaplay</source>
      <forum>http://forum.kodi.tv/showthread.php?tid=286387</forum>
      <disclaimer>This add-on requires you to have a subscription to Viaplay.[CR]This add-on is completely unofficial and is not endorsed by Viaplay in any way.</disclaimer>
      <assets>
         <icon>resources/art/icon.png</icon>
         <fanart>resources/art/fanart.jpg</fanart>
      </assets>
   </extension>
</addon>
