<?xml version="1.0" encoding="UTF-8"?>
<addon id="skin.arctic.zephyr.2.heppen.mod" name="Arctic Zephyr 2 Mod (heppen)" provider-name="jurialmunkey, pkscout, nfm886" version="0.2.0">
    <requires>
        <import addon="xbmc.gui" version="5.15.0" />
        <import addon="script.skinshortcuts" version="1.1.1" />
        <import addon="script.artistslideshow" version="3.3.1+matrix.1" />
        <import addon="script.image.resource.select" version="3.0.2" /> <!-- not this -->
        <import addon="plugin.program.autocompletion" version="2.0.0" />
        <import addon="script.embuary.info" version="0.0.1"/>
        <import addon="script.embuary.helper" version="1.2.14"/>
        <import addon="plugin.video.themoviedb.helper" version="2.4.36" />
        <import addon="resource.images.studios.white" version="0.0.24" />
        <import addon="resource.images.moviegenreicons.transparent" version="0.0.6" />
        <import addon="resource.images.weathericons.outline-hd" version="0.0.3" />
        <import addon="resource.images.weathericons.white" version="0.0.6" />
        <import addon="resource.images.moviecountryicons.maps" version="0.0.1" />
    </requires>
    <extension debugging="false" defaultthemename="Textures.xbt" effectslowdown="1" point="xbmc.gui.skin">
        <res aspect="16:9" default="true" folder="1080i" height="1080" width="1920" />
    </extension>
    <extension point="xbmc.addon.metadata">
        <news>
    0.2.0
        - fix for artist slideshow in MusicVisualisation.xml view
    0.1.9
        - added small busy spinner for reloading widgets
    0.1.8
        - small fixes
    0.1.7
        - filled debugging settings with image and description
    0.1.6
        - some fixes for new section in settings page
    0.1.5
        - moved debugging button to new section
        - added new section to settings page
        - added button to easy turning on/off debugging info
    0.1.4
        - little changes in LiveTV OSD
    0.1.3
        - temporary fix for youtube videos from DialogVideoInfo
    0.1.2
        - enabled minimal busy loader for Home view
    0.1.1
        - small fix for Includes_DialogVideoInfo
    0.1.0
        - changed branding

        </news>
        <summary lang="de">Klar, minimalistisch, elegant, einfach, leicht</summary>
        <summary lang="en">Clean, minimal, elegant, simple, light.</summary>
        <summary lang="en_AU">Clean, minimal, elegant, simple, light.</summary>
        <summary lang="en_US">Clean, minimal, elegant, simple, light.</summary>
        <summary lang="es">Limpio, minimalista, elegante, simple, ligero.</summary>
        <summary lang="fr">Clair, minimaliste, élégant, simple et léger.</summary>
        <summary lang="fr_CA">Net, minimal, élégant, simple, léger.</summary>
        <summary lang="it">Pulita, minimale, elegante, semplice, leggera.</summary>
        <summary lang="lt">Švari, minimali, elegantiška, paprasta, lengva.</summary>
        <summary lang="nl">Schoon, minimaal, elegant, simpel, licht.</summary>
        <summary lang="no">Rent, minimalt, elegant, enkelt, lett.</summary>
        <summary lang="pl">Prosta, minimalistyczna, elegancka i lekka.</summary>
        <summary lang="pt_BR">Limpa, simplista, elegante, leve.</summary>
        <summary lang="ro">Curat, minimalist, elegant, simplu, ușor</summary>
        <summary lang="ru">Опрятный, минималистичный, элегантный, простой, светлый.</summary>
        
        <description lang="en">This is a light mod of Arctic Zephyr 2 by heppen. Arctic Zephyr 2 is a minimalistic skin created by jurialmunkey and moded to work with Kodi 19 Matrix by pkscout. The skin is designed to be simple so that the user can focus on their media content. In addition to the default light colour scheme, the skin also includes a number of darker variations.</description>
        <description lang="pl">Jasna modyfikacja skórki Arctic Zephyr 2 edytowana przez heppena. Arctic Zephyr 2 jest minimalistyczną i prostą skórką stworzoną przez jurialmunkey, przystosowana do działania z Kodi 19 Matrix przez pkscout. Została zaprojektowana tak, żeby użytkownik mógł skupić się na tym co najważniejsze, czyli konsumpcji mediów. W opozycji do jasnej wariacji, skrórka zawiera także wiele ciemnych wariacji.</description>
        <platform>all</platform>
        <license>Creative Commons Attribution Non-Commercial Share-Alike 4.0</license>
        <forum />
        <source />
        <assets>
            <icon>icon.png</icon>
            <fanart>fanart.jpg</fanart>
            <screenshot>resources/screenshot-01.jpg</screenshot>
            <screenshot>resources/screenshot-02.jpg</screenshot>
            <screenshot>resources/screenshot-03.jpg</screenshot>
            <screenshot>resources/screenshot-04.jpg</screenshot>
            <screenshot>resources/screenshot-05.jpg</screenshot>
            <screenshot>resources/screenshot-06.jpg</screenshot>
        </assets>
    </extension>
</addon>
