<?xml version="1.0" encoding="UTF-8"?>
<window id="2003">
    <defaultcontrol always="true">300</defaultcontrol>
    <onload>ClearProperty(FilePath,home)</onload>
    <onload>ClearProperty(Header_Left_Text)</onload>
    <onload>ClearProperty(Header_Center_Text)</onload>
    <onload>ClearProperty(OSD_Menu,Home)</onload>
    <onunload>ClearProperty(FilePath,home)</onunload>
    <onunload>ClearProperty(OSD_Menu,Home)</onunload>
    <controls>

        <!-- Top Info -->
        <control type="group">
            <animation effect="fade" condition="Window.IsVisible(Home.xml)" time="1" delay="350" start="0" end="100">WindowOpen</animation>
            <include content="Topbar">
                <param name="info_hide" value="false" />
            </include>
        </control>

        <!-- Main Group -->
        <include condition="!String.IsEqual(ListItem.DBType,musicvideo) + !String.Contains(ListItem.FolderPath,type=person)">DialogVideoInfo</include>
        <include condition="!String.IsEqual(ListItem.DBType,musicvideo) + String.Contains(ListItem.FolderPath,type=person)">DialogPersonInfo</include>
        <include condition="String.IsEqual(ListItem.DBType,musicvideo)">DialogMusicInfo</include>

        <control type="group">
            <include>Global_Overlay</include>
            <visible>Control.HasFocus(8111)</visible>
        </control>
        <include content="OSD_Menu_List">
            <param name="id" value="8111" />
            <param name="osd_id" value="300" />
            <param name="content" value="Items_Info_Manage" />
            <param name="label" value="Manage" />
            <param name="height" value="265" />
        </include>
        <control type="button" id="6">
            <include>Defs_Hidden_Button</include>
        </control>
        <control type="button" id="10">
            <include>Defs_Hidden_Button</include>
        </control>

    </controls>
</window>
