<?xml version="1.0" encoding="UTF-8"?>
<includes>
  <include name="View_510_Flix">
    <control type="group">
      <include>OpenClose_Right</include>
      <visible>Control.IsVisible(510)</visible>
      <include>Visible_Right</include>
      <control type="grouplist">
        <left>1500</left>
        <orientation>vertical</orientation>
        <itemgap>30</itemgap>
        <usecontrolcoords>true</usecontrolcoords>
        <control type="label">
          <top>35</top>
          <right>75</right>
          <font>font_clock</font>
          <align>right</align>
          <label>$INFO[System.Time]</label>
          <visible>!$EXP[infodialog_active]</visible>
        </control>
        <control type="label">
          <top>35</top>
          <right>75</right>
          <align>right</align>
          <font>font_clock</font>
          <label>[UPPERCASE]$VAR[BreadcrumbsVideoVar][/UPPERCASE]</label>
          <visible>!$EXP[infodialog_active]</visible>
        </control>
        <visible>!Skin.HasSetting(DisableClock)</visible>
      </control>
      <control type="group" id="5600">
        <include content="Object_Item_Showcase">
          <param name="title" value="$VAR[Label_Title]"/>
          <param name="title_width" value="1200" />
          <param name="plot" value="$VAR[Label_PlotTextBoxVar]"/>
        </include>
        <visible>!$EXP[infodialog_active]</visible>
      </control>
      <control type="list" id="510">
        <top>610</top>
        <scrolltime tween="cubic" easing="out">500</scrolltime>
        <orientation>horizontal</orientation>
        <onleft>9000</onleft>
        <onup>9000</onup>
        <ondown>511</ondown>
        <pagecontrol>511</pagecontrol>
        <viewtype label="$LOCALIZE[31392]">icon</viewtype>
        <include content="View_Forced">
          <param name="string" value="$LOCALIZE[31392]"/>
        </include>
        <focusedlayout height="382.5" width="270" condition="Container.Content(videos) | Container.Content(movies) | Container.Content(sets) | Container.Content(tvshows) | Container.Content(seasons) | Container.Content(episodes) | [Container.Content(musicvideos) + Skin.HasSetting(show_musicvideoposter)]">
          <control type="group">
            <include content="View_56_Posters_Layout">
              <param name="WallWatchedIconVar_visible" value="false"/>
            </include>
            <include content="Selectbox">
              <param name="pad_top_b" value="-13"/>
              <param name="pad_bottom_b" value="-10"/>
              <param name="pad_left_b" value="17"/>
              <param name="pad_right_b" value="-32"/>
              <param name="pad_top_t" value="-8"/>
              <param name="pad_bottom_t" value="20"/>
              <param name="pad_left_t" value="17"/>
              <param name="pad_right_t" value="14"/>
              <param name="visible_posters" value="true"/>
              <param name="visible_squares" value="false"/>
              <param name="visible_landscapes" value="false"/>
            </include>
            <include content="View_WatchedOverlay">
              <param name="bottom" value="-12"/>
              <param name="right" value="20"/>
              <param name="visible" value="true"/>
            </include>
          </control>
        </focusedlayout>
        <itemlayout height="382.5" width="270" condition="Container.Content(videos) | Container.Content(movies) | Container.Content(sets) | Container.Content(tvshows) | Container.Content(seasons) | Container.Content(episodes) | [Container.Content(musicvideos) + Skin.HasSetting(show_musicvideoposter)]">
          <control type="group">
            <include content="View_56_Posters_Layout">
              <param name="WallWatchedIconVar_visible" value="false"/>
            </include>
            <include content="View_WatchedOverlay">
              <param name="bottom" value="-12"/>
              <param name="right" value="20"/>
              <param name="visible" value="false"/>
            </include>
          </control>
        </itemlayout>
      </control>
      <control type="scrollbar" id="511">
        <onup>510</onup>
        <left>0</left>
        <bottom>0</bottom>
        <height>12</height>
        <width>100%</width>
        <orientation>horizontal</orientation>
        <animation effect="fade" start="100" end="0" time="200" condition="!Control.HasFocus(511)">Conditional</animation>
        <animation effect="fade" start="0" end="100" time="200" condition="Control.HasFocus(511)">Conditional</animation>
      </control>
    </control>
  </include>
</includes>
