<?xml version="1.0" encoding="UTF-8"?>
<includes>
  <include name="Vertical_Main">
    <control type="group" id="5600">
      <include content="Object_Item_Showcase">
        <param name="title" value="$INFO[ListItem.Title]"/>
        <param name="plot" value="$VAR[PlotTextBoxVar]"/>
      </include>
      <visible>!$EXP[infodialog_active]</visible>
    </control>
    <control type="group">
      <animation effect="fade" start="100" end="0" time="200" tween="sine" condition="$EXP[infodialog_active]">Conditional</animation>
      <control type="group" id="2000">
        <animation type="Conditional" condition="Control.IsVisible(20000)" reversible="false">
          <effect type="slide" end="0,20" time="60" tween="sine"/>
          <effect type="slide" end="0,-20" time="180" tween="sine" delay="80"/>
        </animation>
        <animation type="Conditional" condition="Control.IsVisible(20001)" reversible="false">
          <effect type="slide" end="0,-20" time="60" tween="sine"/>
          <effect type="slide" end="0,20" time="180" tween="sine" delay="80"/>
        </animation>
        <include>OpenClose_Right</include>
        <left>122</left>
        <control type="group">
          <include content="WidgetVerticalLabel">
            <param name="top" value="520"/>
          </include>
        </control>
        <control type="grouplist" id="3000">
          <visible>!String.IsEqual(Container(9989).ListItemAbsolute(0).Property(list),Settings) + !String.IsEqual(Container(9989).ListItemAbsolute(0).Property(list),Weather)</visible>
          <top>595</top>
          <height>9999</height>
          <usecontrolcoords>false</usecontrolcoords>
          <include content="Animation_Widget_Slide">
            <param name="container" value="3000" />
          </include>
          <include>skinshortcuts-template-vertical</include>
        </control>
        <control type="group" id="4000">
          <visible>String.IsEqual(Container(9989).ListItemAbsolute(0).Property(list),Weather)</visible>
          <animation effect="slide" start="0,0" end="-280,0" time="350" reversible="true" tween="cubic" easing="inout" condition="!Control.HasFocus(9000)">Conditional</animation>
          <animation effect="slide" start="0,0" end="280" time="350" reversible="true" tween="cubic" easing="inout" condition="Control.HasFocus(9001)">Conditional</animation>
          <width>1800</width>
          <left>280</left>
          <include content="View_Weather">
            <param name="left" value="-130"/>
            <param name="topbar_visible" value="true"/>
          </include>
        </control>
        <control type="group" id="5000">
          <visible>String.IsEqual(Container(9989).ListItemAbsolute(0).Property(list),Settings)</visible>
          <animation effect="slide" start="0,0" end="-280,0" time="350" reversible="true" tween="cubic" easing="inout" condition="!Control.HasFocus(9000)">Conditional</animation>
          <animation effect="slide" start="0,0" end="280" time="350" reversible="true" tween="cubic" easing="inout" condition="Control.HasFocus(9001)">Conditional</animation>
          <centerleft>50%</centerleft>
          <width>1600</width>
          <top>0</top>
          <left>350</left>
          <bottom>0</bottom>
          <include>OpenClose_Right</include>
          <control type="label">
            <left>0</left>
            <right>0</right>
            <top>420</top>
            <height>400</height>
            <label>$LOCALIZE[5]</label>
            <align>center</align>
            <font>font37</font>
          </control>
          <include>View_Settings</include>
        </control>
        <control type="group" id="2999">
          <include content="Object_Ratings_Content">
            <param name="directory" value="$INFO[Skin.String(Icons)]"/>
            <param name="align" value="right"/>
          </include>
          <control type="group">
            <top>545</top>
            <left>1150</left>
            <include content="ProgressGradient">
              <param name="id" value="29999"/>
              <param name="top" value="0"/>
              <width>480</width>
              <height>16</height>
              <info>ListItem.Progress</info>
            </include>
            <control type="label">
              <top>-12</top>
              <left>490</left>
              <font>font27</font>
              <width>auto</width>
              <label>$INFO[ListItem.StartTime]$INFO[ListItem.EndTime, - ,]</label>
              <visible>!Pvr.IsTimeShift</visible>
            </control>
            <visible>String.StartsWith(ListItem.FolderPath,pvr://)</visible>
          </control>
        </control>
      </control>
      <control type="group">
        <depth>DepthContentPanel</depth>
        <include>OpenClose_Left</include>
        <control type="group">
          <animation effect="slide" start="0,0" end="-714,0" time="250" reversible="true" tween="cubic" easing="inout" condition="!Control.HasFocus(9000) + !Control.HasFocus(9001) + !Control.HasFocus(303)">Conditional</animation>
          <control type="image">
            <texture>common/vignette-vert-menu.png</texture>
            <width>714</width>
          </control>
        </control>
        <control type="fixedlist" id="9000">
          <left>92</left>
          <top>285</top>
          <width>462</width>
          <height>750</height>
          <bottom>-40</bottom>
          <movement>7</movement>
          <focusposition>0</focusposition>
          <onup>700</onup>
          <!-- <ondown>700</ondown> -->
          <onleft>9001</onleft>
          <onright condition="!String.IsEqual(Container(9989).ListItem.Property(list),Settings) + !String.IsEqual(Container(9989).ListItem.Property(list),Weather)">3000</onright>
          <onright condition="String.IsEqual(Container(9989).ListItem.Property(list),Weather)">4000</onright>
          <onright condition="String.IsEqual(Container(9989).ListItem.Property(list),Settings)">5000</onright>
          <scrolltime tween="cubic" easing="out">500</scrolltime>
          <focusedlayout height="95">
            <control type="group">
              <animation effect="slide" start="0,0" end="-82,0" time="350" reversible="true" tween="cubic" easing="inout" condition="!Control.HasFocus(9000) + !Control.HasFocus(303)">Conditional</animation>
              <animation effect="slide" start="0,0" end="-82,0" time="350" reversible="true" tween="cubic" easing="inout" condition="Control.HasFocus(9001)">Conditional</animation>
              <control type="image">
                <left>-3</left>
                <top>1</top>
                <width>95</width>
                <height>95</height>
                <texture colordiffuse="dialog_fg_100">$INFO[ListItem.Art(thumb)]</texture>
              </control>
              <visible>String.IsEqual(Skin.String(MenuStyle),Icons) | String.IsEqual(Skin.String(MenuStyle),IconsText) | String.IsEmpty(Skin.String(MenuStyle))</visible>
            </control>
            <control type="group">
              <animation effect="slide" start="0,0" end="-714,0" time="350" reversible="true" tween="cubic" easing="inout" condition="!Control.HasFocus(9000) + !Control.HasFocus(303)">Conditional</animation>
              <control type="label">
                <left>104</left>
                <top>0</top>
                <height>95</height>
                <width>560</width>
                <aligny>center</aligny>
                <font>font45_title</font>
                <textcolor>dialog_fg_100</textcolor>
                <label>$INFO[ListItem.Label]</label>
                <shadowcolor>text_shadow</shadowcolor>
              </control>
              <visible>String.IsEqual(Skin.String(MenuStyle),IconsText) | String.IsEqual(Skin.String(MenuStyle),Text) | String.IsEmpty(Skin.String(MenuStyle))</visible>
            </control>
          </focusedlayout>
          <itemlayout height="95">
            <control type="group">
              <animation effect="slide" start="0,0" end="-82,0" time="350" reversible="true" tween="cubic" easing="inout" condition="!Control.HasFocus(9000) + !Control.HasFocus(303)">Conditional</animation>
              <animation effect="slide" start="0,0" end="-82,0" time="350" reversible="true" tween="cubic" easing="inout" condition="Control.HasFocus(9001)">Conditional</animation>
              <control type="image">
                <left>-3</left>
                <top>1</top>
                <width>95</width>
                <height>95</height>
                <texture colordiffuse="44FFFFFF">$INFO[ListItem.Art(thumb)]</texture>
              </control>
              <visible>String.IsEqual(Skin.String(MenuStyle),Icons) | String.IsEqual(Skin.String(MenuStyle),IconsText) | String.IsEmpty(Skin.String(MenuStyle))</visible>
            </control>
            <control type="group">
              <animation effect="slide" start="0,0" end="-714,0" time="350" reversible="true" tween="cubic" easing="inout" condition="!Control.HasFocus(9000) + !Control.HasFocus(303)">Conditional</animation>
              <control type="label">
                <left>104</left>
                <top>0</top>
                <height>95</height>
                <width>560</width>
                <aligny>center</aligny>
                <font>font37</font>
                <label>$INFO[ListItem.Label]</label>
                <shadowcolor>text_shadow</shadowcolor>
              </control>
              <visible>String.IsEqual(Skin.String(MenuStyle),IconsText) | String.IsEqual(Skin.String(MenuStyle),Text) | String.IsEmpty(Skin.String(MenuStyle))</visible>
            </control>
          </itemlayout>
          <content>
            <include>skinshortcuts-mainmenu</include>
          </content>
        </control>
        <include>skinshortcuts-template-submenu</include>
      </control>
      <control type="group">
        <depth>DepthBars</depth>
        <animation effect="slide" end="0,-90" time="300" tween="sine" easing="inout" condition="$EXP[infodialog_active]">conditional</animation>
        <animation effect="fade" start="0" end="100" time="300">WindowOpen</animation>
        <animation effect="fade" start="100" end="0" time="200">WindowClose</animation>
        <!-- <top>30</top> -->
        <left>64</left>
        <control type="group" id="700">
          <animation effect="slide" start="0,0" end="-714,0" time="250" reversible="true" tween="cubic" easing="inout" condition="!Control.HasFocus(9000) + !Control.HasFocus(9001)  + !Control.HasFocus(303)">Conditional</animation>
          <height>200</height>
          <visible>!Skin.HasSetting(DisabledProfileInfo)</visible>
          <control type="image">
            <top>78</top>
            <width>92</width>
            <height>92</height>
            <aspectratio>keep</aspectratio>
            <texture>$INFO[System.ProfileThumb]</texture>
            <visible>Control.HasFocus(9000) | Control.IsVisible(9000)</visible>
          </control>
          <control type="label">
            <top>78</top>
            <left>108</left>
            <label>$INFO[System.ProfileName]</label>
            <font>font45_title</font>
            <textcolor>dialog_fg_100</textcolor>
            <visible>Control.HasFocus(9000) | Control.IsVisible(9000)</visible>
          </control>
          <control type="button" id="303">
            <top>108</top>
            <left>80</left>
            <onup>noop</onup>
            <ondown>9000</ondown>
            <onleft>noop</onleft>
            <onright>3000</onright>
            <align>left</align>
            <font>font27_narrow</font>
            <textcolor>$VAR[ColorHighlight]</textcolor>
            <label>$LOCALIZE[31188]</label>
            <onclick>ActivateWindow(LoginScreen.xml)</onclick>
            <focusedcolor>dialog_fg_100</focusedcolor>
            <texturefocus/>
            <texturenofocus/>
            <visible>Control.IsVisible(9000)</visible>
          </control>
        </control>
      </control>
    </control>
  </include>
</includes>
