<?xml version="1.0" encoding="UTF-8"?>
<window>
  <defaultcontrol always="true">11</defaultcontrol>
  <controls>
    <control type="group">
      <animation effect="fade" start="0" end="100" time="100">WindowOpen</animation>
      <animation effect="fade" start="100" end="0" time="100">WindowClose</animation>
      <animation effect="fade" start="100" end="75" time="0" condition="true">Conditional</animation>
      <visible>!Window.IsActive(fullscreenvideo) | Window.Previous(10106)</visible>
      <include>ColoredBackgroundImages</include>
    </control>
    <include condition="!Skin.HasSetting(LegacyPVR)">PVRChannelGuideModern</include>
    <!-- <include condition="!Skin.HasSetting(LegacyPVR)">PVRChannelGuideFamiliar</include> -->
    <include condition="Skin.HasSetting(LegacyPVR)">PVRChannelGuideLegacy</include>
  </controls>
</window>
