<?xml version="1.0" encoding="UTF-8"?>
<window>
  <defaultcontrol always="true">300</defaultcontrol>
  <backgroundcolor>Background</backgroundcolor>
  <include>Defs_Settings_OnLoad</include>
  <onload condition="String.IsEmpty(Skin.String(background_overlay))">Skin.SetString(background_overlay,1)</onload>
  <onload>RunScript(script.skinshortcuts,type=buildxml&amp;mainmenuID=9000&amp;levels=1&amp;group=mainmenu|widgets|globalhub|shutdown|searchmenu)</onload>
  <controls>
    <include>DefaultBackground</include>
    <control type="group">
      <width>1920</width>
      <height>1080</height>
      <centertop>50%</centertop>
      <centerleft>50%</centerleft>
      <control type="image">
        <top>130</top>
        <left>448</left>
        <width>1</width>
        <height>810</height>
        <texture colordiffuse="dialog_fg_12">common/white.png</texture>
      </control>
      <control type="group" id="10000">
        <left>490</left>
        <include content="DefaultAddonSettingButtonGradient">
          <param name="id" value="600"/>
          <top>120</top>
          <height>75</height>
          <right>0</right>
          <visible>ControlGroup(600).HasFocus()</visible>
        </include>
        <!-- Start -->
        <control type="grouplist" id="600">
          <top>120</top>
          <height>825</height>
          <left>0</left>
          <right>0</right>
          <pagecontrol>60</pagecontrol>
          <onleft>9000</onleft>
          <onright>60</onright>
          <onup>300</onup>
          <ondown>600</ondown>
          <visible>Container(9000).HasFocus(1)</visible>
          <control type="button" id="601" description="Customize main menu">
            <label>$LOCALIZE[31174]</label>
            <include>DefaultSettingButton</include>
            <onclick>RunScript(script.skinshortcuts,type=manage&amp;group=mainmenu)</onclick>
          </control>
          <control type="button" id="4010" description="Global widgets">
            <label>$LOCALIZE[31426]</label>
            <include>DefaultSettingButton</include>
            <onclick>RunScript(script.skinshortcuts,type=manage&amp;group=widgets)</onclick>
          </control>
          <control type="button" id="4011" description="Global Hub">
            <label>$LOCALIZE[31434]</label>
            <include>DefaultSettingButton</include>
            <onclick>RunScript(script.skinshortcuts,type=manage&amp;group=globalhub)</onclick>
          </control>
          <control type="radiobutton" id="627" description="Load hub as home screen">
            <label>$LOCALIZE[31437]</label>
            <include>DefaultSettingButton</include>
            <onclick>Skin.ToggleSetting(HubFirst)</onclick>
            <selected>Skin.HasSetting(HubFirst)</selected>
          </control>
          <control type="radiobutton" id="628" description="Skip main menu tiles">
            <label>$LOCALIZE[31438]</label>
            <include>DefaultSettingButton</include>
            <onclick>Skin.ToggleSetting(dont_skip_mainmenu_tiles)</onclick>
            <selected>!Skin.HasSetting(dont_skip_mainmenu_tiles)</selected>
          </control>
          <control type="radiobutton" id="623" description="Enable labels in widget wall">
            <label>$LOCALIZE[31430]</label>
            <include>DefaultSettingButton</include>
            <onclick>Skin.ToggleSetting(ShowWidgetLabels)</onclick>
            <selected>Skin.HasSetting(ShowWidgetLabels)</selected>
          </control>
          <control type="radiobutton" id="624" description="Show labels on banners">
            <label>$LOCALIZE[31431]</label>
            <include>DefaultSettingButton</include>
            <onclick>Skin.ToggleSetting(header_widget_label)</onclick>
            <selected>Skin.HasSetting(header_widget_label)</selected>
          </control>
          <control type="radiobutton" id="621" description="Expose">
            <label>$LOCALIZE[31407]</label>
            <include>DefaultSettingButton</include>
            <onclick>Skin.ToggleSetting(Expose)</onclick>
            <selected>Skin.HasSetting(Expose)</selected>
          </control>
          <control type="radiobutton" id="622" description="Flix spotlight - Skip level 1">
            <label>$LOCALIZE[31429]</label>
            <include>DefaultSettingButton</include>
            <onclick>Skin.ToggleSetting(SkipLevel1)</onclick>
            <selected>Skin.HasSetting(SkipLevel1)</selected>
          </control>
          <control type="radiobutton" id="613" description="Enable autoscroll for plot and title">
            <label>$LOCALIZE[20189]</label>
            <include>DefaultSettingButton</include>
            <onclick>Skin.ToggleSetting(autoscroll)</onclick>
            <selected>!Skin.HasSetting(autoscroll)</selected>
          </control>
          <control type="radiobutton" id="625" description="Black vignette">
            <label>$LOCALIZE[31433]</label>
            <include>DefaultSettingButton</include>
            <onclick>Skin.ToggleSetting(BlackVignette)</onclick>
            <selected>Skin.HasSetting(BlackVignette)</selected>
          </control>
          <control type="radiobutton" id="614" description="Hide plot">
            <label>$LOCALIZE[31386]</label>
            <include>DefaultSettingButton</include>
            <onclick>Skin.ToggleSetting(HidePlot)</onclick>
            <selected>Skin.HasSetting(HidePlot)</selected>
          </control>
          <control type="radiobutton" id="617" description="Clearlogo">
            <label>$LOCALIZE[31402]</label>
            <include>DefaultSettingButton</include>
            <selected>Skin.HasSetting(DisableClearlogo)</selected>
            <onclick>Skin.ToggleSetting(DisableClearlogo)</onclick>
          </control>
          <control type="radiobutton" id="616" description="Clearlogo over fanart">
            <label>$LOCALIZE[31432]</label>
            <include>DefaultSettingButton</include>
            <selected>Skin.HasSetting(DisableCLOverFanart)</selected>
            <onclick>Skin.ToggleSetting(DisableCLOverFanart)</onclick>
          </control>
          <control type="radiobutton" id="620" description="Notification dialog">
            <label>$LOCALIZE[31427]</label>
            <include>DefaultSettingButton</include>
            <selected>Skin.HasSetting(TransparentNotification)</selected>
            <onclick>Skin.ToggleSetting(TransparentNotification)</onclick>
          </control>
          <control type="label" id="618">
            <textoffsetx>40</textoffsetx>
            <width>100%</width>
            <height>75</height>
            <textcolor>dialog_fg_30</textcolor>
            <label>$LOCALIZE[31300]</label>
            <font>font_tiny_hintlabel</font>
            <aligny>center</aligny>
            <align>center</align>
          </control>
          <control type="button" id="619" description="Customize shutdown menu">
            <label>$LOCALIZE[31180]</label>
            <include>DefaultSettingButton</include>
            <onclick>RunScript(script.skinshortcuts,type=manage&amp;group=shutdown)</onclick>
          </control>
        </control>
        <include content="DefaultAddonSettingButtonGradient">
          <param name="id" value="700"/>
          <height>75</height>
          <top>120</top>
          <right>0</right>
          <visible>ControlGroup(700).HasFocus()</visible>
        </include>
        <!-- Background -->
        <control type="grouplist" id="700">
          <top>120</top>
          <height>825</height>
          <left>0</left>
          <right>0</right>
          <onleft>9000</onleft>
          <onright>60</onright>
          <onup>300</onup>
          <pagecontrol>60</pagecontrol>
          <ondown>700</ondown>
          <visible>Container(9000).HasFocus(2)</visible>
          <control type="button" id="701" description="Set Fallback Image">
            <include>DefaultSettingButton</include>
            <label>$LOCALIZE[31340]</label>
            <label2>$INFO[Skin.String(HomeBackgroundImage)]</label2>
            <onclick>SetProperty(Dialog.1.Label,$LOCALIZE[16018])</onclick>
            <onclick>SetProperty(Dialog.1.BuiltIn,Skin.Reset(HomeBackgroundImage))</onclick>
            <onclick>SetProperty(Dialog.2.Label,$LOCALIZE[31341])</onclick>
            <onclick>SetProperty(Dialog.2.BuiltIn,Skin.SetImage(HomeBackgroundImage))</onclick>
            <onclick>SetProperty(Dialog.3.Label,$LOCALIZE[31342])</onclick>
            <onclick>SetProperty(Dialog.3.BuiltIn,Skin.SetPath(HomeBackgroundImage))</onclick>
            <onclick>RunScript(script.toolbox,info=selectdialog,header=$LOCALIZE[31340])</onclick>
          </control>
          <control type="radiobutton" id="702" description="Colored background">
            <label>$LOCALIZE[31353]</label>
            <include>DefaultSettingButton</include>
            <selected>Skin.HasSetting(EnableColoredBackground)</selected>
            <onclick>Skin.ToggleSetting(EnableColoredBackground)</onclick>
          </control>
          <control type="radiobutton" id="703" description="Match overlay colour from image">
            <label>$LOCALIZE[31396]</label>
            <include>DefaultSettingButton</include>
            <selected>Skin.HasSetting(TMDbHelper.EnableColors)</selected>
            <onclick>Skin.ToggleSetting(TMDbHelper.EnableColors)</onclick>
          </control>
          <control type="button" id="704" description="Overlay alpha">
            <label>$LOCALIZE[31397]</label>
            <label2>$INFO[Skin.String(HomeAlphaValue),H: (,%) ]$INFO[Skin.String(AlphaValue),A: (,%) ]$INFO[Skin.String(DialogAlphaValue),D: (,%) ]$VAR[LuminanceVariable,L: (,) ]$VAR[SaturationVariable,S: (,) ]</label2>
            <include>DefaultSettingButton</include>
            <onclick>ActivateWindow(1111)</onclick>
          </control>
          <control type="radiobutton" id="705" description="Fullscreen background on home screen">
            <label>$LOCALIZE[31425]</label>
            <include>DefaultSettingButton</include>
            <onclick>Skin.ToggleSetting(FullScreenHomeBackground)</onclick>
            <selected>Skin.HasSetting(FullScreenHomeBackground)</selected>
          </control>
          <control type="radiobutton" id="706" description="Enable blur">
            <label>$LOCALIZE[31251]</label>
            <include>DefaultSettingButton</include>
            <onclick>Skin.ToggleSetting(DisableBlur)</onclick>
            <selected>!Skin.HasSetting(DisableBlur)</selected>
          </control>
          <control type="radiobutton" id="711" description="Enable blur for home screen vignette">
            <label>$LOCALIZE[31442]</label>
            <include>DefaultSettingButton</include>
            <onclick>Skin.ToggleSetting(BlurredHomeScreen)</onclick>
            <selected>Skin.HasSetting(BlurredHomeScreen)</selected>
          </control>
          <control type="radiobutton" id="708" description="Animate background using Ken Burns Effect">
            <label>$LOCALIZE[31247]</label>
            <include>DefaultSettingButton</include>
            <onclick>Skin.ToggleSetting(KenBurnsEffect)</onclick>
            <selected>Skin.HasSetting(KenBurnsEffect)</selected>
          </control>
          <control type="radiobutton" id="709" description="Show media fanart as background">
            <label>$LOCALIZE[31002]</label>
            <include>DefaultSettingButton</include>
            <onclick>Skin.ToggleSetting(no_fanart)</onclick>
            <selected>!Skin.HasSetting(no_fanart)</selected>
          </control>
          <control type="button" id="710" description="Background type">
            <label>$LOCALIZE[31156]</label>
            <label2>$VAR[BackgroundOverlayTypeVar]</label2>
            <include>DefaultSettingButton</include>
            <onclick condition="String.IsEqual(Skin.String(background_overlay),7)">Skin.SetString(background_overlay,0)</onclick>
            <onclick condition="String.IsEqual(Skin.String(background_overlay),6)">Skin.SetString(background_overlay,7)</onclick>
            <onclick condition="String.IsEqual(Skin.String(background_overlay),5)">Skin.SetString(background_overlay,6)</onclick>
            <onclick condition="String.IsEqual(Skin.String(background_overlay),4)">Skin.SetString(background_overlay,5)</onclick>
            <onclick condition="String.IsEqual(Skin.String(background_overlay),3)">Skin.SetString(background_overlay,4)</onclick>
            <onclick condition="String.IsEqual(Skin.String(background_overlay),2)">Skin.SetString(background_overlay,3)</onclick>
            <onclick condition="String.IsEqual(Skin.String(background_overlay),1)">Skin.SetString(background_overlay,2)</onclick>
            <onclick condition="String.IsEqual(Skin.String(background_overlay),0)">Skin.SetString(background_overlay,1)</onclick>
          </control>
        </control>
        <include content="DefaultAddonSettingButtonGradient">
          <param name="id" value="800"/>
          <top>120</top>
          <height>75</height>
          <right>0</right>
          <visible>ControlGroup(800).HasFocus()</visible>
        </include>
        <!-- Miscellaneous -->
        <control type="grouplist" id="800">
          <top>120</top>
          <height>825</height>
          <left>0</left>
          <right>0</right>
          <onleft>9000</onleft>
          <onright>60</onright>
          <onup>300</onup>
          <pagecontrol>60</pagecontrol>
          <ondown>800</ondown>
          <visible>Container(9000).HasFocus(3)</visible>
          <control type="button" id="802" description="Title colour">
            <include>DefaultSettingButton</include>
            <label>$LOCALIZE[31364]</label>
            <label2>$INFO[Skin.String(titlecolour.name)]</label2>
            <onclick>SetProperty(colorpick,$LOCALIZE[31363],home)</onclick>
            <onclick>ActivateWindow(1116)</onclick>
          </control>
          <control type="button" id="803" description="Highlight colour">
            <include>DefaultSettingButton</include>
            <label>$LOCALIZE[31194]</label>
            <label2>$INFO[Skin.String(focuscolor.name)]</label2>
            <onclick>SetProperty(colorpick,$LOCALIZE[31197],home)</onclick>
            <onclick>ActivateWindow(1117)</onclick>
          </control>
          <control type="button" id="804" description="Gradient colour">
            <include>DefaultSettingButton</include>
            <label>$LOCALIZE[31199]</label>
            <label2>$INFO[Skin.String(gradientcolor.name)]</label2>
            <onclick>SetProperty(colorpick,$LOCALIZE[31198],home)</onclick>
            <onclick>ActivateWindow(1117)</onclick>
          </control>
          <control type="radiobutton" id="805" description="Monochrome Highlight">
            <include>DefaultSettingButton</include>
            <label>$LOCALIZE[31195]</label>
            <onclick>Skin.ToggleSetting(EnableMonochromeHighlight)</onclick>
            <selected>Skin.HasSetting(EnableMonochromeHighlight)</selected>
          </control>
          <control type="button" id="806" description="Selection box size">
            <include>DefaultSettingButton</include>
            <label>$LOCALIZE[31329]</label>
            <label2>$VAR[highlightSizeValue]</label2>
            <onclick condition="String.IsEqual(Skin.String(HighlightSize),Thin)">Skin.SetString(HighlightSize,Bold)</onclick>
            <onclick condition="String.IsEqual(Skin.String(HighlightSize),Bold)">Skin.SetString(HighlightSize,Thin)</onclick>
          </control>
          <control type="button" id="807" description="Selection box colour">
            <include>DefaultSettingButton</include>
            <label>$LOCALIZE[31328]</label>
            <label2>$VAR[posterHighlightValue]</label2>
            <onclick condition="!String.IsEqual(Skin.String(PosterHighlight),Highlight)">Skin.SetString(PosterHighlight,Highlight)</onclick>
            <onclick condition="String.IsEqual(Skin.String(PosterHighlight),Highlight)">Skin.SetString(PosterHighlight,White)</onclick>
          </control>
          <control type="label" id="808">
            <textoffsetx>40</textoffsetx>
            <width>100%</width>
            <height>75</height>
            <textcolor>dialog_fg_30</textcolor>
            <label>$LOCALIZE[31299]</label>
            <font>font_tiny_hintlabel</font>
            <aligny>center</aligny>
            <align>center</align>
          </control>
          <control type="radiobutton" id="809" description="Disable slide animations">
            <label>$LOCALIZE[31095]</label>
            <include>DefaultSettingButton</include>
            <selected>!Skin.HasSetting(no_slide_animations)</selected>
            <onclick>Skin.ToggleSetting(no_slide_animations)</onclick>
          </control>
          <control type="radiobutton" id="810" description="Show weather info in topbar">
            <label>$LOCALIZE[31093]</label>
            <include>DefaultSettingButton</include>
            <onclick condition="!String.IsEmpty(Weather.Plugin)">Skin.ToggleSetting(show_weatherinfo)</onclick>
            <onclick condition="String.IsEmpty(Weather.Plugin)">ActivateWindow(servicesettings,weather)</onclick>
            <selected>Skin.HasSetting(show_weatherinfo) + !String.IsEmpty(Weather.Plugin)</selected>
          </control>
          <control type="radiobutton" id="811" description="Minimize loading spinner">
            <label>$LOCALIZE[31249]</label>
            <include>DefaultSettingButton</include>
            <onclick>Skin.ToggleSetting(MinimalDialogBusy)</onclick>
            <selected>Skin.HasSetting(MinimalDialogBusy)</selected>
          </control>
          <control type="radiobutton" id="812" description="Dark volume slider">
            <label>$LOCALIZE[31352]</label>
            <include>DefaultSettingButton</include>
            <onclick>Skin.ToggleSetting(EnableDarkVolumeSlider)</onclick>
            <selected>Skin.HasSetting(EnableDarkVolumeSlider)</selected>
          </control>
        </control>
        <include content="DefaultAddonSettingButtonGradient">
          <param name="id" value="900"/>
          <top>120</top>
          <height>75</height>
          <right>0</right>
          <visible>ControlGroup(900).HasFocus()</visible>
        </include>
        <!-- Library -->
        <control type="grouplist" id="900">
          <top>120</top>
          <height>825</height>
          <left>0</left>
          <right>0</right>
          <onleft>9000</onleft>
          <onright>60</onright>
          <onup>300</onup>
          <pagecontrol>60</pagecontrol>
          <ondown>900</ondown>
          <visible>Container(9000).HasFocus(4)</visible>
          <control type="label" id="901">
            <textoffsetx>40</textoffsetx>
            <width>470</width>
            <height>75</height>
            <textcolor>dialog_fg_30</textcolor>
            <label>$LOCALIZE[31327]</label>
            <font>font_small_defaults</font>
            <aligny>center</aligny>
          </control>
          <control type="radiobutton" id="902" description="Enable trailers in background">
            <label>$LOCALIZE[31326]</label>
            <include>DefaultSettingButton</include>
            <onclick>Skin.ToggleSetting(BackgroundPlayingTrailers)</onclick>
            <selected>Skin.HasSetting(BackgroundPlayingTrailers)</selected>
            <enable>Skin.HasSetting(Expose) + System.AddonIsEnabled(plugin.video.youtube) + System.HasAddon(plugin.video.youtube)</enable>
          </control>
          <control type="radiobutton" id="908" description="Dont show notification about no trailer">
            <label>$LOCALIZE[31404]</label>
            <include>DefaultSettingButton</include>
            <onclick>Skin.ToggleSetting(DontShowNotificationANT)</onclick>
            <selected>Skin.HasSetting(DontShowNotificationANT)</selected>
            <enable>Skin.HasSetting(Expose) + Skin.HasSetting(BackgroundPlayingTrailers) + [System.AddonIsEnabled(plugin.video.youtube) + System.HasAddon(plugin.video.youtube)]</enable>
          </control>
          <control type="label" id="909">
            <textoffsetx>0</textoffsetx>
            <width>100%</width>
            <height>75</height>
            <textcolor>dialog_fg_30</textcolor>
            <label>$LOCALIZE[31299]</label>
            <font>font_tiny_hintlabel</font>
            <aligny>center</aligny>
            <align>center</align>
          </control>
          <control type="button" id="910" description="Search lists">
            <include>DefaultSettingButton</include>
            <label>$LOCALIZE[31366]</label>
            <onclick>RunScript(script.skinshortcuts,type=manage&amp;group=searchmenu)</onclick>
          </control>
          <control type="button" id="912" description="Manage watched indicators">
            <label>$LOCALIZE[31361]</label>
            <include>DefaultSettingButton</include>
            <onclick>ActivateWindow(1120)</onclick>
            <enable>!Skin.HasSetting(DisableWatchedOverlay)</enable>
          </control>
          <control type="radiobutton" id="911" description="Disable watched indicators">
            <label>$LOCALIZE[31355]</label>
            <include>DefaultSettingButton</include>
            <onclick>Skin.ToggleSetting(DisableWatchedOverlay)</onclick>
            <selected>Skin.HasSetting(DisableWatchedOverlay)</selected>
          </control>
          <control type="button" id="914" description="Manage info dialog list">
            <label>$LOCALIZE[31354]</label>
            <include>DefaultSettingButton</include>
            <onclick>ActivateWindow(1119)</onclick>
            <enable>!Skin.HasSetting(DisableExtendedInfo)</enable>
          </control>
          <control type="radiobutton" id="913" description="Disable extended info">
            <label>$LOCALIZE[31250]</label>
            <include>DefaultSettingButton</include>
            <onclick>Skin.ToggleSetting(DisableExtendedInfo)</onclick>
            <selected>Skin.HasSetting(DisableExtendedInfo)</selected>
          </control>
          <control type="button" id="915" description="Enable ratings">
            <label>$LOCALIZE[31339]</label>
            <include>DefaultSettingButton</include>
            <onclick>ActivateWindow(1118)</onclick>
          </control>
          <control type="radiobutton" id="919" description="Show music posters instead of thumb">
            <label>$LOCALIZE[31168]</label>
            <include>DefaultSettingButton</include>
            <onclick>Skin.ToggleSetting(show_musicvideoposter)</onclick>
            <selected>Skin.HasSetting(show_musicvideoposter)</selected>
          </control>
        </control>
        <include content="DefaultAddonSettingButtonGradient">
          <param name="id" value="1000"/>
          <top>120</top>
          <height>75</height>
          <right>0</right>
          <visible>ControlGroup(1000).HasFocus()</visible>
        </include>
        <!-- Video / Music OSD -->
        <control type="grouplist" id="1000">
          <top>120</top>
          <height>825</height>
          <left>0</left>
          <right>0</right>
          <onleft>9000</onleft>
          <onright>60</onright>
          <onup>300</onup>
          <pagecontrol>60</pagecontrol>
          <ondown>1000</ondown>
          <visible>Container(9000).HasFocus(5)</visible>
          <control type="button" id="1002" description="Close OSD Auto">
            <include>DefaultSettingButton</include>
            <label>$LOCALIZE[31283]</label>
            <label2>$INFO[Skin.String(OSD_Timeout),,]</label2>
            <onclick>SetProperty(Dialog.1.Label,$LOCALIZE[31284])</onclick>
            <onclick>SetProperty(Dialog.1.BuiltIn,Skin.Reset(OSD_Timeout))</onclick>
            <onclick>SetProperty(Dialog.2.Label,$LOCALIZE[31285])</onclick>
            <onclick>SetProperty(Dialog.2.BuiltIn,Skin.SetString(OSD_Timeout,$LOCALIZE[31285]))</onclick>
            <onclick>SetProperty(Dialog.3.Label,$LOCALIZE[31286])</onclick>
            <onclick>SetProperty(Dialog.3.BuiltIn,Skin.SetString(OSD_Timeout,$LOCALIZE[31286]))</onclick>
            <onclick>SetProperty(Dialog.4.Label,$LOCALIZE[31287])</onclick>
            <onclick>SetProperty(Dialog.4.BuiltIn,Skin.SetString(OSD_Timeout,$LOCALIZE[31287]))</onclick>
            <onclick>SetProperty(Dialog.5.Label,$LOCALIZE[31288])</onclick>
            <onclick>SetProperty(Dialog.5.BuiltIn,Skin.SetString(OSD_Timeout,$LOCALIZE[31288]))</onclick>
            <onclick>SetProperty(Dialog.6.Label,$LOCALIZE[31289])</onclick>
            <onclick>SetProperty(Dialog.6.BuiltIn,Skin.SetString(OSD_Timeout,$LOCALIZE[31289]))</onclick>
            <onclick>SetProperty(Dialog.7.Label,$LOCALIZE[31290])</onclick>
            <onclick>SetProperty(Dialog.7.BuiltIn,Skin.SetString(OSD_Timeout,$LOCALIZE[31290]))</onclick>
            <onclick>SetProperty(Dialog.8.Label,$LOCALIZE[31291])</onclick>
            <onclick>SetProperty(Dialog.8.BuiltIn,Skin.SetString(OSD_Timeout,$LOCALIZE[31291]))</onclick>
            <onclick>SetProperty(Dialog.9.Label,$LOCALIZE[31292])</onclick>
            <onclick>SetProperty(Dialog.9.BuiltIn,Skin.SetString(OSD_Timeout,$LOCALIZE[31292]))</onclick>
            <onclick>RunScript(script.toolbox,info=selectdialog,header=Autoclose OSD)</onclick>
            <selected>!String.IsEmpty(Skin.String(OSD_Timeout))</selected>
          </control>
          <control type="radiobutton" id="1003">
            <label>$LOCALIZE[31439]</label>
            <include>DefaultSettingButton</include>
            <onclick>Skin.ToggleSetting(disable_clock_osd)</onclick>
            <selected>Skin.HasSetting(disable_clock_osd)</selected>
          </control>
        </control>
        <include content="DefaultAddonSettingButtonGradient">
          <param name="id" value="1100"/>
          <top>120</top>
          <height>75</height>
          <right>0</right>
          <visible>ControlGroup(1100).HasFocus()</visible>
        </include>
        <!-- Live TV -->
        <control type="grouplist" id="1100">
          <top>120</top>
          <height>825</height>
          <left>0</left>
          <right>0</right>
          <onleft>9000</onleft>
          <onright>60</onright>
          <onup>300</onup>
          <pagecontrol>60</pagecontrol>
          <ondown>1100</ondown>
          <visible>Container(9000).HasFocus(6)</visible>
          <control type="radiobutton" id="1102">
            <label>$LOCALIZE[31418]</label>
            <include>DefaultSettingButton</include>
            <onclick>Skin.ToggleSetting(KeepMinimalPVROSD)</onclick>
            <selected>Skin.HasSetting(KeepMinimalPVROSD)</selected>
          </control>
          <control type="radiobutton" id="1103">
            <label>$LOCALIZE[31311]</label>
            <include>DefaultSettingButton</include>
            <onclick>Skin.ToggleSetting(LegacyPVR)</onclick>
            <selected>Skin.HasSetting(LegacyPVR)</selected>
          </control>
        </control>
        <include content="DefaultAddonSettingButtonGradient">
          <param name="id" value="1200"/>
          <top>120</top>
          <height>75</height>
          <right>0</right>
          <visible>ControlGroup(1200).HasFocus()</visible>
        </include>
        <!-- Manage -->
        <control type="grouplist" id="1200">
          <top>120</top>
          <height>825</height>
          <left>0</left>
          <right>0</right>
          <onleft>9000</onleft>
          <onright>60</onright>
          <onup>300</onup>
          <pagecontrol>60</pagecontrol>
          <ondown>1200</ondown>
          <visible>Container(9000).HasFocus(7)</visible>
          <control type="button" id="1202" description="Reset">
            <include>DefaultSettingButton</include>
            <label>$LOCALIZE[31296]</label>
            <onclick>Skin.ResetSettings</onclick>
            <onclick>RunScript(script.skinshortcuts,type=resetall)</onclick>
          </control>
          <control type="label" id="1203">
            <textoffsetx>40</textoffsetx>
            <width>470</width>
            <height>75</height>
            <textcolor>dialog_fg_30</textcolor>
            <label>$LOCALIZE[31298]</label>
            <font>font_small_defaults</font>
            <aligny>center</aligny>
          </control>
          <control type="radiobutton" id="1204">
            <label>script.skinshortcuts</label>
            <label2>$INFO[System.AddonVersion(script.skinshortcuts)]               </label2>
            <onclick>Addon.OpenSettings(script.skinshortcuts)</onclick>
            <onclick condition="!System.HasAddon(script.skinshortcuts)">InstallAddon(script.skinshortcuts)</onclick>
            <selected>System.HasAddon(script.skinshortcuts)</selected>
            <include>DefaultSettingButton</include>
          </control>
          <control type="radiobutton" id="1206">
            <label>plugin.video.themoviedb.helper</label>
            <label2>$INFO[System.AddonVersion(plugin.video.themoviedb.helper)]               </label2>
            <onclick>Addon.OpenSettings(plugin.video.themoviedb.helper)</onclick>
            <onclick condition="!System.HasAddon(plugin.video.themoviedb.helper)">InstallAddon(plugin.video.themoviedb.helper)</onclick>
            <selected>System.HasAddon(plugin.video.themoviedb.helper)</selected>
            <include>DefaultSettingButton</include>
          </control>
          <control type="radiobutton" id="1207">
            <label>script.toolbox</label>
            <label2>$INFO[System.AddonVersion(script.toolbox)]               </label2>
            <onclick>Addon.OpenSettings(script.toolbox)</onclick>
            <onclick condition="!System.HasAddon(script.toolbox)">InstallAddon(script.toolbox)</onclick>
            <selected>System.HasAddon(script.toolbox)</selected>
            <include>DefaultSettingButton</include>
          </control>
          <control type="radiobutton" id="1208">
            <label>resource.images.studios.white</label>
            <label2>$INFO[System.AddonVersion(resource.images.studios.white)]               </label2>
            <onclick>Addon.OpenSettings(resource.images.studios.white)</onclick>
            <onclick condition="!System.HasAddon(resource.images.studios.white)">InstallAddon(resource.images.studios.white)</onclick>
            <selected>System.HasAddon(resource.images.studios.white)</selected>
            <include>DefaultSettingButton</include>
          </control>
          <control type="radiobutton" id="1210">
            <label>resource.images.weathericons.white</label>
            <label2>$INFO[System.AddonVersion(resource.images.weathericons.white)]               </label2>
            <onclick>Addon.OpenSettings(resource.images.weathericons.white)</onclick>
            <onclick condition="!System.HasAddon(resource.images.weathericons.white)">InstallAddon(resource.images.weathericons.white)</onclick>
            <selected>System.HasAddon(resource.images.weathericons.white)</selected>
            <include>DefaultSettingButton</include>
          </control>
        </control>
        <control type="image" id="1301">
          <centerleft>50%</centerleft>
          <top>160</top>
          <width>400</width>
          <height>auto</height>
          <texture>special://skin/resources/logo.png</texture>
          <align>center</align>
          <visible>Container(9000).HasFocus(8)</visible>
        </control>
        <control type="textbox" id="1302">
          <centerleft>50%</centerleft>
          <top>360</top>
          <width>1000</width>
          <height>400</height>
          <font>font32</font>
          <textcolor>dialog_fg_100</textcolor>
          <label>31278</label>
          <align>center</align>
          <visible>Container(9000).HasFocus(8)</visible>
        </control>
        <include content="DefaultAddonSettingButtonGradient">
          <param name="id" value="1300"/>
          <top>605</top>
          <height>75</height>
          <right>0</right>
          <visible>ControlGroup(1300).HasFocus()</visible>
        </include>
        <!-- Blue Twilight -->
        <control type="grouplist" id="1300">
          <top>605</top>
          <height>825</height>
          <left>0</left>
          <right>0</right>
          <onleft>9000</onleft>
          <onright>60</onright>
          <onup>300</onup>
          <ondown>1300</ondown>
          <visible>Container(9000).HasFocus(8)</visible>
          <control type="button" id="1303" description="Toggle debugging">
            <label>$LOCALIZE[31248]</label>
            <include>DefaultSettingButton</include>
            <onclick>Skin.ToggleDebug()</onclick>
          </control>
        </control>
      </control>
      <control type="group">
        <depth>DepthContentPanel</depth>
        <left>0</left>
        <control type="list" id="9000">
          <description>button area</description>
          <left>0</left>
          <top>120</top>
          <width>450</width>
          <height>825</height>
          <include>Defs_Settings_OnUp</include>
          <onright>10000</onright>
          <onup>300</onup>
          <ondown>18</ondown>
          <itemlayout height="75" width="450">
            <control type="label">
              <textoffsetx>40</textoffsetx>
              <width>450</width>
              <height>75</height>
              <label>$INFO[ListItem.Label]</label>
              <font>font_small_defaults</font>
              <aligny>center</aligny>
            </control>
          </itemlayout>
          <focusedlayout height="75" width="450">
            <control type="group">
              <width>450</width>
              <height>75</height>
              <control type="image">
                <texture colordiffuse="$VAR[ColorHighlight]" border="10">common/box.png</texture>
              </control>
              <control type="image">
                <texture colordiffuse="$VAR[ColorGradient]" border="10">common/box-gradient.png</texture>
              </control>
            </control>
            <control type="label">
              <textoffsetx>40</textoffsetx>
              <width>385</width>
              <height>75</height>
              <textcolor>FFededed</textcolor>
              <font>font_small_defaults</font>
              <aligny>center</aligny>
              <label>$INFO[ListItem.Label]</label>
            </control>
          </focusedlayout>
          <content>
            <item id="1">
              <label>$LOCALIZE[31272]</label>
              <onclick>noop</onclick>
            </item>
            <item id="2">
              <label>$LOCALIZE[31273]</label>
              <onclick>noop</onclick>
            </item>
            <item id="3">
              <label>$LOCALIZE[31303]</label>
              <onclick>noop</onclick>
            </item>
            <item id="4">
              <label>$LOCALIZE[31277]</label>
              <onclick>noop</onclick>
            </item>
            <item id="5">
              <label>$LOCALIZE[31274]</label>
              <onclick>noop</onclick>
            </item>
            <item id="6">
              <label>$LOCALIZE[31275]</label>
              <onclick>noop</onclick>
            </item>
            <item id="7">
              <label>$LOCALIZE[31276]</label>
              <onclick>noop</onclick>
            </item>
            <item id="8">
              <label>$LOCALIZE[31271]</label>
              <onclick>noop</onclick>
            </item>
          </content>
        </control>
      </control>
      <control type="group">
        <right>0</right>
        <top>120</top>
        <bottom>137</bottom>
        <width>60</width>
        <control type="scrollbar" id="60">
          <right>6</right>
          <width>8</width>
          <orientation>vertical</orientation>
          <texturesliderbackground/>
          <animation effect="slide" end="6,0" time="300" tween="sine" easing="inout" condition="!Control.HasFocus(60)">conditional</animation>
          <onleft>10000</onleft>
          <onright>10000</onright>
          <animation effect="fade" start="0" end="100" time="200" delay="300">Visible</animation>
          <animation effect="fade" start="100" end="0" time="200">Hidden</animation>
          <animation effect="fade" start="0" end="100" delay="300" time="320">WindowOpen</animation>
          <animation effect="fade" start="100" end="0" time="150">WindowClose</animation>
          <hitrect x="0" y="0" w="60" h="100%"/>
        </control>
      </control>
      <height>120</height>
      <width>1920</width>
      <control type="image">
        <left>0</left>
        <top>0</top>
        <height>95</height>
        <texture colordiffuse="dialog_bg_30">common/white.png</texture>
      </control>
      <control type="image">
        <left>0</left>
        <top>95</top>
        <height>1</height>
        <texture colordiffuse="main_fg_30">common/white.png</texture>
      </control>
      <include content="Defs_Settings_Changer">
        <ondown>9000</ondown>
      </include>
    </control>
    <control type="image">
      <left>0</left>
      <bottom>0</bottom>
      <height>95</height>
      <texture colordiffuse="dialog_bg_30">common/white.png</texture>
    </control>
    <control type="image">
      <left>0</left>
      <bottom>95</bottom>
      <height>1</height>
      <texture colordiffuse="main_fg_30">common/white.png</texture>
    </control>
    <control type="textbox" id="6">
      <description>description area</description>
      <bottom>10</bottom>
      <right>20</right>
      <width>1100</width>
      <height>70</height>
      <font>font12</font>
      <align>right</align>
      <aligny>center</aligny>
      <label>$VAR[SkinSettingsHelpTextVar]</label>
      <textcolor>$VAR[ColorHighlight]</textcolor>
      <autoscroll time="3000" delay="5000" repeat="5000">true</autoscroll>
    </control>
    <control type="image">
      <left>0</left>
      <bottom>93</bottom>
      <height>5</height>
      <width>340</width>
      <texture colordiffuse="main_fg_100">common/white.png</texture>
      <visible>ControlGroup(18).HasFocus</visible>
      <animation effect="slide" start="0" end="0,0" time="50" condition="Integer.IsEqual(Container(18).Position,0)">Conditional</animation>
      <animation effect="slide" start="0" end="340,0" time="50" condition="Integer.IsEqual(Container(18).Position,1)">Conditional</animation>
      <animation effect="slide" start="0" end="680,0" time="50" condition="Integer.IsEqual(Container(18).Position,2)">Conditional</animation>
    </control>
    <control type="grouplist" id="18">
      <top>1000</top>
      <orientation>horizontal</orientation>
      <control type="radiobutton" id="22">
        <bottom>10</bottom>
        <left>20</left>
        <width>340</width>
        <height>70</height>
        <onup>9000</onup>
        <font>font_menu</font>
        <label>$LOCALIZE[10040]</label>
        <onclick>ActivateWindow(addonbrowser)</onclick>
        <textoffsetx>85</textoffsetx>
        <textoffsety>0</textoffsety>
        <texturefocus />
        <texturenofocus/>
        <radioposx>32</radioposx>
        <radioposy>0</radioposy>
        <radiowidth>48</radiowidth>
        <radioheight>48</radioheight>
        <textureradioonfocus colordiffuse="B3ededed">special://skin/extras/icons/addon.png</textureradioonfocus>
        <textureradioonnofocus colordiffuse="dialog_fg_70">special://skin/extras/icons/addon.png</textureradioonnofocus>
        <textureradioofffocus colordiffuse="B3ededed">special://skin/extras/icons/addon.png</textureradioofffocus>
        <textureradiooffnofocus colordiffuse="dialog_fg_70">special://skin/extras/icons/addon.png</textureradiooffnofocus>
      </control>
      <control type="radiobutton" id="24">
        <bottom>10</bottom>
        <left>20</left>
        <width>340</width>
        <height>70</height>
        <onup>9000</onup>
        <font>font_menu</font>
        <label>7</label>
        <onclick>ActivateWindow(filemanager)</onclick>
        <textoffsetx>85</textoffsetx>
        <textoffsety>0</textoffsety>
        <texturefocus />
        <texturenofocus/>
        <radioposx>32</radioposx>
        <radioposy>0</radioposy>
        <radiowidth>48</radiowidth>
        <radioheight>48</radioheight>
        <textureradioonfocus colordiffuse="B3ededed">special://skin/extras/icons/files.png</textureradioonfocus>
        <textureradioonnofocus colordiffuse="dialog_fg_70">special://skin/extras/icons/files.png</textureradioonnofocus>
        <textureradioofffocus colordiffuse="B3ededed">special://skin/extras/icons/files.png</textureradioofffocus>
        <textureradiooffnofocus colordiffuse="dialog_fg_70">special://skin/extras/icons/files.png</textureradiooffnofocus>
      </control>
    </control>
  </controls>
</window>
