<?xml version="1.0" encoding="UTF-8"?>
<includes>
    <include name="TopBar">
        <param name="sublabel">$INFO[Container.SortMethod,[UPPERCASE],[/UPPERCASE]  ]$INFO[Container.CurrentItem,, • ]$INFO[Container.NumItems]</param>
        <param name="width" default="1600"/>
        <param name="topbar_visible">true</param>
        <definition>

            <control type="grouplist">

                <top>60</top>
                <centerleft>50%</centerleft>
                <width>$PARAM[width]</width>
                <orientation>horizontal</orientation>
                <usecontrolcoords>true</usecontrolcoords>

                <!-- function icon -->
                <control type="group">
                    <top>6</top>
                    <left>36</left>
                    <width>32</width>
                    <control type="image">
                        <width>32</width>
                        <height>32</height>
                        <texture colordiffuse="FFcccccc">common/circle.png</texture>
                        <aspectratio>keep</aspectratio>
                        <visible>!Window.IsVisible(Home) + ![Window.IsVisible(notification)] | Window.IsVisible(extendedprogressdialog)</visible>
                    </control>
                    <control type="image">
                        <width>32</width>
                        <height>32</height>
                        <texture colordiffuse="ff333333">special://skin/extras/icons/settings.png</texture>
                        <aspectratio>keep</aspectratio>
                        <visible>!Window.IsVisible(Home) + !Player.Muted + !System.HasAlarm(shutdowntimer) + ![Player.HasMedia + String.IsEmpty(Window(Videos).Property(PlayingBackgroundMedia))] + ![Window.IsVisible(notification) | Window.IsVisible(extendedprogressdialog)]</visible>
                    </control>
                    <control type="image">
                        <width>32</width>
                        <height>32</height>
                        <fadetime>300</fadetime>
                        <aspectratio>keep</aspectratio>
                        <texture colordiffuse="b3ededed">dialogs/volume/mute.png</texture>
                        <visible>Player.Muted + ![Window.IsVisible(notification) | Window.IsVisible(extendedprogressdialog)]</visible>
                    </control>
                    <control type="image">
                        <top>2</top>
                        <left>2</left>
                        <width>28</width>
                        <height>28</height>
                        <fadetime>300</fadetime>
                        <aspectratio>keep</aspectratio>
                        <texture colordiffuse="ff333333">icons/power.png</texture>
                        <visible>System.HasAlarm(shutdowntimer) + ![Window.IsVisible(notification) | Window.IsVisible(extendedprogressdialog)]</visible>
                    </control>
                    <control type="image">
                        <left>2</left>
                        <width>32</width>
                        <height>32</height>
                        <aspectratio>keep</aspectratio>
                        <texture colordiffuse="$VAR[ColorHighlight]">$VAR[NowPlayingIconVar]</texture>
                        <visible>!Control.IsVisible(503) + Player.HasMedia + String.IsEmpty(Window(Videos).Property(PlayingBackgroundMedia)) + !System.HasAlarm(shutdowntimer) + ![Window.IsVisible(notification) | Window.IsVisible(extendedprogressdialog)]</visible>
                    </control>
                    <control type="image">
                        <height>32</height>
                        <width>32</width>
                        <aspectratio>keep</aspectratio>
                        <texture colordiffuse="FFcccccc">buttons/info.png</texture>
                        <visible>Window.IsVisible(notification) + !Window.IsVisible(extendedprogressdialog)</visible>
                    </control>
                </control>

                <!-- first labels -->
                <control type="group">
                    <width>600</width>
                    <animation effect="fade" start="100" end="0" time="200" condition="Window.IsVisible(notification) | Window.IsVisible(extendedprogressdialog)">Conditional</animation>
                    <include content="TopBarLabels">
                        <param name="breadcrumbs_label" value="$PARAM[breadcrumbs_label]"/>
                    </include>
                </control>

                <!-- sublabel -->
                <control type="group">
                    <width>400</width>
                    <control type="label" id="18900">
                        <label>$PARAM[sublabel]</label>
                        <height>64</height>
                        <textcolor>b3ededed</textcolor>
                        <font>font30_title_upp</font>
                    </control>
                </control>

                <!-- right side -->
                <control type="group">
                    <width>600</width>
                    <control type="grouplist">
                        <height>100</height>
                        <right>160</right>
                        <align>right</align>
                        <itemgap>6</itemgap>
                        <orientation>horizontal</orientation>
                        <usecontrolcoords>true</usecontrolcoords>
                        <control type="label">
                            <font>font30_title_upp</font>
                            <height>64</height>
                            <width>auto</width>
                            <textcolor>b3ededed</textcolor>
                            <animation effect="fade" start="100" end="0" time="300" condition="Window.Next(screencalibration)">WindowClose</animation>
                            <label>$INFO[System.Time]</label>
                            <visible>!Skin.HasSetting(DisableClock)</visible>
                        </control>
                        <control type="label">
                            <top>5</top>
                            <height>64</height>
                            <width>auto</width>
                            <textcolor>b3ededed</textcolor>
                            <label>•</label>
                            <visible>Skin.HasSetting(show_weatherinfo) + Weather.IsFetched + ![String.IsEqual(Weather.FanartCode,na)]</visible>
                        </control>
                        <control type="label">
                            <top>5</top>
                            <height>64</height>
                            <width>auto</width>
                            <textcolor>b3ededed</textcolor>
                            <label>$INFO[Window(Weather).Property(Current.Temperature)]$INFO[System.TemperatureUnits]</label>
                            <visible>Skin.HasSetting(show_weatherinfo) + Weather.IsFetched + ![String.IsEqual(Weather.FanartCode,na)]</visible>
                        </control>
                        <control type="image">
                            <top>-8</top>
                            <width>64</width>
                            <height>64</height>
                            <fadetime>300</fadetime>
                            <aspectratio>keep</aspectratio>
                            <texture colordiffuse="b3ededed">$INFO[Weather.FanartCode,weather/small/,.png]</texture>
                            <visible>Skin.HasSetting(show_weatherinfo) + Weather.IsFetched + ![String.IsEqual(Weather.FanartCode,na)]</visible>
                        </control>
                    </control>
                </control>

            </control>

        </definition>
    </include>
    <include name="TopBarLabels">
        <left>30</left>
        <height>64</height>
        <control type="label">
            <font>font30_title_upp</font>
            <textcolor>b3ededed</textcolor>
            <label>$INFO[System.AlarmPos]</label>
            <visible>System.HasAlarm(shutdowntimer)</visible>
        </control>
        <control type="label">
            <top>18</top>
            <label>$INFO[Player.Title]</label>
            <font>font25_title</font>
            <textcolor>b3ededed</textcolor>
            <width min="1" max="602">auto</width>
            <visible>!Control.IsVisible(503) + Player.HasMedia + String.IsEmpty(Window(Videos).Property(PlayingBackgroundMedia)) + !System.HasAlarm(shutdowntimer)</visible>
        </control>
        <control type="label">
            <label>$VAR[NowPlayingSublabelVar]</label>
            <font>font_tiny_hintlabel</font>
            <textcolor>b3ededed</textcolor>
            <width min="1" max="602">auto</width>
            <visible>!Control.IsVisible(503) + Player.HasMedia + String.IsEmpty(Window(Videos).Property(PlayingBackgroundMedia)) + !System.HasAlarm(shutdowntimer)</visible>
        </control>
        <control type="label">
            <label>$PARAM[breadcrumbs_label]$INFO[Container.ShowTitle, • ]</label>
            <font>font30_title_upp</font>
            <textcolor>b3ededed</textcolor>
            <visible>!String.IsEmpty(Container.ShowTitle) + !String.IsEqual(Container.ShowTitle,Container.FolderName) + Container.Content() + !System.HasAlarm(shutdowntimer) + ![Player.HasMedia + String.IsEmpty(Window(Videos).Property(PlayingBackgroundMedia))]</visible>
        </control>
        <control type="label">
            <label>$PARAM[breadcrumbs_label]$INFO[Container.FolderName, • ]</label>
            <font>font30_title_upp</font>
            <textcolor>b3ededed</textcolor>
            <visible>![Container.Content() + Window.IsActive(videos)] + !System.HasAlarm(shutdowntimer)</visible>
            <visible>![Window.IsActive(MyPVRChannels.xml) | Window.IsActive(MyPVRTimers.xml) | Window.IsActive(MyPVRRecordings.xml) | Window.IsActive(MyPVRSearch.xml)] + String.IsEmpty(Container.PluginCategory) + ![Player.HasMedia + String.IsEmpty(Window(Videos).Property(PlayingBackgroundMedia))]</visible>
        </control>
        <control type="label">
            <label>$PARAM[breadcrumbs_label]$INFO[Container.PluginCategory, • ]</label>
            <font>font30_title_upp</font>
            <textcolor>b3ededed</textcolor>
            <visible>!String.isempty(Container.PluginCategory) + !System.HasAlarm(shutdowntimer) + ![Player.HasMedia + String.IsEmpty(Window(Videos).Property(PlayingBackgroundMedia))]</visible>
        </control>
        <control type="label">
            <label>$PARAM[breadcrumbs_label]$INFO[Control.GetLabel(10),: ]</label>
            <font>font30_title_upp</font>
            <textcolor>b3ededed</textcolor>
            <visible>!String.IsEqual(Control.GetLabel(10),$LOCALIZE[16100]) + Window.IsActive(videos) + !System.HasAlarm(shutdowntimer) + ![Player.HasMedia + String.IsEmpty(Window(Videos).Property(PlayingBackgroundMedia))]</visible>
        </control>
        <control type="label">
            <label>($LOCALIZE[31052])</label>
            <font>font30_title_upp</font>
            <textcolor>b3ededed</textcolor>
            <visible>Container.Filtered + !System.HasAlarm(shutdowntimer) + ![Player.HasMedia + String.IsEmpty(Window(Videos).Property(PlayingBackgroundMedia))]</visible>
        </control>
        <control type="label">
            <label>($LOCALIZE[31435])</label>
            <font>font30_title_upp</font>
            <textcolor>b3ededed</textcolor>
            <visible>Window.IsVisible(1170) + !System.HasAlarm(shutdowntimer) + ![Player.HasMedia + String.IsEmpty(Window(Videos).Property(PlayingBackgroundMedia))]</visible>
        </control>
    </include>
    <include name="InfoDialogTopBarInfo">
        <param name="id">33333</param>
        <param name="posy">20</param>
        <definition>
            <control type="grouplist">
                <left>100</left>
                <right>100</right>
                <top>$PARAM[posy]</top>
                <animation effect="fade" start="0" end="100" time="300" delay="300">WindowOpen</animation>
                <animation effect="fade" start="100" end="0" time="200">WindowClose</animation>
                <height>150</height>
                <itemgap>0</itemgap>
                <orientation>vertical</orientation>
                <control type="label">
                    <width>100%</width>
                    <label>$PARAM[main_label]</label>
                    <font>font30_title_upp</font>
                    <height>65</height>
                    <align>center</align>
                    <scroll>true</scroll>
                    <textcolor>white</textcolor>
                    <animation effect="slide" start="0,0" end="0,25" time="0" condition="String.IsEmpty(Control.GetLabel($PARAM[id]))">Conditional</animation>
                </control>
                <control type="label" id="$PARAM[id]">
                    <label>$PARAM[sub_label]</label>
                    <left>85</left>
                    <align>center</align>
                    <height>100</height>
                    <width>100%</width>
                    <textcolor>white</textcolor>
                </control>
            </control>
        </definition>
    </include>
    <!-- Bottom bar -->
    <include name="BottomBar">
        <param name="info_visible">False</param>
        <definition>
            <control type="group">
                <animation effect="slide" end="0,112" time="300" tween="sine" easing="inout" condition="$EXP[infodialog_active]">conditional</animation>
                <depth>DepthBars</depth>
                <animation effect="fade" start="100" end="0" time="300" condition="Window.Next(visualisation) | Window.Next(screencalibration)">WindowClose</animation>
                <animation effect="fade" start="0" end="100" time="300" condition="Window.Previous(fullscreenvideo) | Window.Previous(startup) | Window.Previous(visualisation)">WindowOpen</animation>
                <bottom>0</bottom>
                <control type="group">
                    <visible>$PARAM[info_visible]</visible>
                    <visible>!System.HasActiveModalDialog</visible>
                    <visible>!Skin.HasSetting(touchmode)</visible>
                    <animation effect="fade" time="400">VisibleChange</animation>
                    <animation effect="fade" start="0" end="100" time="400">WindowOpen</animation>
                    <animation effect="fade" start="100" end="0" time="300">WindowClose</animation>
                    <control type="button">
                        <bottom>20</bottom>
                        <left>12</left>
                        <width>36</width>
                        <height>36</height>
                        <animation effect="rotate" end="-90" center="auto" time="200" reversible="true" condition="Control.IsVisible(51) | Control.IsVisible(53)">Conditional</animation>
                        <texturefocus colordiffuse="$VAR[ColorHighlight]">frame/menu-nofo.png</texturefocus>
                        <texturenofocus colordiffuse="FFCCCCCC">frame/menu-nofo.png</texturenofocus>
                        <animation effect="fade" time="200">VisibleChange</animation>
                        <onclick>SetFocus(9000)</onclick>
                        <visible>!Control.IsVisible(6160)</visible>
                    </control>
                    <control type="button" id="6160">
                        <bottom>20</bottom>
                        <left>12</left>
                        <width>36</width>
                        <height>36</height>
                        <texturefocus colordiffuse="$VAR[ColorHighlight]">icons/menu.png</texturefocus>
                        <texturenofocus colordiffuse="FFCCCCCC">icons/menu.png</texturenofocus>
                        <animation effect="fade" time="200">VisibleChange</animation>
                        <onclick>SetFocus(9000)</onclick>
                        <visible>Window.IsActive(MyPVRGuide.xml)</visible>
                    </control>
                    <control type="button">
                        <bottom>16</bottom>
                        <left>64</left>
                        <width>300</width>
                        <height>44</height>
                        <textcolor>b3ededed</textcolor>
                        <label>$LOCALIZE[33063]</label>
                        <onclick>SetFocus(9000)</onclick>
                        <texturefocus/>
                        <texturenofocus/>
                    </control>
                </control>
            </control>
        </definition>
    </include>
    <include name="BottomBarTwoListInfo">
        <control type="group">
            <animation effect="fade" start="0" end="100" time="400">WindowOpen</animation>
            <animation effect="fade" start="100" end="0" time="300">WindowClose</animation>
            <control type="grouplist">
                <orientation>horizontal</orientation>
                <align>right</align>
                <bottom>0</bottom>
                <height>65</height>
                <itemgap>10</itemgap>
                <right>24</right>
                <width>1200</width>
                <control type="label">
                    <width>auto</width>
                    <height>48</height>
                    <aligny>center</aligny>
                    <align>right</align>
                    <textcolor>b3ededed</textcolor>
                    <label>$INFO[Container($PARAM[right_container_id]).CurrentItem,, • ]$INFO[Container($PARAM[right_container_id]).NumItems]</label>
                </control>
                <control type="image">
                    <width>54</width>
                    <height>44</height>
                    <aspectratio>keep</aspectratio>
                    <texture colordiffuse="$VAR[ColorHighlight]">frame/item-count.png</texture>
                </control>
            </control>
            <control type="grouplist">
                <orientation>horizontal</orientation>
                <bottom>0</bottom>
                <height>65</height>
                <left>24</left>
                <width>1200</width>
                <itemgap>10</itemgap>
                <control type="image">
                    <width>54</width>
                    <height>44</height>
                    <aspectratio>keep</aspectratio>
                    <texture colordiffuse="$VAR[ColorHighlight]">frame/item-count.png</texture>
                </control>
                <control type="label">
                    <width>auto</width>
                    <height>48</height>
                    <aligny>center</aligny>
                    <align>right</align>
                    <textcolor>b3ededed</textcolor>
                    <label>$INFO[Container($PARAM[left_container_id]).CurrentItem,, • ]$INFO[Container($PARAM[left_container_id]).NumItems]</label>
                </control>
            </control>
        </control>
    </include>
</includes>
