<?xml version="1.0" encoding="UTF-8"?>
<includes>
    <include name="View_50_List">
        <control type="group">
            <top>120</top>
            <left>0</left>
            <visible>Control.IsVisible(50)</visible>
            <control type="image">
                <centerleft>50%</centerleft>
                <height>780</height>
                <width>1600</width>
                <texture colordiffuse="AltPosterBack" border="12">common/box.png</texture>
                <bordertexture border="40">common/shadow-24.png</bordertexture>
                <bordersize>24</bordersize>
            </control>
            <control type="fixedlist" id="50">
                <top>30</top>
                <bottom>30</bottom>
                <left>184</left>
                <width>900</width>
                <height>710</height>
                <movement>3</movement>
                <focusposition>4</focusposition>
                <scrolltime tween="cubic" easing="out">500</scrolltime>
                <orientation>vertical</orientation>
                <pagecontrol>60</pagecontrol>
                <onleft>SetFocus(9000)</onleft>
                <onup>50</onup>
                <ondown>50</ondown>
                <viewtype label="$LOCALIZE[535]">list</viewtype>
                <include content="View_Forced">
                    <param name="string" value="$LOCALIZE[535]"/>
                </include>
                <visible>Container.Content(movies) | Container.Content(sets) | Container.Content(tvshows) | Container.Content(seasons) | Container.Content(episodes) | Container.Content(games) | Window.IsActive(videoplaylist) | Window.IsActive(musicplaylist)</visible>
                <focusedlayout height="list_item_height">
                    <control type="group">
                        <control type="image">
                            <texture colordiffuse="$VAR[ColorHighlight]" border="10">common/box.png</texture>
                        </control>
                        <control type="image">
                            <texture colordiffuse="$VAR[ColorGradient]" border="10">common/box-gradient.png</texture>
                        </control>
                        <visible>Control.HasFocus(50)</visible>
                    </control>
                    <control type="label">
                        <left>30</left>
                        <right>70</right>
                        <top>0</top>
                        <bottom>0</bottom>
                        <aligny>center</aligny>
                        <scroll>true</scroll>
                        <font>font27</font>
                        <textcolor>white</textcolor>
                        <label>$INFO[ListItem.Year]</label>
                    </control>
                    <control type="label">
                        <left>140</left>
                        <right>70</right>
                        <top>0</top>
                        <bottom>0</bottom>
                        <aligny>center</aligny>
                        <font>font27</font>
                        <textcolor>white</textcolor>
                        <label>$VAR[ListLabelVarExtended]</label>
                    </control>
                    <control type="label">
                        <top>0</top>
                        <bottom>0</bottom>
                        <left>100</left>
                        <right>20</right>
                        <align>right</align>
                        <aligny>center</aligny>
                        <font>font12</font>
                        <textcolor>white</textcolor>
                        <label>$VAR[ListLabel2Var]</label>
                        <animation effect="fade" start="70" end="100" time="300" reversible="false">Focus</animation>
                    </control>
                    <control type="image">
                        <left>101</left>
                        <centertop>50%</centertop>
                        <width>32</width>
                        <height>32</height>
                        <texture>$VAR[ListWatchedIconVar]</texture>
                        <animation effect="fade" start="30" end="100" time="300" reversible="false">Focus</animation>
                    </control>
                    <control type="image">
                        <left>101</left>
                        <centertop>50%</centertop>
                        <width>32</width>
                        <height>32</height>
                        <texture colordiffuse="$VAR[ColorHighlight]">$VAR[ListWatchedIconVar]</texture>
                        <animation effect="fade" start="0" end="100" time="300" reversible="false">Focus</animation>
                        <animation effect="fade" time="150">VisibleChange</animation>
                        <visible>!Control.HasFocus(50)</visible>
                    </control>
                </focusedlayout>
                <itemlayout height="list_item_height">
                    <control type="label">
                        <left>30</left>
                        <right>70</right>
                        <top>0</top>
                        <bottom>0</bottom>
                        <aligny>center</aligny>
                        <scroll>true</scroll>
                        <font>font27</font>
                        <textcolor>b3ededed</textcolor>
                        <label>$INFO[ListItem.Year]</label>
                    </control>
                    <control type="label">
                        <left>140</left>
                        <right>70</right>
                        <top>0</top>
                        <bottom>0</bottom>
                        <aligny>center</aligny>
                        <font>font27</font>
                        <textcolor>b3ededed</textcolor>
                        <label>$VAR[ListLabelVarExtended]</label>
                    </control>
                    <control type="label">
                        <left>20</left>
                        <right>20</right>
                        <top>0</top>
                        <bottom>0</bottom>
                        <align>right</align>
                        <aligny>center</aligny>
                        <font>font12</font>
                        <textcolor>b3ededed</textcolor>
                        <label>$VAR[ListLabel2Var]</label>
                    </control>
                    <control type="image">
                        <left>101</left>
                        <centertop>50%</centertop>
                        <width>32</width>
                        <height>32</height>
                        <texture colordiffuse="b3ededed">$VAR[ListWatchedIconVar]</texture>
                    </control>
                </itemlayout>
            </control>
            <control type="group">
                <top>25</top>
                <bottom>45</bottom>
                <include content="Object_Scrollbar_Vert">
                    <param name="visible" value="Control.IsVisible(50)"/>
                    <param name="left" value="1038"/>
                </include>
            </control>
            <control type="group">
                <control type="group">
                    <right>-20</right>
                    <width>634</width>
                    <include content="RightListPanel">
                        <param name="list_id" value="50"/>
                    </include>
                </control>
            </control>
        </control>
    </include>
    <include name="RightListPanel">
        <control type="group">
            <control type="group">
                <width>700</width>
                <height>450</height>
                <control type="image">
                    <top>25</top>
                    <right>270</right>
                    <width>652</width>
                    <height>80</height>
                    <texture colordiffuse="AltPosterBack" border="12">diffuse/box-right-corner.png</texture>
                    <visible>!String.IsEmpty(ListItem.Tagline) | !String.IsEmpty(ListItem.Studio)</visible>
                </control>
                <control type="image">
                    <top>105</top>
                    <right>270</right>
                    <width>652</width>
                    <height>1</height>
                    <texture colordiffuse="1Fededed">common/white.png</texture>
                    <visible>!String.IsEmpty(ListItem.Tagline) | !String.IsEmpty(ListItem.Studio)</visible>
                </control>
                <control type="label">
                    <top>50</top>
                    <right>300</right>
                    <width>600</width>
                    <textcolor>white</textcolor>
                    <shadowcolor>ff000000</shadowcolor>
                    <visible>![ListItem.IsCollection + String.IsEmpty(ListItem.Plot)]</visible>
                    <label>$INFO[ListItem.Tagline]</label>
                </control>
                <control type="label">
                    <top>50</top>
                    <right>300</right>
                    <width>600</width>
                    <textcolor>white</textcolor>
                    <shadowcolor>ff000000</shadowcolor>
                    <label>$INFO[ListItem.Studio]</label>
                    <visible>String.IsEmpty(ListItem.Tagline)</visible>
                </control>
                <control type="group">
                    <top>290</top>
                    <left>-200</left>
                    <include content="Object_Info_Line">
                        <param name="visible_infoline" value="true"/>
                    </include>
                    <control type="group">
                        <top>30</top>
                        <control type="image">
                            <top>20</top>
                            <width>32</width>
                            <height>32</height>
                            <texture background="true" colordiffuse="$VAR[ColorHighlight]">common/circle.png</texture>
                            <visible>!String.IsEmpty(ListItem.Studio) | !String.IsEmpty(ListItem.Genre)</visible>
                        </control>
                        <control type="image">
                            <top>12</top>
                            <left>-7</left>
                            <width>48</width>
                            <height>48</height>
                            <texture colordiffuse="ffffffff">special://skin/extras/icons/genre.png</texture>
                            <visible>!String.IsEmpty(ListItem.Genre)</visible>
                        </control>
                        <control type="textbox">
                            <top>-8</top>
                            <left>48</left>
                            <width>680</width>
                            <height>88</height>
                            <aligny>center</aligny>
                            <font>font_tiny_hintlabel</font>
                            <wrapmultiline>true</wrapmultiline>
                            <label>$INFO[ListItem.Genre]</label>
                            <visible>!String.IsEmpty(ListItem.Genre)</visible>
                            <autoscroll delay="6000" time="4500" repeat="7000">!String.IsEmpty(ListItem.Genre) + Skin.HasSetting(autoscroll)</autoscroll>
                        </control>
                    </control>
                </control>
                <control type="label">
                    <top>140</top>
                    <right>300</right>
                    <width>600</width>
                    <height>110</height>
                    <font>font32_title</font>
                    <textcolor>white</textcolor>
                    <shadowcolor>ff000000</shadowcolor>
                    <label>$INFO[ListItem.Label]</label>
                </control>
                <control type="textbox">
                    <top>195</top>
                    <right>300</right>
                    <width>600</width>
                    <height>90</height>
                    <textcolor>white</textcolor>
                    <shadowcolor>ff000000</shadowcolor>
                    <visible>![ListItem.IsCollection + String.IsEmpty(ListItem.Plot)]</visible>
                    <label>$INFO[ListItem.Plot]</label>
                    <autoscroll delay="5000" time="5000" repeat="10000">!Skin.HasSetting(autoscroll)</autoscroll>
                </control>
                <control type="group">
                    <left>20</left>
                    <top>245</top>
                    <visible>ListItem.IsCollection + String.IsEmpty(ListItem.Plot)</visible>
                    <include content="InfoList">
                        <param name="bottom" value="108"/>
                        <param name="width" value="540"/>
                        <param name="sortby" value="year"/>
                        <param name="sortorder" value="ascending"/>
                        <param name="font" value="font13"/>
                    </include>
                </control>
            </control>
        </control>
        <control type="group">
            <control type="group">
                <control type="group">
                    <top>$PARAM[top]</top>
                    <control type="image">
                        <right>180</right>
                        <width>700</width>
                        <height>780</height>
                        <texture colordiffuse="AltPosterBack" border="12">common/box-half-right.png</texture>
                        <bordersize>24</bordersize>
                    </control>
                    <control type="image">
                        <top>25</top>
                        <right>855</right>
                        <height>730</height>
                        <width>1</width>
                        <texture colordiffuse="AltPosterBack">common/white.png</texture>
                    </control>
                </control>
                <control type="group">
                    <visible>!Container.Content(songs)</visible>
                    <control type="image">
                        <top>180</top>
                        <right>190</right>
                        <width>680</width>
                        <aspectratio aligny="center" scalediffuse="true">keep</aspectratio>
                        <texture fallback="DefaultVideo.png" background="true" diffuse="diffuse/landscape-big.png">$VAR[Image_Landscape]</texture>
                        <bordertexture border="24">common/shadow-24.png</bordertexture>
                        <bordersize>24</bordersize>
                    </control>
                    <control type="group">
                        <left>291</left>
                        <top>950</top>
                        <include content="RatingCircle">
                            <param name="animation" value="True"/>
                        </include>
                    </control>
                </control>
                <control type="group">
                    <visible>Control.IsVisible(503) + Window.IsActive(musicplaylist)</visible>
                    <control type="image">
                        <left>58</left>
                        <top>110</top>
                        <width>540</width>
                        <height>470</height>
                        <aspectratio aligny="bottom">keep</aspectratio>
                        <fadetime>300</fadetime>
                        <texture fallback="DefaultAudio.png" background="true">$INFO[Player.Icon]</texture>
                    </control>
                    <control type="group">
                        <left>301</left>
                        <top>560</top>
                        <control type="group">
                            <include content="UserRatingContent" condition="Skin.HasSetting(circle_userrating)">
                                <param name="infolabel" value="MusicPlayer.UserRating"/>
                            </include>
                            <include content="UserRatingContent" condition="Skin.HasSetting(circle_rating)">
                                <param name="infolabel" value="MusicPlayer.Rating"/>
                            </include>
                        </control>
                    </control>
                    <control type="textbox" id="15599">
                        <visible>Player.HasAudio + Window.IsActive(musicplaylist)</visible>
                        <left>58</left>
                        <top>600</top>
                        <width>540</width>
                        <bottom>70</bottom>
                        <autoscroll time="5000" delay="5000" repeat="5000">!System.HasModalDialog + !Skin.HasSetting(AutoScroll)</autoscroll>
                        <label>[B]$LOCALIZE[31000]: $INFO[musicplayer.Playlistposition,]$INFO[musicplayer.Playlistlength,/][/B][CR]$VAR[NowPlayingInfoVar]</label>
                    </control>
                    <control type="textbox" id="15599">
                        <visible>!Player.HasAudio + Window.IsActive(musicplaylist)</visible>
                        <left>58</left>
                        <top>640</top>
                        <width>540</width>
                        <bottom>70</bottom>
                        <autoscroll time="5000" delay="5000" repeat="5000">!System.HasModalDialog + !Skin.HasSetting(AutoScroll)</autoscroll>
                        <label>[COLOR $VAR[ColorHighlight]][B]$LOCALIZE[31000]: [/COLOR]$LOCALIZE[36623][/B]</label>
                    </control>
                </control>
            </control>
        </control>
    </include>
    <include name="ListThumbInfoPanel">
        <param name="fallback_image"/>
        <param name="flip_bg">false</param>
        <param name="top">120</param>
        <definition>
            <control type="group">
                <control type="image">
                    <top>$PARAM[top]</top>
                    <right>160</right>
                    <width>540</width>
                    <height>780</height>
                    <texture colordiffuse="AltPosterBack" border="12">common/box-half-right.png</texture>
                    <bordersize>24</bordersize>
                </control>
                <control type="image">
                    <top>100</top>
                    <right>270</right>
                    <height>780</height>
                    <width>1</width>
                    <texture colordiffuse="b3dedede">common/white.png</texture>
                    <visible>Control.HasFocus(50)</visible>
                </control>
                <control type="image">
                    <top>$PARAM[top]</top>
                    <right>118</right>
                    <width>620</width>
                    <height>780</height>
                    <aspectratio scalediffuse="true">keep</aspectratio>
                    <texture background="true" border="24" diffuse="diffuse/poster-big-half-right.png">$VAR[IconWallThumbVar]</texture>
                    <bordersize>24</bordersize>
                    <visible>!String.IsEmpty(Listitem.Art(poster))</visible>
                </control>
                <control type="image">
                    <top>180</top>
                    <right>172</right>
                    <width>512</width>
                    <aspectratio scalediffuse="true">keep</aspectratio>
                    <texture background="true" border="24" diffuse="diffuse/square-diffuse-big.png">$VAR[IconWallThumbVar]</texture>
                    <bordersize>24</bordersize>
                    <visible>String.IsEmpty(Listitem.Art(poster))</visible>
                </control>
                <control type="image">
                    <right>119</right>
                    <width>620</width>
                    <height>780</height>
                    <centertop>50%</centertop>
                    <aspectratio scalediffuse="true">keep</aspectratio>
                    <fadetime>300</fadetime>
                    <texture background="true" diffuse="common/landscape-diffuse.png">$INFO[ListItem.Icon]</texture>
                    <bordertexture border="72" colordiffuse="AltPosterBack">common/dark-shadow-24-2.png</bordertexture>
                    <bordersize>24</bordersize>
                    <visible>String.IsEqual(ListItem.DbType,episode)</visible>
                </control>
                <control type="image">
                    <right>119</right>
                    <width>620</width>
                    <height>780</height>
                    <centertop>50%</centertop>
                    <aspectratio scalediffuse="true">keep</aspectratio>
                    <fadetime>300</fadetime>
                    <texture background="true" diffuse="common/landscape-diffuse.png">$INFO[ListItem.Icon]</texture>
                    <bordersize>18</bordersize>
                    <visible>String.IsEqual(ListItem.DbType,episode)</visible>
                </control>
                <control type="image">
                    <top>$PARAM[top]</top>
                    <right>119</right>
                    <width>620</width>
                    <height>780</height>
                    <aspectratio scalediffuse="true">keep</aspectratio>
                    <fadetime>300</fadetime>
                    <texture fallback="DefaultAudio.png" background="true" diffuse="diffuse/thumbinfopanel-diffuse.png">$VAR[IconWallThumbVar]</texture>
                    <bordersize>20</bordersize>
                    <visible>String.IsEqual(ListItem.DBType,song)</visible>
                </control>
                <control type="group">
                    <right>273</right>
                    <top>560</top>
                    <include condition="Skin.HasSetting(circle_rating) | Skin.HasSetting(circle_userrating)">RatingCircle</include>
                    <animation effect="slide" end="0,-140" time="0" condition="String.IsEqual(ListItem.DbType,episode)">conditional</animation>
                </control>
            </control>
        </definition>
    </include>
</includes>
