<?xml version="1.0" encoding="UTF-8"?>
<includes>
    <include name="Prime_Main">
        <control type="group" id="5600">
            <control type="image">
                <left>0</left>
                <top>0</top>
                <width>1440</width>
                <height>1080</height>
                <texture>overlays/overlayfade-h.png</texture>
            </control>
            <include content="Object_Item_PrimeShowcase">
                <param name="title" value="$VAR[Label_Title]"/>
                <param name="title_top" value="120"/>
                <param name="title_width" value="1200"/>
                <param name="plot" value="$VAR[Label_PlotTextBoxPrimeVar]"/>
                <param name="plot_top" value="375"/>
                <param name="info_line_top" value="320"/>
                <param name="clearlogo_top_margin" value="-740"/>
            </include>
            <visible>!$EXP[infodialog_active]</visible>
            <!-- <animation effect="slide" start="0" end="0,-800" time="1000" condition="Window.IsActive(1140)">Conditional</animation> -->
            <animation effect="fade" start="100" end="0" time="200" condition="Window.IsActive(1140)">Conditional</animation>
        </control>
        <control type="group">
            <top>250</top>
            <left>150</left>
            <control type="group">
                <control type="image">
                    <top>-75</top>
                    <left>1155</left>
                    <width>476</width>
                    <height>290</height>
                    <aspectratio>scale</aspectratio>
                    <texture diffuse="common/geometric.png" colordiffuse="$VAR[ColorHighlight]">common/white.png</texture>
                    <bordertexture border="32">common/dark-shadow-24.png</bordertexture>
                    <bordersize>24</bordersize>
                </control>
                <control type="image">
                    <top>-50</top>
                    <left>1180</left>
                    <width max="426">426</width>
                    <height max="240">240</height>
                    <aspectratio>stretch</aspectratio>
                    <texture>$INFO[Listitem.EpgEventIcon]</texture>
                </control>
                <include content="Selectbox">
                    <param name="pad_top_b" value="-70"/>
                    <param name="pad_bottom_b" value="620"/>
                    <param name="pad_left_b" value="1160"/>
                    <param name="pad_right_b" value="140"/>
                    <param name="pad_top_t" value="-66"/>
                    <param name="pad_bottom_t" value="624"/>
                    <param name="pad_left_t" value="1164"/>
                    <param name="pad_right_t" value="144"/>
                    <param name="visible_posters" value="false"/>
                    <param name="visible_squares" value="false"/>
                    <param name="visible_landscapes" value="true"/>
                </include>
                <visible>!String.IsEmpty(Listitem.EpgEventIcon)</visible>
            </control>
            <visible>String.StartsWith(ListItem.FolderPath,pvr://) + Skin.HasSetting(ShowEPGEventIcon)</visible>
        </control>
        <control type="group">
            <animation effect="fade" start="100" end="0" time="200" tween="sine" condition="$EXP[infodialog_active]">Conditional</animation>
            <control type="group" id="2000">
                <animation type="Conditional" condition="Control.IsVisible(20000)" reversible="false">
                    <effect type="slide" end="0,20" time="60" tween="sine"/>
                    <effect type="slide" end="0,-20" time="180" tween="sine" delay="80"/>
                </animation>
                <animation type="Conditional" condition="Control.IsVisible(20001)" reversible="false">
                    <effect type="slide" end="0,-20" time="60" tween="sine"/>
                    <effect type="slide" end="0,20" time="180" tween="sine" delay="80"/>
                </animation>
                <animation effect="slide" start="0" end="0,280" time="400" tween="quadratic" condition="Window.IsActive(1140) + !Skin.HasSetting(PlayTrailersFullScreen)">Conditional</animation>
                <animation effect="slide" start="0" end="0,560" time="400" tween="quadratic" condition="Window.IsActive(1140) + Skin.HasSetting(PlayTrailersFullScreen)">Conditional</animation>
                <left>122</left>
                <control type="grouplist" id="3000">
                    <visible>!String.IsEqual(Container(9989).ListItemAbsolute(0).Property(list),Settings) + !String.IsEqual(Container(9989).ListItemAbsolute(0).Property(list),Weather)</visible>
                    <top>595</top>
                    <height>999999</height>
                    <usecontrolcoords>false</usecontrolcoords>
                    <include content="Animation_Widget_Slide">
                        <param name="container" value="3000"/>
                    </include>
                    <include condition="String.IsEmpty(Skin.String(FlixedScrolling))">skinshortcuts-template-vertical</include>
                    <visible>String.IsEmpty(Skin.String(FlixedScrolling))</visible>
                </control>
                <control type="grouplist" id="3000">
                    <visible>!String.IsEqual(Container(9989).ListItemAbsolute(0).Property(list),Settings) + !String.IsEqual(Container(9989).ListItemAbsolute(0).Property(list),Weather)</visible>
                    <top>595</top>
                    <left>-215</left>
                    <height>999999</height>
                    <width>2300</width>
                    <usecontrolcoords>false</usecontrolcoords>
                    <include content="Animation_Widget_Slide">
                        <param name="container" value="3000"/>
                    </include>
                    <include condition="!String.IsEmpty(Skin.String(FlixedScrolling))">skinshortcuts-template-vertical-flix</include>
                    <visible>!String.IsEmpty(Skin.String(FlixedScrolling))</visible>
                </control>
                <control type="group">
                    <top>0</top>
                    <left>-135</left>
                    <width>135</width>
                    <height>1080</height>
                    <control type="image">
                        <texture colordiffuse="BFFFFFFF">colors/black.png</texture>
                    </control>
                    <visible>ControlGroup(3000).HasFocus + !String.IsEmpty(Skin.String(FlixedScrolling)) + !Skin.HasSetting(TMDbHelper.EnableBlur)</visible>
                    <animation effect="fade" start="100" end="0" time="200" condition="Window.IsActive(1140)">Conditional</animation>
                </control>
                <control type="group">
                    <top>595</top>
                    <left>0</left>
                    <visible>ControlGroup(3000).HasFocus + !String.IsEmpty(Skin.String(FlixedScrolling)) + Integer.IsGreater(Container(7502).NumItems,0)</visible>
                    <control type="group">
                        <width>270</width>
                        <height>382</height>
                        <include content="Selectbox">
                            <param name="pad_top_b" value="-15"/>
                            <param name="pad_bottom_b" value="-22"/>
                            <param name="pad_left_b" value="-15"/>
                            <param name="pad_right_b" value="-5"/>
                            <param name="pad_top_t" value="-10"/>
                            <param name="pad_bottom_t" value="-16"/>
                            <param name="pad_left_t" value="-15"/>
                            <param name="pad_right_t" value="0"/>
                            <param name="visible_posters" value="String.IsEqual(Window(home).Property(currentPoster),true)"/>
                            <param name="visible_squares" value="false"/>
                            <param name="visible_landscapes" value="false"/>
                        </include>
                        <include content="View_WatchedOverlay">
                            <param name="bottom" value="-25"/>
                            <param name="right" value="44"/>
                            <param name="visible" value="String.IsEqual(Window(home).Property(currentPoster),true) + !Skin.HasSetting(DisableWatchedOverlay)"/>
                        </include>
                    </control>
                    <control type="group">
                        <width>360</width>
                        <height>382</height>
                        <include content="Selectbox">
                            <param name="pad_top_b" value="-15"/>
                            <param name="pad_bottom_b" value="-23"/>
                            <param name="pad_left_b" value="-15"/>
                            <param name="pad_right_b" value="17"/>
                            <param name="pad_top_t" value="-8"/>
                            <param name="pad_bottom_t" value="-18"/>
                            <param name="pad_left_t" value="-10"/>
                            <param name="pad_right_t" value="22"/>
                            <param name="visible_posters" value="false"/>
                            <param name="visible_squares" value="String.IsEqual(Window(home).Property(currentSquare),true)"/>
                            <param name="visible_landscapes" value="false"/>
                        </include>
                        <include content="View_WatchedOverlay">
                            <param name="bottom" value="-25"/>
                            <param name="right" value="72"/>
                            <param name="visible" value="String.IsEqual(Window(home).Property(currentSquare),true) + !Skin.HasSetting(DisableWatchedOverlay)"/>
                        </include>
                    </control>
                    <control type="group">
                        <width>590</width>
                        <height>375</height>
                        <include content="Selectbox">
                            <param name="pad_top_b" value="-8"/>
                            <param name="pad_bottom_b" value="18"/>
                            <param name="pad_left_b" value="-8"/>
                            <param name="pad_right_b" value="10"/>
                            <param name="pad_top_t" value="-3"/>
                            <param name="pad_bottom_t" value="23"/>
                            <param name="pad_left_t" value="-5"/>
                            <param name="pad_right_t" value="13"/>
                            <param name="visible_posters" value="false"/>
                            <param name="visible_squares" value="false"/>
                            <param name="visible_landscapes" value="[String.IsEqual(Window(home).Property(currentLandscape),true) | String.IsEqual(Window(home).Property(currentFanart),true)] + !Skin.HasSetting(DisableWatchedOverlay)"/>
                        </include>
                        <include content="View_WatchedOverlay">
                            <param name="bottom" value="18"/>
                            <param name="right" value="72"/>
                            <param name="visible" value="String.IsEqual(Window(home).Property(currentLandscape),true) | String.IsEqual(Window(home).Property(currentFanart),true)"/>
                        </include>
                    </control>
                </control>
                <control type="group" id="4000">
                    <visible>String.IsEqual(Container(9989).ListItemAbsolute(0).Property(list),Weather)</visible>
                    <animation effect="slide" start="0,0" end="-280,0" time="350" reversible="true" tween="cubic" easing="inout" condition="!Control.HasFocus(9000)">Conditional</animation>
                    <animation effect="slide" start="0,0" end="280" time="350" reversible="true" tween="cubic" easing="inout" condition="Control.HasFocus(9001)">Conditional</animation>
                    <width>1800</width>
                    <left>280</left>
                    <include content="View_Weather">
                        <param name="left" value="-130"/>
                        <param name="topbar_visible" value="true"/>
                    </include>
                </control>
                <control type="group" id="5000">
                    <visible>String.IsEqual(Container(9989).ListItemAbsolute(0).Property(list),Settings)</visible>
                    <animation effect="slide" start="0,0" end="-280,0" time="350" reversible="true" tween="cubic" easing="inout" condition="!Control.HasFocus(9000)">Conditional</animation>
                    <animation effect="slide" start="0,0" end="280" time="350" reversible="true" tween="cubic" easing="inout" condition="Control.HasFocus(9001)">Conditional</animation>
                    <centerleft>50%</centerleft>
                    <width>1600</width>
                    <top>0</top>
                    <left>370</left>
                    <bottom>0</bottom>
                    <control type="label">
                        <left>30</left>
                        <top>200</top>
                        <height>400</height>
                        <textcolor>white</textcolor>
                        <label>$INFO[ListItem.Label]</label>
                        <align>left</align>
                        <font>font_pvr_clock</font>
                    </control>
                    <include>View_Settings</include>
                </control>
            </control>
            <control type="group">
                <control type="group">
                    <animation effect="slide" start="0,0" end="-714,0" time="250" reversible="true" tween="cubic" easing="inout" condition="!Control.HasFocus(9000) + !Control.HasFocus(9001) + !Control.HasFocus(303)">Conditional</animation>
                    <control type="image">
                        <texture>common/vignette-vert-menu.png</texture>
                        <width>714</width>
                    </control>
                </control>
                <control type="fixedlist" id="9000">
                    <animation effect="slide" start="0,0" end="0,-125" time="0" reversible="false" condition="Skin.HasSetting(DisabledProfileInfo)">Conditional</animation>
                    <left>50</left>
                    <top>285</top>
                    <width>396</width>
                    <height>750</height>
                    <bottom>-40</bottom>
                    <movement>11</movement>
                    <focusposition>0</focusposition>
                    <onleft>9001</onleft>
                    <include>Flix_Spotlight_ClearProperties_focus</include>
                    <onup condition="!Skin.HasSetting(DisabledProfileInfo)">700</onup>
                    <onright condition="!String.IsEqual(Container(9989).ListItem.Property(list),Settings) + !String.IsEqual(Container(9989).ListItem.Property(list),Weather)">3000</onright>
                    <onright condition="String.IsEqual(Container(9989).ListItem.Property(list),Weather)">4000</onright>
                    <onright condition="String.IsEqual(Container(9989).ListItem.Property(list),Settings)">5000</onright>
                    <scrolltime tween="cubic" easing="out">500</scrolltime>
                    <focusedlayout height="64">
                        <control type="group">
                            <visible>Control.HasFocus(9000)</visible>
                            <control type="image">
                                <left>0</left>
                                <width>48</width>
                                <height>64</height>
                                <texture colordiffuse="1Fededed">common/label-left.png</texture>
                            </control>
                            <control type="image">
                                <left>48</left>
                                <width>300</width>
                                <height>64</height>
                                <aspectratio scalediffuse="false">scale</aspectratio>
                                <texture colordiffuse="1Fededed">common/white.png</texture>
                            </control>
                            <control type="image">
                                <left>348</left>
                                <width>48</width>
                                <height>64</height>
                                <texture colordiffuse="1Fededed">common/label-right.png</texture>
                            </control>
                            <visible>!String.IsEqual(Skin.String(MenuStyle),Icons)</visible>
                        </control>
                        <control type="group">
                            <animation effect="slide" start="0,0" end="-50,0" time="350" reversible="true" tween="cubic" easing="inout" condition="!Control.HasFocus(9000) + !Control.HasFocus(303)">Conditional</animation>
                            <animation effect="slide" start="0,0" end="-120,0" time="350" reversible="true" tween="cubic" easing="inout" condition="Control.HasFocus(9001)">Conditional</animation>
                            <control type="group">
                                <control type="image">
                                    <left>22</left>
                                    <width>32</width>
                                    <height>64</height>
                                    <texture colordiffuse="1Fededed" border="5">common/menu-selected-left.png</texture>
                                    <visible>ControlGroup(3000).HasFocus | ControlGroup(4000).HasFocus | ControlGroup(5000).HasFocus | String.IsEqual(Skin.String(MenuStyle),Icons)</visible>
                                </control>
                                <control type="image">
                                    <left>54</left>
                                    <width>32</width>
                                    <height>64</height>
                                    <texture colordiffuse="1Fededed" border="5">common/menu-selected-right.png</texture>
                                    <visible>ControlGroup(3000).HasFocus | ControlGroup(4000).HasFocus | ControlGroup(5000).HasFocus | String.IsEqual(Skin.String(MenuStyle),Icons)</visible>
                                </control>
                            </control>
                            <control type="image">
                                <left>22</left>
                                <top>0</top>
                                <width>64</width>
                                <height>64</height>
                                <texture colordiffuse="white">$INFO[ListItem.Art(thumb)]</texture>
                            </control>
                            <visible>String.IsEqual(Skin.String(MenuStyle),Icons) | String.IsEqual(Skin.String(MenuStyle),IconsText) | String.IsEmpty(Skin.String(MenuStyle))</visible>
                        </control>
                        <control type="group">
                            <animation effect="slide" start="0,0" end="-714,0" time="350" reversible="true" tween="cubic" easing="inout" condition="!Control.HasFocus(9000) + !Control.HasFocus(303)">Conditional</animation>
                            <control type="label">
                                <left>104</left>
                                <top>0</top>
                                <height>64</height>
                                <width>560</width>
                                <aligny>center</aligny>
                                <font>font_menu_focus</font>
                                <textcolor>white</textcolor>
                                <label>$INFO[ListItem.Label]</label>
                            </control>
                            <visible>String.IsEqual(Skin.String(MenuStyle),IconsText) | String.IsEqual(Skin.String(MenuStyle),Text) | String.IsEmpty(Skin.String(MenuStyle))</visible>
                        </control>
                    </focusedlayout>
                    <itemlayout height="64">
                        <control type="group">
                            <animation effect="slide" start="0,0" end="-50,0" time="350" reversible="true" tween="cubic" easing="inout" condition="!Control.HasFocus(9000) + !Control.HasFocus(303)">Conditional</animation>
                            <animation effect="slide" start="0,0" end="-120,0" time="350" reversible="true" tween="cubic" easing="inout" condition="Control.HasFocus(9001)">Conditional</animation>
                            <control type="image">
                                <left>22</left>
                                <top>0</top>
                                <width>64</width>
                                <height>64</height>
                                <texture colordiffuse="B3ededed">$INFO[ListItem.Art(thumb)]</texture>
                            </control>
                            <visible>String.IsEqual(Skin.String(MenuStyle),Icons) | String.IsEqual(Skin.String(MenuStyle),IconsText) | String.IsEmpty(Skin.String(MenuStyle))</visible>
                        </control>
                        <control type="group">
                            <animation effect="slide" start="0,0" end="-714,0" time="350" reversible="true" tween="cubic" easing="inout" condition="!Control.HasFocus(9000) + !Control.HasFocus(303)">Conditional</animation>
                            <control type="label">
                                <left>104</left>
                                <top>0</top>
                                <height>64</height>
                                <width>560</width>
                                <aligny>center</aligny>
                                <font>font_menu</font>
                                <textcolor>B3ededed</textcolor>
                                <label>$INFO[ListItem.Label]</label>
                            </control>
                            <visible>String.IsEqual(Skin.String(MenuStyle),IconsText) | String.IsEqual(Skin.String(MenuStyle),Text) | String.IsEmpty(Skin.String(MenuStyle))</visible>
                        </control>
                    </itemlayout>
                    <content>
                        <include>skinshortcuts-mainmenu</include>
                    </content>
                </control>
                <include>skinshortcuts-template-submenu</include>
            </control>
            <control type="group">
                <depth>DepthBars</depth>
                <animation effect="slide" end="0,-90" time="300" tween="sine" easing="inout" condition="$EXP[infodialog_active]">conditional</animation>
                <animation effect="fade" start="0" end="100" time="300">WindowOpen</animation>
                <animation effect="fade" start="100" end="0" time="200">WindowClose</animation>
                <left>64</left>
                <control type="group" id="700">
                    <height>200</height>
                    <visible>!Skin.HasSetting(DisabledProfileInfo)</visible>
                    <control type="image">
                        <animation type="conditional" condition="!Control.HasFocus(9000) + !Control.HasFocus(9001)  + !Control.HasFocus(303)">
                            <effect type="zoom" time="100" start="100" end="75"/>
                            <effect type="slide" time="100" end="-45,-90"/>
                        </animation>
                        <top>78</top>
                        <width>92</width>
                        <height>92</height>
                        <aspectratio>keep</aspectratio>
                        <texture diffuse="common/circle.png">$INFO[System.ProfileThumb]</texture>
                        <visible>Control.HasFocus(9000) | Control.IsVisible(9000)</visible>
                    </control>
                    <control type="button" id="303">
                        <animation effect="slide" start="0,0" end="-714,0" time="250" reversible="true" tween="cubic" easing="inout" condition="!Control.HasFocus(9000) + !Control.HasFocus(9001)  + !Control.HasFocus(303)">Conditional</animation>
                        <top>50</top>
                        <left>80</left>
                        <onup>noop</onup>
                        <ondown>9000</ondown>
                        <onleft>noop</onleft>
                        <onright>3000</onright>
                        <label>$INFO[System.ProfileName]</label>
                        <font>font32_title</font>
                        <textcolor>white</textcolor>
                        <focusedcolor>$VAR[ColorHighlight]</focusedcolor>
                        <texturefocus/>
                        <texturenofocus/>
                        <onclick>ActivateWindow(LoginScreen.xml)</onclick>
                        <visible>Control.IsVisible(9000)</visible>
                    </control>
                    <control type="label">
                        <animation effect="slide" start="0,0" end="-714,0" time="250" reversible="true" tween="cubic" easing="inout" condition="!Control.HasFocus(9000) + !Control.HasFocus(9001)  + !Control.HasFocus(303)">Conditional</animation>
                        <top>150</top>
                        <left>110</left>
                        <label>$INFO[ListItem.Label]</label>
                        <font>font_small_defaults</font>
                        <textcolor>white</textcolor>
                        <visible>[Control.HasFocus(9000) | Control.HasFocus(9001)] + String.IsEqual(Skin.String(MenuStyle),Icons)</visible>
                    </control>
                </control>
            </control>
            <include>TopBar</include>
        </control>
    </include>
</includes>
