<?xml version="1.0" encoding="UTF-8"?>
<window>
    <defaultcontrol always="true">50</defaultcontrol>
    <backgroundcolor>Background</backgroundcolor>
    <views>50</views>
    <menucontrol>9000</menucontrol>
    <include>OpenClose_Animation</include>
    <controls>
        <include>DefaultBackground</include>
        <control type="group">
            <animation effect="fade" start="100" end="0" time="200" tween="sine" condition="$EXP[infodialog_active]">Conditional</animation>
            <control type="group">
                <description>Guide Timeline</description>
                <visible>Control.IsVisible(50)</visible>
                <control type="group">
                    <top>0</top>
                    <control type="group">
                        <top>140</top>
                        <left>100</left>
                        <height>180</height>
                        <control type="label">
                            <bottom>170</bottom>
                            <left>210</left>
                            <width>60%</width>
                            <height>60</height>
                            <font>font36_title</font>
                            <textcolor>white</textcolor>
                            <label>[B]$INFO[ListItem.EpgEventTitle][/B] $INFO[ListItem.Year,([COLOR grey],[/COLOR])]</label>
                            <animation effect="fade" end="0" start="100" time="200" reversible="true" condition="Control.HasFocus(11)">Conditional</animation>
                        </control>
                        <control type="textbox">
                            <top>0</top>
                            <left>210</left>
                            <right>360</right>
                            <height>63</height>
                            <align>left</align>
                            <textcolor>b3ededed</textcolor>
                            <label>$INFO[ListItem.Plot]</label>
                            <autoscroll delay="7000" time="3000" repeat="10000">Skin.HasSetting(AutoScroll)</autoscroll>
                            <animation effect="fade" end="0" start="100" time="200" reversible="true" condition="Control.HasFocus(11)">Conditional</animation>
                        </control>
                        <control type="group">
                            <top>80</top>
                            <left>210</left>
                            <control type="image">
                                <top>0</top>
                                <left>0</left>
                                <width>1590</width>
                                <height>50</height>
                                <aspectratio>stretch</aspectratio>
                                <texture background="true" border="6" colordiffuse="1fcccccc">common/dialog.png</texture>
                            </control>
                            <control type="label">
                                <top>0</top>
                                <right>40</right>
                                <height>50</height>
                                <align>right</align>
                                <aligny>center</aligny>
                                <font>font_tiny_hintlabel</font>
                                <textcolor>white</textcolor>
                                <label>$INFO[ListItem.StartTime]$INFO[ListItem.EndTime, - ,]</label>
                            </control>
                            <control type="label">
                                <left>10</left>
                                <top>0</top>
                                <width>1440</width>
                                <height>50</height>
                                <aligny>center</aligny>
                                <font>font_tiny_hintlabel</font>
                                <textcolor>white</textcolor>
                                <label>$INFO[ListItem.ChannelName] $INFO[ListItem.Genre, - [COLOR grey]$LOCALIZE[515]:[/COLOR] ]</label>
                            </control>
                        </control>
                    </control>
                    <control type="group">
                        <control type="image">
                            <top>80</top>
                            <left>420</left>
                            <width>32</width>
                            <height>64</height>
                            <texture colordiffuse="1fcccccc">dialogs/dialog-half.png</texture>
                            <visible>Control.HasFocus(11)</visible>
                            <animation effect="fade" start="0" end="100" time="200">VisibleChange</animation>
                        </control>
                        <control type="image">
                            <top>80</top>
                            <left>452</left>
                            <right>452</right>
                            <height>64</height>
                            <texture colordiffuse="1fcccccc">common/white.png</texture>
                            <visible>Control.HasFocus(11)</visible>
                            <animation effect="fade" start="0" end="100" time="200">VisibleChange</animation>
                        </control>
                        <control type="image">
                            <top>80</top>
                            <right>420</right>
                            <width>32</width>
                            <height>64</height>
                            <texture colordiffuse="1fcccccc" flipx="true">dialogs/dialog-half.png</texture>
                            <visible>Control.HasFocus(11)</visible>
                            <animation effect="fade" start="0" end="100" time="200">VisibleChange</animation>
                        </control>
                    </control>
                    <control type="fixedlist" id="11">
                        <top>80</top>
                        <left>420</left>
                        <right>420</right>
                        <onup>SetFocus(9000)</onup>
                        <ondown>63</ondown>
                        <orientation>horizontal</orientation>
                        <scrolltime>200</scrolltime>
                        <focusposition>2</focusposition>
                        <onback>AlarmClock(tvhack,Action(Back),00:00,true)</onback>
                        <visible allowhiddenfocus="true">Control.HasFocus(11)</visible>
                        <animation effect="fade" start="0" end="100" time="200">VisibleChange</animation>
                        <itemlayout height="64" width="220">
                            <control type="label">
                                <width>220</width>
                                <height>64</height>
                                <align>center</align>
                                <aligny>center</aligny>
                                <textcolor>ff606060</textcolor>
                                <font>font_small_pvr_channels</font>
                                <label>$INFO[ListItem.Label]</label>
                            </control>
                        </itemlayout>
                        <focusedlayout height="64" width="220">
                            <control type="image">
                                <left>0</left>
                                <height>64</height>
                                <texture colordiffuse="$VAR[ColorHighlight]">common/white.png</texture>
                            </control>
                            <control type="image">
                                <left>0</left>
                                <height>64</height>
                                <texture colordiffuse="$VAR[ColorGradient]">common/white-gradient.png</texture>
                            </control>
                            <control type="label">
                                <width>220</width>
                                <height>64</height>
                                <align>center</align>
                                <aligny>center</aligny>
                                <scroll>true</scroll>
                                <textcolor>white</textcolor>
                                <font>font_small_pvr_channels</font>
                                <label>$INFO[ListItem.Label]</label>
                            </control>
                        </focusedlayout>
                    </control>
                    <control type="group" id="63">
                        <control type="epggrid" id="50">
                            <left>20</left>
                            <top>220</top>
                            <right>20</right>
                            <bottom>0</bottom>
                            <orientation>vertical</orientation>
                            <pagecontrol>60</pagecontrol>
                            <scrolltime tween="quadratic" easing="out">300</scrolltime>
                            <timeblocks>12</timeblocks>
                            <rulerunit>3</rulerunit>
                            <onright>60</onright>
                            <onup>11</onup>
                            <ondown>11</ondown>
                            <onback>11</onback>
                            <viewtype label="19298">list</viewtype>
                            <progresstexture border="5" colordiffuse="80029ec8">progress/progressline-full.png</progresstexture>
                            <rulerdatelayout height="50" width="300">
                                <control type="image" id="14">
                                    <top>0</top>
                                    <left>10</left>
                                    <width>260</width>
                                    <height>50</height>
                                    <aspectratio>stretch</aspectratio>
                                    <texture background="true" border="6" colordiffuse="1fcccccc">common/dialog.png</texture>
                                </control>
                                <control type="label" id="1">
                                    <left>10</left>
                                    <top>0</top>
                                    <width>260</width>
                                    <height>45</height>
                                    <align>center</align>
                                    <aligny>center</aligny>
                                    <font>font20_title</font>
                                    <textcolor>white</textcolor>
                                    <label>$INFO[ListItem.Label]</label>
                                </control>
                            </rulerdatelayout>
                            <rulerlayout height="65">
                                <control type="label" id="2">
                                    <left>10</left>
                                    <top>10</top>
                                    <width>34</width>
                                    <height>40</height>
                                    <font>font_small_pvr</font>
                                    <aligny>center</aligny>
                                    <textcolor>b3ededed</textcolor>
                                    <align>left</align>
                                    <label>$INFO[ListItem.Label]</label>
                                </control>
                                <control type="image" id="14">
                                    <top>10</top>
                                    <left>0</left>
                                    <width>1</width>
                                    <height>40</height>
                                    <texture colordiffuse="1fcccccc" border="1">common/white.png</texture>
                                </control>
                            </rulerlayout>
                            <channellayout height="120" width="290">
                                <control type="image" id="14">
                                    <top>6</top>
                                    <left>0</left>
                                    <width>120</width>
                                    <height>120</height>
                                    <aspectratio>stretch</aspectratio>
                                    <texture background="true" border="6" colordiffuse="1fcccccc">common/dialog.png</texture>
                                    <bordersize>10</bordersize>
                                </control>
                                <control type="label">
                                    <left>0</left>
                                    <top>6</top>
                                    <height>120</height>
                                    <width>120</width>
                                    <font>font_clock</font>
                                    <label>$INFO[ListItem.ChannelNumberLabel]</label>
                                    <textcolor>ff606060</textcolor>
                                    <align>center</align>
                                    <aligny>center</aligny>
                                </control>
                                <control type="image" id="14">
                                    <top>6</top>
                                    <left>120</left>
                                    <width>160</width>
                                    <height>120</height>
                                    <aspectratio>stretch</aspectratio>
                                    <texture background="true" border="6" colordiffuse="1fcccccc">common/dialog.png</texture>
                                    <bordersize>10</bordersize>
                                </control>
                                <control type="image" id="1">
                                    <top>6</top>
                                    <left>140</left>
                                    <height>120</height>
                                    <width>120</width>
                                    <aspectratio aligny="center">keep</aspectratio>
                                    <texture>$INFO[ListItem.Icon]</texture>
                                </control>
                            </channellayout>
                            <focusedchannellayout height="120" width="290">
                                <control type="image" id="14">
                                    <top>6</top>
                                    <left>0</left>
                                    <width>120</width>
                                    <height>120</height>
                                    <aspectratio>stretch</aspectratio>
                                    <texture background="true" border="6" colordiffuse="FFFFFFFF">common/dialog.png</texture>
                                    <bordersize>10</bordersize>
                                </control>
                                <control type="label">
                                    <left>0</left>
                                    <top>6</top>
                                    <height>120</height>
                                    <width>120</width>
                                    <font>font_clock</font>
                                    <label>$INFO[ListItem.ChannelNumberLabel]</label>
                                    <textcolor>ff606060</textcolor>
                                    <align>center</align>
                                    <aligny>center</aligny>
                                </control>
                                <control type="image" id="14">
                                    <top>6</top>
                                    <left>120</left>
                                    <width>160</width>
                                    <height>120</height>
                                    <aspectratio>stretch</aspectratio>
                                    <texture background="true" border="6" colordiffuse="1fcccccc">common/dialog.png</texture>
                                    <bordersize>10</bordersize>
                                </control>
                                <control type="image" id="1">
                                    <top>6</top>
                                    <left>140</left>
                                    <height>120</height>
                                    <width>120</width>
                                    <aspectratio aligny="center">keep</aspectratio>
                                    <texture>$INFO[ListItem.Icon]</texture>
                                </control>
                            </focusedchannellayout>
                            <itemlayout height="120" width="120">
                                <control type="image" id="14">
                                    <top>6</top>
                                    <left>-16</left>
                                    <width>120</width>
                                    <height>120</height>
                                    <aspectratio>stretch</aspectratio>
                                    <texture background="true" border="6" colordiffuse="1fcccccc">common/dialog.png</texture>
                                    <bordersize>10</bordersize>
                                </control>
                                <control type="label" id="1">
                                    <left>12</left>
                                    <top>20</top>
                                    <width>70</width>
                                    <height>120</height>
                                    <aligny>top</aligny>
                                    <font>font12</font>
                                    <textcolor>80FFFFFF</textcolor>
                                    <label>$INFO[ListItem.Label]</label>
                                </control>
                                <control type="label" id="1">
                                    <top>20</top>
                                    <left>12</left>
                                    <width>70</width>
                                    <height>120</height>
                                    <aligny>center</aligny>
                                    <font>font_guide_time</font>
                                    <textcolor>80FFFFFF</textcolor>
                                    <label>$INFO[ListItem.StartTime]$INFO[ListItem.EndTime, - ,] $VAR[FlagDashLabel][I]$VAR[SeasonEpisodeLabel]$INFO[ListItem.EpisodeName][/I]</label>
                                </control>
                            </itemlayout>
                            <focusedlayout height="120" width="120">
                                <control type="image" id="14">
                                    <top>6</top>
                                    <left>-16</left>
                                    <width>120</width>
                                    <height>120</height>
                                    <aspectratio>stretch</aspectratio>
                                    <texture background="true" border="6" colordiffuse="FFFFFFFF">common/dialog.png</texture>
                                    <bordersize>10</bordersize>
                                </control>
                                <control type="label" id="1">
                                    <left>12</left>
                                    <top>20</top>
                                    <width>70</width>
                                    <height>120</height>
                                    <aligny>top</aligny>
                                    <font>font12</font>
                                    <textcolor>ff606060</textcolor>
                                    <label>$INFO[ListItem.Label]</label>
                                </control>
                                <control type="label" id="1">
                                    <top>20</top>
                                    <left>12</left>
                                    <width>70</width>
                                    <height>120</height>
                                    <aligny>center</aligny>
                                    <font>font_guide_time</font>
                                    <textcolor>ff606060</textcolor>
                                    <label>$INFO[ListItem.StartTime]$INFO[ListItem.EndTime, - ,] $VAR[FlagDashLabel][I]$VAR[SeasonEpisodeLabel]$INFO[ListItem.EpisodeName][/I]</label>
                                </control>
                            </focusedlayout>
                        </control>
                        <control type="scrollbar" id="60">
                            <right>0</right>
                            <top>325</top>
                            <width>8</width>
                            <bottom>60</bottom>
                            <onleft>10</onleft>
                            <onright>10</onright>
                            <orientation>vertical</orientation>
                            <texturesliderbackground colordiffuse="22FFFFFF">common/white.png</texturesliderbackground>
                            <animation effect="fade" start="100" end="40" time="0" condition="!system.getbool(input.enablemouse)">Conditional</animation>
                            <visible>Control.IsVisible(50)</visible>
                        </control>
                    </control>
                </control>
            </control>
            <include content="TopBar">
                <param name="breadcrumbs_label" value="$VAR[BreadcrumbsPVRChannelsVar]"/>
            </include>
            <include>PVRChannelNumberInput</include>
            <control type="group">
                <include content="MediaMenuCommon">
                    <param name="visible">$EXP[MediaMenu]</param>
                    <param name="onleft">50</param>
                    <param name="onright">50</param>
                    <param name="onback">50</param>
                </include>
            </control>
        </control>
        <include>Defs_MediaMenuCommon</include>
        <control type="label">
            <top>100</top>
            <left>30</left>
            <width>280</width>
            <align>center</align>
            <font>font_clock</font>
            <textcolor>b3ededed</textcolor>
            <label>$INFO[System.Time]</label>
        </control>
        <control type="label" id="29">
            <label/>
            <font/>
            <include>HiddenObject</include>
        </control>
        <control type="label" id="30">
            <font/>
            <label/>
            <include>HiddenObject</include>
        </control>
    </controls>
</window>
