<?xml version="1.0" encoding="UTF-8"?>
<includes>
    <include name="View_502_FanArt">
        <control type="group">
            <visible>Control.IsVisible(502)</visible>
            <control type="fixedlist" id="502">
                <left>-5</left>
                <right>1195</right>
                <top>list_y_offset</top>
                <bottom>list_y_offset</bottom>
                <movement>3</movement>
                <focusposition>4</focusposition>
                <scrolltime tween="cubic" easing="out">500</scrolltime>
                <orientation>vertical</orientation>
                <pagecontrol>60</pagecontrol>
                <onright>SetFocus(9000)</onright>
                <onleft>60</onleft>
                <onup>502</onup>
                <ondown>502</ondown>
                <viewtype label="$LOCALIZE[20445]">list</viewtype>
                <include content="View_Forced">
                    <param name="string" value="$LOCALIZE[20445]"/>
                </include>
                <focusedlayout height="list_item_height">
                    <control type="group">
                        <left>0</left>
                        <right>0</right>
                        <top>0</top>
                        <bottom>0</bottom>
                        <control type="image">
                            <texture colordiffuse="$VAR[ColorHighlight]" border="10">common/box.png</texture>
                        </control>
                        <control type="image">
                            <texture colordiffuse="$VAR[ColorGradient]" border="10">common/box-gradient.png</texture>
                        </control>
                        <visible>Control.HasFocus(502)</visible>
                    </control>
                    <control type="label">
                        <left>130</left>
                        <right>70</right>
                        <top>0</top>
                        <bottom>0</bottom>
                        <aligny>center</aligny>
                        <scroll>true</scroll>
                        <font>font27</font>
                        <textcolor>white</textcolor>
                        <label>$INFO[ListItem.Year]</label>
                    </control>
                    <control type="label">
                        <left>240</left>
                        <right>70</right>
                        <top>0</top>
                        <bottom>0</bottom>
                        <aligny>center</aligny>
                        <font>font27</font>
                        <textcolor>white</textcolor>
                        <label>$VAR[ListLabelVarExtended]</label>
                    </control>
                    <control type="label">
                        <top>0</top>
                        <bottom>0</bottom>
                        <left>100</left>
                        <right>20</right>
                        <align>right</align>
                        <aligny>center</aligny>
                        <font>font12</font>
                        <textcolor>white</textcolor>
                        <label>$VAR[ListLabel2Var]</label>
                        <animation effect="fade" start="70" end="100" time="300" reversible="false">Focus</animation>
                    </control>
                    <control type="image">
                        <left>201</left>
                        <centertop>50%</centertop>
                        <width>32</width>
                        <height>32</height>
                        <texture>$VAR[ListWatchedIconVar]</texture>
                        <animation effect="fade" start="30" end="100" time="300" reversible="false">Focus</animation>
                    </control>
                    <control type="image">
                        <left>201</left>
                        <centertop>50%</centertop>
                        <width>32</width>
                        <height>32</height>
                        <texture colordiffuse="$VAR[ColorHighlight]">$VAR[ListWatchedIconVar]</texture>
                        <animation effect="fade" start="0" end="100" time="300" reversible="false">Focus</animation>
                        <animation effect="fade" time="150">VisibleChange</animation>
                        <visible>!Control.HasFocus(502)</visible>
                    </control>
                </focusedlayout>
                <itemlayout height="list_item_height">
                    <control type="label">
                        <left>130</left>
                        <right>70</right>
                        <top>0</top>
                        <bottom>0</bottom>
                        <aligny>center</aligny>
                        <scroll>true</scroll>
                        <font>font27</font>
                        <textcolor>b3ededed</textcolor>
                        <label>$INFO[ListItem.Year]</label>
                    </control>
                    <control type="label">
                        <left>240</left>
                        <right>70</right>
                        <top>0</top>
                        <bottom>0</bottom>
                        <aligny>center</aligny>
                        <font>font27</font>
                        <textcolor>b3ededed</textcolor>
                        <label>$VAR[ListLabelVarExtended]</label>
                    </control>
                    <control type="label">
                        <left>20</left>
                        <right>20</right>
                        <top>0</top>
                        <bottom>0</bottom>
                        <align>right</align>
                        <aligny>center</aligny>
                        <font>font12</font>
                        <textcolor>b3ededed</textcolor>
                        <label>$VAR[ListLabel2Var]</label>
                    </control>
                    <control type="image">
                        <left>201</left>
                        <centertop>50%</centertop>
                        <width>32</width>
                        <height>32</height>
                        <texture colordiffuse="white">$VAR[ListWatchedIconVar]</texture>
                    </control>
                </itemlayout>
            </control>
            <include content="Object_Scrollbar_Vert">
                <param name="visible" value="Control.IsVisible(50)"/>
                <param name="left" value="0"/>
            </include>
        </control>
        <control type="group">
            <visible>Control.IsVisible(502)</visible>
            <control type="group">
                <right>-20</right>
                <width>1235</width>
                <include content="ContentPanel">
                    <param name="width" value="1235"/>
                    <param name="left" value="0"/>
                    <param name="top" value="-20"/>
                    <param name="flipx" value="true"/>
                </include>
                <control type="image">
                    <left>38</left>
                    <right>36</right>
                    <top>115</top>
                    <height>644</height>
                    <fadetime>300</fadetime>
                    <texture border="2" fallback="special://skin/extras/home-images/movie.jpg" background="true">$VAR[FanartImageVar]</texture>
                    <aspectratio align="center" aligny="bottom">scale</aspectratio>
                </control>
                <control type="group">
                    <left>600</left>
                    <top>82</top>
                    <include condition="Skin.HasSetting(circle_rating) | Skin.HasSetting(circle_userrating)">RatingCircle</include>
                </control>
                <control type="textbox">
                    <left>50</left>
                    <right>50</right>
                    <top>769</top>
                    <bottom>105</bottom>
                    <label>$VAR[PlotTextBoxVar]</label>
                    <autoscroll time="3000" delay="7000" repeat="5000">!System.HasActiveModalDialog + Skin.HasSetting(AutoScroll)</autoscroll>
                </control>
                <control type="scrollbar" id="502600">
                    <left>20</left>
                    <top>list_y_offset</top>
                    <width>12</width>
                    <bottom>list_y_offset</bottom>
                    <onleft>502</onleft>
                    <onright>502</onright>
                    <orientation>vertical</orientation>
                    <animation effect="zoom" end="50,100" time="300" tween="sine" center="20,0" easing="inout" condition="!Control.HasFocus(502600)">conditional</animation>
                </control>
                <control type="group">
                    <left>40</left>
                    <top>770</top>
                    <visible>ListItem.IsCollection + String.IsEmpty(ListItem.PlotOutline) + String.IsEmpty(ListItem.Plot)</visible>
                    <include content="InfoList">
                        <param name="bottom" value="108"/>
                        <param name="width" value="1000"/>
                        <param name="sortby" value="year"/>
                        <param name="sortorder" value="ascending"/>
                        <param name="font" value="font13"/>
                    </include>
                </control>
            </control>
        </control>
    </include>
</includes>
