<?xml version="1.0" encoding="UTF-8"?>
<window>
    <defaultcontrol always="true">8</defaultcontrol>
    <onunload>ClearProperty(spotlight.user_rating,home)</onunload>
    <onload condition="String.IsEqual(Window(home).Property(spotlight.user_rating),true)">SendClick(7)</onload>
    <controls>
        <!-- backgrounds -->
        <include>Default_Bg</include>
        <control type="image">
            <include>FullScreenDimensions</include>
            <texture colordiffuse="black">common/movieinfo_vign.png</texture>
            <visible>!$EXP[Exp_InfoDialog_Page]</visible>
            <animation effect="fade" start="100" end="0" time="200">Hidden</animation>
        </control>
        <control type="image">
            <include>FullScreenDimensions</include>
            <texture colordiffuse="Background">common/white.png</texture>
            <visible>$EXP[Exp_InfoDialog_Page]</visible>
            <animation effect="fade" start="0" end="100" time="200">VisibleChange</animation>
        </control>
        <control type="image">
            <include>FullScreenDimensions</include>
            <aspectratio aligny="top">scale</aspectratio>
            <texture background="true" colordiffuse="$VAR[BackgroundOverlay]">$VAR[BlurBackground]</texture>
            <animation effect="fade" end="30" time="0" condition="Skin.HasSetting(Horizontal_Main)">Conditional</animation>
        </control>
        <control type="image">
            <include>FullScreenDimensions</include>
            <aspectratio aligny="top" align="left">scale</aspectratio>
            <texture background="true" colordiffuse="B3121212">common/mmovieinfo_vign.png</texture>
            <visible>$EXP[Exp_InfoDialog_Page]</visible>
            <animation effect="fade" start="0" end="100" time="200">VisibleChange</animation>
        </control>
        <!-- infos -->
        <control type="group">
            <top>660</top>
            <left>120</left>
            <include>OpenClose_Animation</include>
            <animation effect="slide" start="0,0" end="0,-1080" time="500" easing="inout" tween="cubic" condition="$EXP[Exp_InfoDialog_Page]">Conditional</animation>
            <control type="image">
                <left>30</left>
                <top>-660</top>
                <width>480</width>
                <aspectratio>keep</aspectratio>
                <texture>$INFO[ListItem.Art(clearlogo)]</texture>
                <visible>!String.IsEmpty(ListItem.Art(clearlogo))</visible>
            </control>
            <control type="label">
                <top>-120</top>
                <font>font_title</font>
                <label>$INFO[ListItem.Title]</label>
                <visible>String.IsEmpty(ListItem.Art(clearlogo))</visible>
            </control>
            <control type="group">
                <left>30</left>
                <width>920</width>
                <include content="Object_Info_Line">
                    <param name="visible_infoline" value="true"/>
                </include>
                <control type="group">
                    <control type="textbox">
                        <top>40</top>
                        <width>940</width>
                        <height>100</height>
                        <textcolor>white</textcolor>
                        <label>$VAR[Label_PlotTextBoxPrimeVar]</label>
                        <font>font27</font>
                        <shadowcolor>black</shadowcolor>
                        <autoscroll delay="4000" time="4500" repeat="7000">Control.IsVisible(5600) + Skin.HasSetting(autoscroll)</autoscroll>
                    </control>
                </control>
                <control type="group">
                    <top>0</top>
                    <include content="CyclingInfo" condition="true">
                        <param name="visible2" value="!String.IsEmpty(ListItem.Studio)"/>
                        <param name="visible1" value="!String.IsEmpty(ListItem.Genre)"/>
                        <param name="visible3" value="!String.IsEmpty(ListItem.Cast)"/>
                    </include>
                </control>
                <control type="grouplist">
                    <top>140</top>
                    <orientation>horizontal</orientation>
                    <itemgap>12</itemgap>
                    <usecontrolcoords>true</usecontrolcoords>
                    <control type="label">
                        <top>17</top>
                        <left>0</left>
                        <width>auto</width>
                        <textcolor>$VAR[ColorHighlight]</textcolor>
                        <font>font_rating</font>
                        <label>$VAR[Label_PrimeShowcase_Top250]</label>
                        <visible>!String.IsEmpty(Window(home).Property(TMDbHelper.ListItem.Top250))</visible>
                    </control>
                    <control type="group" id="2999">
                        <include content="Object_Ratings_Content">
                            <param name="top" value="10"/>
                            <param name="left" value="0"/>
                            <param name="directory" value="$INFO[Skin.String(Icons)]"/>
                            <param name="align" value="left"/>
                        </include>
                    </control>
                </control>
            </control>
            <control type="grouplist" id="1180">
                <top>240</top>
                <onup>Action(Back)</onup>
                <ondown>49</ondown>
                <orientation>horizontal</orientation>
                <include content="InfoButton">
                    <param name="id" value="8"/>
                    <param name="groupid" value="7000"/>
                    <param name="icon" value="special://skin/extras/icons/play3.png"/>
                    <param name="label" value="$INFO[ListItem.Title]"/>
                </include>
                <include content="InfoButton">
                    <param name="id" value="11"/>
                    <param name="groupid" value="7001"/>
                    <param name="icon" value="special://skin/extras/icons/videoplay.png"/>
                    <param name="label" value="$LOCALIZE[31410]"/>
                </include>
            </control>
        </control>
        <control type="image">
            <centerleft>50%</centerleft>
            <bottom>30</bottom>
            <width>16</width>
            <height>16</height>
            <texture>buttons/arrow-small.png</texture>
        </control>
        <!-- more infos -->
        <control type="group">
            <top>1080</top>
            <animation effect="slide" start="0,0" end="0,-1080" time="500" easing="inout" tween="cubic" condition="$EXP[Exp_InfoDialog_Page]">Conditional</animation>
            <control type="group">
                <top>30</top>
                <left>120</left>
                <control type="group">
                    <width>880</width>
                    <left>30</left>
                    <control type="label">
                        <height>72</height>
                        <font>font_title_bold</font>
                        <label>$VAR[Label_Title]</label>
                    </control>
                </control>
                <control type="group">
                    <width>880</width>
                    <top>85</top>
                    <left>30</left>
                    <include content="Object_Info_Line">
                        <param name="visible_infoline" value="true"/>
                        <param name="width" value="880"/>
                    </include>
                </control>
                <control type="group">
                    <top>120</top>
                    <left>0</left>
                    <height>245</height>
                    <control type="button" id="49">
                        <top>20</top>
                        <onup>8</onup>
                        <ondown>50</ondown>
                        <width>6</width>
                        <height>160</height>
                        <animation effect="fade" start="0" end="100" time="200">Focus</animation>
                        <texturefocus colordiffuse="alpha_12" border="6">common/box.png</texturefocus>
                        <onclick>SetProperty(TextViewer_Header,"$INFO[ListItem.Title]",home)</onclick>
                        <onclick>SetProperty(TextViewer_Text,"$VAR[Label_PlotTextBoxPrimeVar]",home)</onclick>
                        <onclick>ActivateWindow(1102)</onclick>
                    </control>
                    <control type="group">
                        <left>20</left>
                        <width>840</width>
                        <height>215</height>
                        <centertop>50%</centertop>
                        <centerleft>50%</centerleft>
                        <control type="textbox">
                            <font>font27</font>
                            <label>$VAR[Label_PlotTextBoxPrimeVar]</label>
                        </control>
                    </control>
                </control>
                <control type="group">
                    <top>320</top>
                    <control type="grouplist" id="100">
                        <onup>49</onup>
                        <height>660</height>
                        <include content="InfoDialogWallContainer">
                            <param name="id" value="50"/>
                            <param name="icon" value="$VAR[Image_Poster]"/>
                            <param name="altlabel" value="$LOCALIZE[31262]"/>
                            <param name="label" value="$INFO[ListItem.Label]"/>
                            <param name="label2" value="$INFO[ListItem.Label2]"/>
                            <param name="target" value="videos"/>
                            <param name="limit" value="25"/>
                        </include>
                        <include content="InfoDialogWallContainer">
                            <param name="id" value="1052"/>
                            <param name="icon" value="$VAR[Image_Poster]"/>
                            <param name="altlabel" value="$LOCALIZE[31262]"/>
                            <param name="label" value="$INFO[ListItem.Label]"/>
                            <param name="visible" value="!Skin.HasSetting(InfoDialog.Sets) + [!String.IsEmpty(ListItem.Set) | ListItem.IsCollection]"/>
                            <content limit="25" target="videos">$VAR[Def_Set_List]</content>
                        </include>
                        <include content="InfoDialogWallContainer">
                            <param name="id" value="1053"/>
                            <param name="icon" value="$VAR[Image_Poster]"/>
                            <param name="altlabel" value="$LOCALIZE[31263]"/>
                            <param name="label" value="$INFO[ListItem.Label]"/>
                            <param name="visible" value="!String.IsEmpty(ListItem.IMDBNumber) + Skin.HasSetting(InfoDialog.Similar)"/>
                            <content limit="25" target="videos">$VAR[Def_Similar_List]</content>
                        </include>
                        <include content="InfoDialogWallContainer">
                            <param name="id" value="1054"/>
                            <param name="icon" value="$VAR[Image_Poster]"/>
                            <param name="altlabel" value="$LOCALIZE[31257]"/>
                            <param name="label" value="$INFO[ListItem.Label]"/>
                            <param name="visible" value="!String.IsEmpty(ListItem.Director) + Skin.HasSetting(InfoDialog.Director)"/>
                            <content limit="25" target="videos">$VAR[Def_Director_List]</content>
                        </include>
                        <include content="InfoDialogWallContainer">
                            <param name="id" value="1055"/>
                            <param name="icon" value="$VAR[Image_Poster]"/>
                            <param name="altlabel" value="$LOCALIZE[31256]"/>
                            <param name="label" value="$INFO[ListItem.Label]"/>
                            <param name="visible" value="!String.IsEmpty(ListItem.Studio) + Skin.HasSetting(InfoDialog.Studio)"/>
                            <content limit="25" target="videos">$VAR[Def_Studio_List]</content>
                        </include>
                        <include content="InfoDialogWallContainer">
                            <param name="id" value="1056"/>
                            <param name="icon" value="$VAR[Image_Poster]"/>
                            <param name="altlabel" value="$LOCALIZE[31264]"/>
                            <param name="label" value="$INFO[ListItem.Label]"/>
                            <param name="visible" value="Skin.HasSetting(InfoDialog.Crew)"/>
                            <content limit="25" target="videos">$VAR[Def_Crew_List]</content>
                        </include>
                        <include content="InfoDialogWallContainer">
                            <param name="id" value="1057"/>
                            <param name="icon" value="$VAR[Image_Poster]"/>
                            <param name="altlabel" value="$LOCALIZE[31265]"/>
                            <param name="label" value="$INFO[ListItem.Label]"/>
                            <param name="visible" value="Skin.HasSetting(InfoDialog.Recommended)"/>
                            <content limit="25" target="videos">$VAR[Def_Recommended_List]</content>
                        </include>
                        <include content="InfoDialogWallContainer">
                            <param name="id" value="1058"/>
                            <param name="icon" value="$VAR[Image_Poster]"/>
                            <param name="altlabel" value="$LOCALIZE[31356]"/>
                            <param name="label" value="$INFO[ListItem.Label]"/>
                            <param name="visible" value="Skin.HasSetting(InfoDialog.FromYear) + !String.IsEmpty(ListItem.Year)"/>
                            <content limit="25" target="videos">$VAR[Def_FromYear_List]</content>
                        </include>
                        <include content="InfoDialogWallContainer">
                            <param name="id" value="1059"/>
                            <param name="icon" value="$VAR[Image_Poster]"/>
                            <param name="altlabel" value="$LOCALIZE[31255]"/>
                            <param name="label" value="$INFO[ListItem.Label]"/>
                            <param name="visible" value="Skin.HasSetting(InfoDialog.Genre) + !String.IsEmpty(ListItem.Genre)"/>
                            <content limit="25" target="videos">$VAR[Def_Genre_List]</content>
                        </include>
                        <include content="InfoDialogLabel" condition="Skin.HasSetting(InfoDialog.YouTube) + System.HasAddon(plugin.video.youtube) + [String.IsEqual(ListItem.DBTYPE,movie) | String.IsEqual(ListItem.DBTYPE,tvshow) | String.IsEqual(ListItem.DBTYPE,season) | String.IsEqual(ListItem.DBTYPE,episode)]">
                            <param name="id" value="1060"/>
                            <param name="label" value="$INFO[ListItem.Label]"/>
                            <param name="altlabel" value="$LOCALIZE[31365]"/>
                            <param name="visible" value="Skin.HasSetting(InfoDialog.YouTube) + System.HasAddon(plugin.video.youtube) + [String.IsEqual(ListItem.DBTYPE,movie) | String.IsEqual(ListItem.DBTYPE,tvshow) | String.IsEqual(ListItem.DBTYPE,season) | String.IsEqual(ListItem.DBTYPE,episode)]"/>
                        </include>
                        <include content="YouTubeSection" condition="Skin.HasSetting(InfoDialog.YouTube) + System.HasAddon(plugin.video.youtube) + [String.IsEqual(ListItem.DBTYPE,movie) | String.IsEqual(ListItem.DBTYPE,tvshow) | String.IsEqual(ListItem.DBTYPE,season) | String.IsEqual(ListItem.DBTYPE,episode)]">
                            <param name="id" value="1060"/>
                            <param name="visible" value="Skin.HasSetting(InfoDialog.YouTube) + System.HasAddon(plugin.video.youtube) + [String.IsEqual(ListItem.DBTYPE,movie) | String.IsEqual(ListItem.DBTYPE,tvshow) | String.IsEqual(ListItem.DBTYPE,season) | String.IsEqual(ListItem.DBTYPE,episode)]"/>
                        </include>
                        <include content="InfoDialogWallContainer">
                            <param name="id" value="1061"/>
                            <param name="icon" value="$VAR[Image_Poster]"/>
                            <param name="altlabel" value="$LOCALIZE[31266]"/>
                            <param name="label" value="$INFO[ListItem.Label]"/>
                            <param name="visible" value="Skin.HasSetting(InfoDialog.Posters) + [String.IsEqual(ListItem.DBTYPE,movie) | String.IsEqual(ListItem.DBTYPE,tvshow)]"/>
                            <content limit="25" target="videos">$VAR[Def_Posters_List]</content>
                        </include>
                    </control>
                </control>
            </control>
            <!-- right side -->
            <control type="group">
                <top>120</top>
                <left>1040</left>
                <right>40</right>
                <height>880</height>
                <control type="group">
                    <top>20</top>
                    <left>40</left>
                    <right>40</right>
                    <control type="grouplist">
                        <width>380</width>
                        <height>800</height>
                        <itemgap>72</itemgap>
                        <orientation>vertical</orientation>
                        <control type="label">
                            <font>font_tiny_hintlabel</font>
                            <label>Czas trwania:[CR]$INFO[ListItem.Duration,[COLOR white],[/COLOR]]</label>
                            <visible>!String.IsEmpty(ListItem.Duration)</visible>
                        </control>
                        <control type="label">
                            <font>font_tiny_hintlabel</font>
                            <label>Premiera:[CR]$INFO[ListItem.Premiered,[COLOR white],[/COLOR]]</label>
                            <visible>!String.IsEmpty(ListItem.Premiered)</visible>
                        </control>
                        <control type="label">
                            <font>font_tiny_hintlabel</font>
                            <label>Gatunek:[CR]$INFO[ListItem.Genre,[COLOR white],[/COLOR]]</label>
                            <visible>!String.IsEmpty(ListItem.Genre)</visible>
                        </control>
                    </control>
                    <control type="grouplist">
                        <left>420</left>
                        <right>40</right>
                        <height>800</height>
                        <itemgap>72</itemgap>
                        <orientation>vertical</orientation>
                        <control type="label">
                            <font>font_tiny_hintlabel</font>
                            <label>Reżyser:[CR]$INFO[ListItem.Director,[COLOR white],[/COLOR]]</label>
                            <visible>!String.IsEmpty(ListItem.Director)</visible>
                        </control>
                        <control type="label">
                            <font>font_tiny_hintlabel</font>
                            <label>Scenarzysta:[CR]$INFO[ListItem.Writer,[COLOR white],[/COLOR]]</label>
                            <visible>!String.IsEmpty(ListItem.Writer)</visible>
                        </control>
                        <control type="label">
                            <font>font_tiny_hintlabel</font>
                            <label>Obsada:[CR]$INFO[ListItem.Cast,[COLOR white],[/COLOR]]</label>
                            <visible>!String.IsEmpty(ListItem.Cast)</visible>
                        </control>
                    </control>
                </control>
            </control>
        </control>
    </controls>
</window>
