<window>
    <defaultcontrol always="true">300</defaultcontrol>
    <include>Defs_Settings_OnLoad</include>
    <onunload>RunScript(script.skinshortcuts,type=buildxml&amp;mainmenuID=301&amp;levels=1&amp;group=mainmenu|powermenu|searchmenu)</onunload>
    <onload condition="String.IsEmpty(Window.Property(CurrentFocus))">SetProperty(CurrentFocus,$NUMBER[9150])</onload>
    <controls>

        <include>Global_Background</include>
        <include>Defs_Settings_Background</include>
        <control type="group">
            <include>Dialog_Settings_Group</include>

            <include content="Defs_Settings_Changer">
                <onright>9000</onright>
            </include>

            <control type="group">
                <left>item_list_height</left>
                <!-- Left Gradient Fade -->
                <include content="Defs_Settings_Gradient">
                    <param name="id" value="9000" />
                    <top>item_list_height_half</top>
                    <height>item_list_height</height>
                    <width>dialog_side_grouplist</width>
                    <visible>!Control.HasFocus(300) + !Control.HasFocus(20)</visible>
                </include>
                <!-- Right Gradient -->
                <include content="Defs_Settings_Gradient">
                    <param name="id" value="9999" />
                    <top>item_list_height_half</top>
                    <height>item_list_height</height>
                    <left>dialog_side_grouplist</left>
                    <right>0</right>
                    <visible>ControlGroup(9999).HasFocus()</visible>
                </include>
                <control type="grouplist" id="9000">
                    <description>button area</description>
                    <left>0</left>
                    <top>39</top>
                    <width>dialog_side_grouplist</width>
                    <height>702</height>
                    <itemgap>0</itemgap>
                    <onright>9999</onright>
                    <include>Defs_Settings_OnLeft</include>
                    <control type="togglebutton" id="9150" description="Home">
                        <onfocus>SetProperty(CurrentFocus,$NUMBER[9150])</onfocus>
                        <usealttexture>!Control.HasFocus(300) + Integer.IsEqual(Window.Property(CurrentFocus),9150)</usealttexture>
                        <width>550</width>
                        <include>Defs_Settings_Button</include>
                        <label>Resurrection</label>
                        <altlabel>[COLOR=Selected]Resurrection[/COLOR]</altlabel>
                    </control>
                    <control type="togglebutton" id="9001" description="Home">
                        <onfocus>SetProperty(CurrentFocus,$NUMBER[9001])</onfocus>
                        <usealttexture>!Control.HasFocus(300) + Integer.IsEqual(Window.Property(CurrentFocus),9001)</usealttexture>
                        <width>550</width>
                        <include>Defs_Settings_Button</include>
                        <label>$LOCALIZE[10000]</label>
                        <altlabel>[COLOR=Selected]$LOCALIZE[10000][/COLOR]</altlabel>
                    </control>
                    <control type="togglebutton" id="9002" description="Background">
                        <onfocus>SetProperty(CurrentFocus,$NUMBER[9002])</onfocus>
                        <usealttexture>!Control.HasFocus(300) + Integer.IsEqual(Window.Property(CurrentFocus),9002)</usealttexture>
                        <width>550</width>
                        <include>Defs_Settings_Button</include>
                        <label>$LOCALIZE[31110]</label>
                        <altlabel>[COLOR=Selected]$LOCALIZE[31110][/COLOR]</altlabel>
                    </control>

                    <control type="togglebutton" id="9003" description="Colors">
                        <onfocus>SetProperty(CurrentFocus,$NUMBER[9003])</onfocus>
                        <usealttexture>!Control.HasFocus(300) + Integer.IsEqual(Window.Property(CurrentFocus),9003)</usealttexture>
                        <width>550</width>
                        <include>Defs_Settings_Button</include>
                        <label>$LOCALIZE[31143]</label>
                        <altlabel>[COLOR=Selected]$LOCALIZE[31143][/COLOR]</altlabel>
                    </control>

                    <control type="togglebutton" id="9004" description="Views">
                        <onfocus>SetProperty(CurrentFocus,$NUMBER[9004])</onfocus>
                        <usealttexture>!Control.HasFocus(300) + Integer.IsEqual(Window.Property(CurrentFocus),9004)</usealttexture>
                        <width>550</width>
                        <include>Defs_Settings_Button</include>
                        <label>$LOCALIZE[14022]</label>
                        <altlabel>[COLOR=Selected]$LOCALIZE[14022][/COLOR]</altlabel>
                    </control>

                    <control type="togglebutton" id="9007" description="Furniture">
                        <onfocus>SetProperty(CurrentFocus,$NUMBER[9007])</onfocus>
                        <usealttexture>!Control.HasFocus(300) + Integer.IsEqual(Window.Property(CurrentFocus),9007)</usealttexture>
                        <width>550</width>
                        <include>Defs_Settings_Button</include>
                        <label>$LOCALIZE[31024]</label>
                        <altlabel>[COLOR=Selected]$LOCALIZE[31024][/COLOR]</altlabel>
                    </control>

                    <control type="togglebutton" id="9005" description="OSD">
                        <onfocus>SetProperty(CurrentFocus,$NUMBER[9005])</onfocus>
                        <usealttexture>!Control.HasFocus(300) + Integer.IsEqual(Window.Property(CurrentFocus),9005)</usealttexture>
                        <width>550</width>
                        <include>Defs_Settings_Button</include>
                        <label>$LOCALIZE[31270]</label>
                        <altlabel>[COLOR=Selected]$LOCALIZE[31270][/COLOR]</altlabel>
                    </control>

                    <control type="togglebutton" id="9006" description="PVR">
                        <onfocus>SetProperty(CurrentFocus,$NUMBER[9006])</onfocus>
                        <usealttexture>!Control.HasFocus(300) + Integer.IsEqual(Window.Property(CurrentFocus),9006)</usealttexture>
                        <width>550</width>
                        <include>Defs_Settings_Button</include>
                        <label>$LOCALIZE[31422]</label>
                        <altlabel>[COLOR=Selected]$LOCALIZE[31422][/COLOR]</altlabel>
                    </control>

                    <control type="togglebutton" id="9008" description="Dependencies">
                        <onfocus>SetProperty(CurrentFocus,$NUMBER[9008])</onfocus>
                        <usealttexture>!Control.HasFocus(300) + Integer.IsEqual(Window.Property(CurrentFocus),9008)</usealttexture>
                        <width>550</width>
                        <include>Defs_Settings_Button</include>
                        <label>$LOCALIZE[24996]</label>
                        <altlabel>[COLOR=Selected]$LOCALIZE[24996][/COLOR]</altlabel>
                    </control>

                    <control type="togglebutton" id="9009" description="Reset Backup">
                        <onfocus>SetProperty(CurrentFocus,$NUMBER[9009])</onfocus>
                        <usealttexture>!Control.HasFocus(300) + Integer.IsEqual(Window.Property(CurrentFocus),9009)</usealttexture>
                        <width>550</width>
                        <include>Defs_Settings_Button</include>
                        <label>$LOCALIZE[30039]</label>
                        <altlabel>[COLOR=Selected]$LOCALIZE[30039][/COLOR]</altlabel>
                    </control>
                </control>

                <control type="grouplist" id="9999">
                    <description>control area</description>
                    <left>dialog_side_grouplist</left>
                    <top>39</top>
                    <right>0</right>
                    <height>702</height>
                    <itemgap>0</itemgap>
                    <onleft>9000</onleft>
                    <onup>9999</onup>
                    <ondown>9999</ondown>
                    <pagecontrol>61</pagecontrol>
                    <usecontrolcoords>true</usecontrolcoords>

                    <!-- =============================== -->
                    <!-- Arctic: Zephyr 2 - Resurrection -->
                    <!-- =============================== -->

                    <!-- Debugging -->
                    <control type="label" id="19185" description="LABEL">
                        <visible>Integer.IsEqual(Window.Property(CurrentFocus),9150)</visible>
                        <include>Dialog_Standard_HintLabel</include>
                        <label>$LOCALIZE[30044]</label>
                    </control>

                    <control type="radiobutton" id="19150" description="Debugging">
                        <visible>Integer.IsEqual(Window.Property(CurrentFocus),9150)</visible>
                        <include>Defs_Settings_Button</include>
                        <label>$LOCALIZE[30044]</label>
                        <onclick>Skin.ToggleSetting(DebugInfo)</onclick>
                        <selected>Skin.HasSetting(DebugInfo)</selected>
                    </control>

                    <control type="image" id="19182">
                        <description>Skin Sign</description>
                        <centerleft>50%</centerleft>
                        <width>611</width>
                        <height>305.5</height>
                        <visible>Integer.IsEqual(Window.Property(CurrentFocus),9150)</visible>
                        <!-- <colordiffuse>FFFFFFFF</colordiffuse> -->
                        <fadetime>200</fadetime>
                        <texture>../resurrection.png</texture>
                        <bordersize>5</bordersize>
                        <aspectratio>keep</aspectratio>
                    </control>

                    <control type="textbox" id="2">
                        <description>Skin description</description>
                        <top>-60</top>
                        <height>300</height>
                        <width>850</width>
                        <centerleft>50%</centerleft>
                        <visible>Integer.IsEqual(Window.Property(CurrentFocus),9150)</visible>
                        <label>$LOCALIZE[30038]</label>
                        <align>center</align>
                    </control>

                    <!-- ==== -->
                    <!-- Home -->
                    <!-- ==== -->

                    <control type="label" id="19181" description="LABEL">
                        <visible>Integer.IsEqual(Window.Property(CurrentFocus),9001)</visible>
                        <include>Dialog_Standard_HintLabel</include>
                        <label>$LOCALIZE[31139]</label>
                    </control>

                    <control type="button" id="19101" description="Customise Home">
                        <visible>Integer.IsEqual(Window.Property(CurrentFocus),9001)</visible>
                        <include>Defs_Settings_Button</include>
                        <label>$LOCALIZE[31109]</label>
                        <onclick>RunScript(script.skinshortcuts,type=manage&amp;group=mainmenu)</onclick>
                    </control>

                    <control type="button" id="19102" description="Home Layout">
                        <visible>Integer.IsEqual(Window.Property(CurrentFocus),9001)</visible>
                        <include>Defs_Settings_Button</include>
                        <label>$LOCALIZE[30045]</label>
                        <label2>$VAR[Label_SkinSettings_HomeLayout]</label2>

                        <onclick>SetProperty(Dialog.1.Label,$LOCALIZE[30101])</onclick>
                        <onclick>SetProperty(Dialog.1.BuiltIn,
                                    Skin.Reset(HomeMultiNetflix) ||
                                    Skin.Reset(HomeMultiVertical) || 
                                    Skin.Reset(HomeMultiNetflixDark) || 
                                    Skin.Reset(HomeMultiHorizontal) || 
                                    Skin.Reset(HomeBasic) || 
                                    Skin.SetBool(HomeMulti) || 
                                    Skin.SetBool(HomeMultiFlixView) || RunScript(script.embuary.helper,action=setkodisetting,setting=lookandfeel.skincolors,value=Darker with dark dialogs))
                        </onclick>

                        <onclick>SetProperty(Dialog.2.Label,$LOCALIZE[30079])</onclick>
                        <onclick>SetProperty(Dialog.2.BuiltIn,
                                    Skin.Reset(HomeMultiFlixView) ||
                                    Skin.Reset(HomeMultiVertical) || 
                                    Skin.Reset(HomeMultiNetflixDark) || 
                                    Skin.Reset(HomeMultiHorizontal) || 
                                    Skin.Reset(HomeBasic) || 
                                    Skin.SetBool(HomeMulti) || 
                                    Skin.SetBool(HomeMultiNetflix) || RunScript(script.embuary.helper,action=setkodisetting,setting=lookandfeel.skincolors,value=SKINDEFAULT))
                        </onclick>
                        <onclick>SetProperty(Dialog.3.Label,$LOCALIZE[30080])</onclick>
                        <onclick>SetProperty(Dialog.3.BuiltIn,
                                    Skin.Reset(HomeMultiFlixView) ||
                                    Skin.Reset(HomeMultiNetflix) || 
                                    Skin.Reset(HomeMultiVertical) || 
                                    Skin.Reset(HomeMultiHorizontal) || 
                                    Skin.Reset(HomeBasic) || 
                                    Skin.SetBool(HomeMulti) || 
                                    Skin.SetBool(HomeMultiNetflixDark) || RunScript(script.embuary.helper,action=setkodisetting,setting=lookandfeel.skincolors,value=Dark with dark dialogs))
                        </onclick>
                        <onclick>SetProperty(Dialog.4.Label,$LOCALIZE[30051])</onclick>
                        <onclick>SetProperty(Dialog.4.BuiltIn,
                                    Skin.Reset(HomeMultiFlixView) ||
                                    Skin.Reset(HomeMultiNetflix) || 
                                    Skin.Reset(HomeMultiNetflixDark) || 
                                    Skin.Reset(HomeMultiHorizontal) || 
                                    Skin.Reset(HomeBasic) || 
                                    Skin.SetBool(HomeMulti) || 
                                    Skin.SetBool(HomeMultiVertical) || RunScript(script.embuary.helper,action=setkodisetting,setting=lookandfeel.skincolors,value=SKINDEFAULT))
                        </onclick>
                        <onclick>SetProperty(Dialog.5.Label,$LOCALIZE[30052])</onclick>
                        <onclick>SetProperty(Dialog.5.BuiltIn,
                                    Skin.Reset(HomeMultiFlixView) ||
                                    Skin.Reset(HomeMultiNetflix) || 
                                    Skin.Reset(HomeMultiNetflixDark) || 
                                    Skin.Reset(HomeMultiVertical) || 
                                    Skin.Reset(HomeBasic) || 
                                    Skin.SetBool(HomeMulti) || 
                                    Skin.SetBool(HomeMultiHorizontal) || RunScript(script.embuary.helper,action=setkodisetting,setting=lookandfeel.skincolors,value=SKINDEFAULT))
                        </onclick>
                        <onclick>SetProperty(Dialog.6.Label,$LOCALIZE[30061])</onclick>
                        <onclick>SetProperty(Dialog.6.BuiltIn,
                                    Skin.Reset(HomeMultiFlixView) ||
                                    Skin.Reset(HomeMultiNetflix) || 
                                    Skin.Reset(HomeMultiNetflixDark) || 
                                    Skin.Reset(HomeMultiVertical) || 
                                    Skin.Reset(HomeMultiHorizontal) || 
                                    Skin.Reset(HomeMulti) || 
                                    Skin.SetBool(HomeBasic) || RunScript(script.embuary.helper,action=setkodisetting,setting=lookandfeel.skincolors,value=SKINDEFAULT))
                        </onclick>
                        <onclick>RunScript(script.embuary.helper,action=createselect,header=$LOCALIZE[30045])</onclick>
                    </control>

                    <control type="button" id="19109" description="Home Menu Style">
                        <visible>Integer.IsEqual(Window.Property(CurrentFocus),9001)</visible>
                        <include>Defs_Settings_Button</include>
                        <label>$LOCALIZE[30046]</label>
                        <label2>$VAR[Label_SkinSettings_MenuStyle]</label2>

                        <onclick>SetProperty(Context.1.Label,$LOCALIZE[30054])</onclick>
                        <onclick>SetProperty(Context.1.BuiltIn,
                                    Skin.Reset(VerticalIconsOnly) ||
                                    Skin.Reset(HomeTextAutoWidth) ||
                                    Skin.Reset(HomeIcons))
                        </onclick>
                        <onclick>SetProperty(Context.2.Label,$LOCALIZE[30053])</onclick>
                        <onclick>SetProperty(Context.2.BuiltIn,
                                    Skin.Reset(VerticalIconsOnly) ||
                                    Skin.Reset(HomeTextAutoWidth) ||
                                    Skin.SetBool(HomeIcons))
                        </onclick>
                        <onclick>SetProperty(Context.3.Label,$LOCALIZE[30081])</onclick>
                        <onclick>SetProperty(Context.3.BuiltIn,
                                    Skin.Reset(HomeIcons) ||
                                    Skin.Reset(HomeTextAutoWidth) ||
                                    Skin.SetBool(VerticalIconsOnly))
                        </onclick>
                        <onclick>RunScript(script.embuary.helper,action=createcontext)</onclick>
                        <visible>Skin.HasSetting(HomeMulti) + !Skin.HasSetting(HomeMultiHorizontal)</visible>
                    </control>

                    <control type="button" id="19110" description="Home Menu Style">
                        <visible>Integer.IsEqual(Window.Property(CurrentFocus),9001)</visible>
                        <include>Defs_Settings_Button</include>
                        <label>$LOCALIZE[30046]</label>
                        <label2>$VAR[Label_SkinSettings_MenuStyle]</label2>

                        <onclick>SetProperty(Context.1.Label,$LOCALIZE[30056])</onclick>
                        <onclick>SetProperty(Context.1.BuiltIn,
                                    Skin.Reset(HomeIcons) ||
                                    Skin.SetBool(HomeTextAutoWidth))
                        </onclick>
                        <onclick>SetProperty(Context.2.Label,$LOCALIZE[30057])</onclick>
                        <onclick>SetProperty(Context.2.BuiltIn,
                                    Skin.Reset(HomeIcons) ||
                                    Skin.Reset(VerticalIconsOnly) ||
                                    Skin.Reset(HomeTextAutoWidth))
                        </onclick>
                        <onclick>SetProperty(Context.3.Label,$LOCALIZE[30055])</onclick>
                        <onclick>SetProperty(Context.3.BuiltIn,
                                    Skin.Reset(HomeTextAutoWidth) ||
                                    Skin.SetBool(HomeIcons))
                        </onclick>
                        <onclick>RunScript(script.embuary.helper,action=createcontext)</onclick>
                        <visible>[!Skin.HasSetting(HomeMulti) | Skin.HasSetting(HomeMultiHorizontal)]</visible>
                    </control>

                    <!-- <control type="button" id="19109" description="Menu Style"> -->
                    <!-- <visible>Integer.IsEqual(Window.Property(CurrentFocus),9001)</visible> -->
                    <!-- <include>Defs_Settings_Button</include> -->
                    <!-- <label>$LOCALIZE[30046]</label> -->
                    <!-- <label2>$VAR[Label_SkinSettings_MenuStyle]</label2> -->

                    <!-- If vertical just toggle icons -->
                    <!-- <onclick condition="Skin.HasSetting(HomeMulti) + !Skin.HasSetting(HomeMultiHorizontal)">Skin.ToggleSetting(HomeIcons)</onclick> -->
                    <!-- <onclick condition="Skin.HasSetting(HomeMulti) + !Skin.HasSetting(HomeMultiHorizontal)">Skin.Reset(VerticalIconsOnly)</onclick> -->
                    <!-- <onclick condition="Skin.HasSetting(HomeMultiVertical) + [Skin.HasSetting(HomeMulti) + !Skin.HasSetting(HomeMultiHorizontal) + Skin.HasSetting(HomeIcons)]">Skin.ToggleSetting(VerticalIconsOnly)</onclick> -->

                    <!-- If not vertical toggle both -->
                    <!-- <onclick condition="[!Skin.HasSetting(HomeMulti) | Skin.HasSetting(HomeMultiHorizontal)] + !Skin.HasSetting(HomeTextAutoWidth) + !Skin.HasSetting(HomeIcons)">Skin.SetBool(HomeTextAutoWidth)</onclick> -->
                    <!-- <onclick condition="[!Skin.HasSetting(HomeMulti) | Skin.HasSetting(HomeMultiHorizontal)] + Skin.HasSetting(HomeTextAutoWidth) + !Skin.HasSetting(HomeIcons)">Skin.SetBool(HomeIcons)</onclick> -->
                    <!-- <onclick condition="[!Skin.HasSetting(HomeMulti) | Skin.HasSetting(HomeMultiHorizontal)] + Skin.HasSetting(HomeIcons)">Skin.Reset(HomeTextAutoWidth)</onclick> -->
                    <!-- <onclick condition="[!Skin.HasSetting(HomeMulti) | Skin.HasSetting(HomeMultiHorizontal)] + Skin.HasSetting(HomeIcons)">Skin.Reset(HomeIcons)</onclick> -->
                    <!-- <onclick condition="[!Skin.HasSetting(HomeMulti) | Skin.HasSetting(HomeMultiHorizontal)] + Skin.HasSetting(HomeIcons)">Skin.Reset(VerticalIconsOnly)</onclick> -->
                    <!-- </control> -->

                    <control type="button" id="19119" description="Corner Icon">
                        <visible>Integer.IsEqual(Window.Property(CurrentFocus),9001)</visible>
                        <include>Defs_Settings_Button</include>
                        <label>$LOCALIZE[30047]</label>
                        <label2>$VAR[Label_SkinSettings_CornerIcon]</label2>
                        <onclick condition="String.IsEmpty(Skin.String(CornerIcon))">Skin.SetString(CornerIcon,Settings)</onclick>
                        <onclick condition="String.IsEqual(Skin.String(CornerIcon),Settings)">Skin.SetString(CornerIcon,Power)</onclick>
                        <onclick condition="String.IsEqual(Skin.String(CornerIcon),Power)">Skin.SetString(CornerIcon,Home)</onclick>
                        <onclick condition="String.IsEqual(Skin.String(CornerIcon),Home)">Skin.SetString(CornerIcon,Kodi)</onclick>
                        <onclick condition="String.IsEqual(Skin.String(CornerIcon),Kodi)">Skin.Reset(CornerIcon)</onclick>
                        <visible>!Skin.HasSetting(HomeTextAutoWidth) + [Skin.HasSetting(HomeMultiHorizontal) | !Skin.HasSetting(HomeMulti)] + !Skin.HasSetting(HomeIcons)</visible>
                    </control>

                    <control type="button" id="19108" description="Widget movement">
                        <visible>Integer.IsEqual(Window.Property(CurrentFocus),9001)</visible>
                        <include>Defs_Settings_Button</include>
                        <label>$LOCALIZE[30048]</label>
                        <label2>$VAR[Label_SkinSettings_WidgetMovement]</label2>
                        <onclick>Skin.ToggleSetting(FixedWidgets)</onclick>
                        <visible>Skin.HasSetting(HomeMulti)</visible>
                    </control>

                    <control type="radiobutton" id="19104" description="Submenu Only">
                        <visible>Integer.IsEqual(Window.Property(CurrentFocus),9001)</visible>
                        <include>Defs_Settings_Button</include>
                        <label>$LOCALIZE[31009]</label>
                        <selected>!Skin.HasSetting(SubmenuOnly)</selected>
                        <onclick>Skin.ToggleSetting(SubmenuOnly)</onclick>
                    </control>

                    <control type="button" id="19105" description="Global Widget">
                        <visible>Integer.IsEqual(Window.Property(CurrentFocus),9001)</visible>
                        <include>Defs_Settings_Button</include>
                        <label>$LOCALIZE[31113]</label>
                        <label2>$INFO[Skin.String(widgetPath)]</label2>
                        <onclick>RunScript(script.skinshortcuts,type=widgets&amp;showNone=True&amp;skinWidgetName=widgetName&amp;skinWidgetTarget=widgetTarget&amp;skinWidgetPath=widgetPath)</onclick>
                    </control>
                    <control type="button" id="19106" description="Set Fallback Image">
                        <visible>Integer.IsEqual(Window.Property(CurrentFocus),9001)</visible>
                        <include>Defs_Settings_Button</include>
                        <label>$LOCALIZE[31150]</label>
                        <label2>$INFO[Skin.String(HomeBackgroundImage)]</label2>

                        <onclick>SetProperty(Dialog.1.Label,$LOCALIZE[16018])</onclick>
                        <onclick>SetProperty(Dialog.1.BuiltIn,Skin.Reset(HomeBackgroundImage))</onclick>
                        <onclick>SetProperty(Dialog.2.Label,$LOCALIZE[31271])</onclick>
                        <onclick>SetProperty(Dialog.2.BuiltIn,Skin.SetImage(HomeBackgroundImage))</onclick>
                        <onclick>SetProperty(Dialog.3.Label,$LOCALIZE[31272])</onclick>
                        <onclick>SetProperty(Dialog.3.BuiltIn,Skin.SetPath(HomeBackgroundImage))</onclick>
                        <onclick>RunScript(script.embuary.helper,action=createselect,header=$LOCALIZE[31150])</onclick>
                    </control>

                    <control type="radiobutton" id="19107" description="Auto Scroll Single Widgets">
                        <visible>Integer.IsEqual(Window.Property(CurrentFocus),9001)</visible>
                        <include>Defs_Settings_Button</include>
                        <label>$LOCALIZE[30049]</label>
                        <selected>!Skin.HasSetting(DisableAutoScrollWidgets)</selected>
                        <onclick>Skin.ToggleSetting(DisableAutoScrollWidgets)</onclick>
                    </control>

                    <control type="radiobutton" id="19111" description="Disable skin splash on startup">
                        <visible>Integer.IsEqual(Window.Property(CurrentFocus),9001)</visible>
                        <include>Defs_Settings_Button</include>
                        <label>$LOCALIZE[30100]</label>
                        <selected>Skin.HasSetting(DisplaySplashOnStartup)</selected>
                        <onclick>Skin.ToggleSetting(DisplaySplashOnStartup)</onclick>
                    </control>

                    <control type="radiobutton" id="19112" description="Disable profile info in main menu">
                        <visible>Integer.IsEqual(Window.Property(CurrentFocus),9001)</visible>
                        <include>Defs_Settings_Button</include>
                        <label>$LOCALIZE[30108]</label>
                        <enable>Skin.HasSetting(HomeMultiFlixView)</enable>
                        <selected>Skin.HasSetting(DisabledProfileInfo)</selected>
                        <onclick>Skin.ToggleSetting(DisabledProfileInfo)</onclick>
                    </control>

                    <!-- ========== -->
                    <!-- Background -->
                    <!-- ========== -->

                    <control type="label" id="19281" description="LABEL">
                        <visible>Integer.IsEqual(Window.Property(CurrentFocus),9002)</visible>
                        <include>Dialog_Standard_HintLabel</include>
                        <label>$LOCALIZE[31140]</label>
                    </control>

                    <control type="radiobutton" id="19202" description="No fanart">
                        <visible>Integer.IsEqual(Window.Property(CurrentFocus),9002)</visible>
                        <include>Defs_Settings_Button</include>
                        <label>$LOCALIZE[31121]</label>
                        <selected>!Skin.HasSetting(NoFanart)</selected>
                        <onclick>Skin.ToggleSetting(NoFanart)</onclick>
                    </control>

                    <control type="radiobutton" id="19201" description="Enable blur">
                        <visible>Integer.IsEqual(Window.Property(CurrentFocus),9002)</visible>
                        <include>Defs_Settings_Button</include>
                        <label>$LOCALIZE[31275]</label>
                        <selected>!Skin.HasSetting(DisableBlur)</selected>
                        <onclick>Skin.ToggleSetting(DisableBlur)</onclick>
                        <enable>!Skin.HasSetting(NoFanart)</enable>
                    </control>

                    <control type="radiobutton" id="19207" description="Disable overlay">
                        <visible>Integer.IsEqual(Window.Property(CurrentFocus),9002)</visible>
                        <include>Defs_Settings_Button</include>
                        <label>$LOCALIZE[30099]</label>

                        <onclick>Skin.ToggleSetting(DisableBackgroundOverlay)</onclick>
                        <selected>Skin.HasSetting(DisableBackgroundOverlay)</selected>
                    </control>

                    <!-- <control type="button" id="19208" description="Set Fallback Image">
                        <visible>Integer.IsEqual(Window.Property(CurrentFocus),9002)</visible>
                        <include>Defs_Settings_Button</include>
                        <label>Set background image</label>
                        <label2>$INFO[Skin.String(background.image)]</label2>

                        <onclick>SetProperty(Dialog.1.Label,$LOCALIZE[16018])</onclick>
                        <onclick>SetProperty(Dialog.1.BuiltIn,Skin.Reset(background.image))</onclick>
                        <onclick>SetProperty(Dialog.2.Label,$LOCALIZE[31271])</onclick>
                        <onclick>SetProperty(Dialog.2.BuiltIn,Skin.SetImage(background.image))</onclick>
                        <onclick>RunScript(script.embuary.helper,action=createselect,header=Set background image)</onclick>
                    </control> -->

                    <control type="button" id="19204" description="Set Fallback Image">
                        <visible>Integer.IsEqual(Window.Property(CurrentFocus),9002)</visible>
                        <include>Defs_Settings_Button</include>
                        <label>$LOCALIZE[31150]</label>
                        <label2>$INFO[Skin.String(fanart.fallback)]</label2>

                        <onclick>SetProperty(Dialog.1.Label,$LOCALIZE[16018])</onclick>
                        <onclick>SetProperty(Dialog.1.BuiltIn,Skin.Reset(fanart.fallback))</onclick>
                        <onclick>SetProperty(Dialog.2.Label,$LOCALIZE[31271])</onclick>
                        <onclick>SetProperty(Dialog.2.BuiltIn,Skin.SetImage(fanart.fallback))</onclick>
                        <onclick>RunScript(script.embuary.helper,action=createselect,header=$LOCALIZE[31150])</onclick>
                    </control>

                    <control type="radiobutton" id="19205" description="Show video in background">
                        <visible>Integer.IsEqual(Window.Property(CurrentFocus),9002)</visible>
                        <include>Defs_Settings_Button</include>
                        <label>$LOCALIZE[31111]</label>
                        <selected>Skin.HasSetting(global.showvideo)</selected>
                        <onclick>Skin.ToggleSetting(global.showvideo)</onclick>
                    </control>

                    <control type="radiobutton" id="19208" description="Play trailer in background on Flix View">
                        <visible>Integer.IsEqual(Window.Property(CurrentFocus),9002)</visible>
                        <include>Defs_Settings_Button</include>
                        <label>$LOCALIZE[30107]</label>
                        <enable>Skin.HasSetting(global.showvideo)</enable>
                        <selected>Skin.HasSetting(global.playtrailerinbg)</selected>
                        <onclick>Skin.ToggleSetting(global.playtrailerinbg)</onclick>
                    </control>

                    <control type="button" id="192047" description="Set Timer Per Image">
                        <visible>Integer.IsEqual(Window.Property(CurrentFocus),9002)</visible>
                        <include>Defs_Settings_Button</include>
                        <label>$LOCALIZE[31128]</label>
                        <label2>$INFO[Skin.String(AutoScroll)]</label2>

                        <onclick>SetProperty(Dialog.1.Label,$LOCALIZE[31117])</onclick>
                        <onclick>SetProperty(Dialog.1.BuiltIn,Skin.SetString(AutoScroll,$LOCALIZE[31117]))</onclick>
                        <onclick>SetProperty(Dialog.2.Label,$LOCALIZE[31122])</onclick>
                        <onclick>SetProperty(Dialog.2.BuiltIn,Skin.SetString(AutoScroll,$LOCALIZE[31122]))</onclick>
                        <onclick>SetProperty(Dialog.3.Label,$LOCALIZE[31123])</onclick>
                        <onclick>SetProperty(Dialog.3.BuiltIn,Skin.SetString(AutoScroll,$LOCALIZE[31123]))</onclick>
                        <onclick>SetProperty(Dialog.4.Label,$LOCALIZE[31124])</onclick>
                        <onclick>SetProperty(Dialog.4.BuiltIn,Skin.SetString(AutoScroll,$LOCALIZE[31124]))</onclick>
                        <onclick>SetProperty(Dialog.5.Label,$LOCALIZE[31125])</onclick>
                        <onclick>SetProperty(Dialog.5.BuiltIn,Skin.SetString(AutoScroll,$LOCALIZE[31125]))</onclick>
                        <onclick>SetProperty(Dialog.6.Label,$LOCALIZE[31126])</onclick>
                        <onclick>SetProperty(Dialog.6.BuiltIn,Skin.SetString(AutoScroll,$LOCALIZE[31126]))</onclick>
                        <onclick>SetProperty(Dialog.7.Label,$LOCALIZE[31127])</onclick>
                        <onclick>SetProperty(Dialog.7.BuiltIn,Skin.SetString(AutoScroll,$LOCALIZE[31127]))</onclick>
                        <onclick>RunScript(script.embuary.helper,action=createselect,header=$LOCALIZE[31128])</onclick>
                    </control>

                    <control type="radiobutton" id="19206" description="Animate background ken burns">
                        <visible>Integer.IsEqual(Window.Property(CurrentFocus),9002)</visible>
                        <include>Defs_Settings_Button</include>
                        <label>$LOCALIZE[31205]</label>
                        <selected>Skin.HasSetting(KenBurnsEffect)</selected>
                        <onclick>Skin.ToggleSetting(KenBurnsEffect)</onclick>
                    </control>

                    <!-- ============= -->
                    <!-- Miscellaneous -->
                    <!-- ============= -->

                    <control type="label" id="19381" description="LABEL">
                        <visible>Integer.IsEqual(Window.Property(CurrentFocus),9003)</visible>
                        <include>Dialog_Standard_HintLabel</include>
                        <label>$LOCALIZE[14078]</label>
                    </control>

                    <!-- <control type="button" id="19301" description="Color Highlight">
                        <visible>Integer.IsEqual(Window.Property(CurrentFocus),9003)</visible>
                        <include>Defs_Settings_Button</include>
                        <label>$LOCALIZE[31286]</label>
                        <label2>$INFO[Skin.String(focuscolor.name)]</label2>
                        <onclick condition="!System.HasAddon(script.skin.helper.colorpicker)">InstallAddon(script.skin.helper.colorpicker)</onclick>
                        <onclick>RunScript(script.skin.helper.colorpicker,skinstring=focuscolor.name)</onclick>
                    </control> -->

                    <control type="button" id="19301" description="Color Highlight">
                        <visible>Integer.IsEqual(Window.Property(CurrentFocus),9003)</visible>
                        <include>Defs_Settings_Button</include>
                        <label>$LOCALIZE[30098]</label>
                        <label2>$INFO[Skin.String(focuscolor.name)]</label2>
                        <onclick>SetProperty(colorpick,$LOCALIZE[30084],Home)</onclick>
                        <onclick>ActivateWindow(1117)</onclick>
                    </control>

                    <control type="button" id="19305" description="Color Highlight2">
                        <visible>Integer.IsEqual(Window.Property(CurrentFocus),9003)</visible>
                        <include>Defs_Settings_Button</include>
                        <label>$LOCALIZE[30086]</label>
                        <label2>$INFO[Skin.String(gradientcolor.name)]</label2>
                        <onclick>SetProperty(colorpick,$LOCALIZE[30085],Home)</onclick>
                        <onclick>ActivateWindow(1117)</onclick>
                    </control>

                    <control type="radiobutton" id="19308" description="Monochrome Highlight">
                        <visible>Integer.IsEqual(Window.Property(CurrentFocus),9003)</visible>
                        <include>Defs_Settings_Button</include>
                        <label>$LOCALIZE[30097]</label>
                        <onclick>Skin.ToggleSetting(EnableMonochromeHighlight)</onclick>
                        <selected>Skin.HasSetting(EnableMonochromeHighlight)</selected>
                    </control>

                    <control type="button" id="19302" description="Color Highlight">
                        <visible>Integer.IsEqual(Window.Property(CurrentFocus),9003)</visible>
                        <include>Defs_Settings_Button</include>
                        <label>$LOCALIZE[31013]</label>
                        <label2>$INFO[Skin.String(PosterHighlight)]</label2>
                        <onclick condition="!String.IsEqual(Skin.String(PosterHighlight),Highlight)">Skin.SetString(PosterHighlight,Highlight)</onclick>
                        <onclick condition="String.IsEqual(Skin.String(PosterHighlight),Highlight)">Skin.SetString(PosterHighlight,White)</onclick>
                    </control>

                    <control type="radiobutton" id="19312" description="Geometric panels">
                        <visible>Integer.IsEqual(Window.Property(CurrentFocus),9003)</visible>
                        <include>Defs_Settings_Button</include>
                        <label>$LOCALIZE[31189]</label>
                        <selected>!Skin.HasSetting(DisableGeometric)</selected>
                        <onclick>Skin.ToggleSetting(DisableGeometric)</onclick>
                    </control>

                    <control type="radiobutton" id="19313" description="Use High Contrast Colors">
                        <visible>Integer.IsEqual(Window.Property(CurrentFocus),9003)</visible>
                        <include>Defs_Settings_Button</include>
                        <label>$LOCALIZE[31438]</label>
                        <selected>Skin.HasSetting(EnableHighContrastWidgetText)</selected>
                        <onclick>Skin.ToggleSetting(EnableHighContrastWidgetText)</onclick>
                    </control>

                    <control type="radiobutton" id="19307" description="Automatic Theme Switch">
                        <visible>Integer.IsEqual(Window.Property(CurrentFocus),9003)</visible>
                        <include>Defs_Settings_Button</include>
                        <label>$LOCALIZE[31188]</label>
                        <selected>Skin.HasSetting(ThemeSwitcher)</selected>
                        <onclick>Skin.ToggleSetting(ThemeSwitcher)</onclick>
                        <onclick condition="String.IsEmpty(Window(home).property(lookandfeel.skintheme))">RunScript(script.embuary.helper,action=getkodisetting,setting=lookandfeel.skintheme)</onclick>
                    </control>

                    <control type="label" id="19382" description="LABEL">
                        <visible>Integer.IsEqual(Window.Property(CurrentFocus),9003)</visible>
                        <include>Dialog_Standard_HintLabel</include>
                        <label>$LOCALIZE[31165]</label>
                    </control>

                    <control type="button" id="19303" description="Customise Shutdown Menu">
                        <visible>Integer.IsEqual(Window.Property(CurrentFocus),9003)</visible>
                        <include>Defs_Settings_Button</include>
                        <label>$LOCALIZE[31027]</label>
                        <onclick>RunScript(script.skinshortcuts,type=manage&amp;group=powermenu)</onclick>
                    </control>

                    <control type="button" id="19304" description="Info lists">
                        <visible>Integer.IsEqual(Window.Property(CurrentFocus),9003)</visible>
                        <include>Defs_Settings_Button</include>
                        <label>$LOCALIZE[31015]</label>
                        <onclick>ActivateWindow(1119)</onclick>
                    </control>

                    <control type="button" id="19306" description="Search lists">
                        <visible>Integer.IsEqual(Window.Property(CurrentFocus),9003)</visible>
                        <include>Defs_Settings_Button</include>
                        <label>$LOCALIZE[31166]</label>
                        <onclick>RunScript(script.skinshortcuts,type=manage&amp;group=searchmenu)</onclick>
                        <!-- <onclick>ActivateWindow(1120)</onclick> -->
                    </control>

                    <control type="label" id="19385" description="LABEL">
                        <visible>Integer.IsEqual(Window.Property(CurrentFocus),9003)</visible>
                        <include>Dialog_Standard_HintLabel</include>
                        <label>$LOCALIZE[30050]</label>
                    </control>

                    <control type="radiobutton" id="19323" description="Kiosk Mode">
                        <visible>Integer.IsEqual(Window.Property(CurrentFocus),9003)</visible>
                        <include>Defs_Settings_Button</include>
                        <label>$LOCALIZE[31199]</label>
                        <selected>Skin.HasSetting(KioskMode)</selected>
                        <onclick>Skin.ToggleSetting(KioskMode)</onclick>
                    </control>

                    <control type="button" id="19399" description="Startup Video">
                        <visible>Integer.IsEqual(Window.Property(CurrentFocus),9003)</visible>
                        <include>Defs_Settings_Button</include>
                        <label>$LOCALIZE[31168]</label>
                        <label2>$INFO[Skin.String(StartupPlaylist)]</label2>
                        <onclick condition="String.IsEmpty(Skin.String(StartupPlaylist))">Skin.SetFile(StartupPlaylist,.mp4|.avi|.mkv|.xvid|.wmv|.mov|.xsp|.mp3|.wma|.flac|.m3u)</onclick>
                        <onclick condition="!String.IsEmpty(Skin.String(StartupPlaylist))">Skin.Reset(StartupPlaylist)</onclick>
                    </control>


                    <!-- ======= -->
                    <!-- Library -->
                    <!-- ======= -->

                    <control type="label" id="19483" description="LABEL">
                        <visible>Integer.IsEqual(Window.Property(CurrentFocus),9004)</visible>
                        <include>Dialog_Standard_HintLabel</include>
                        <label>$LOCALIZE[31146]</label>
                    </control>

                    <control type="button" id="19410" description="Ratings">
                        <visible>Integer.IsEqual(Window.Property(CurrentFocus),9004)</visible>
                        <include>Defs_Settings_Button</include>
                        <label>$LOCALIZE[31116]</label>
                        <onclick>ActivateWindow(1118)</onclick>
                    </control>

                    <control type="radiobutton" id="19411" description="Star Rating as Numeric">
                        <visible>Integer.IsEqual(Window.Property(CurrentFocus),9004)</visible>
                        <include>Defs_Settings_Button</include>
                        <label>$LOCALIZE[31192]</label>
                        <selected>Skin.HasSetting(NumericStarRating)</selected>
                        <onclick>Skin.ToggleSetting(NumericStarRating)</onclick>
                    </control>

                    <control type="button" id="19414" description="Switch to colorful icons">
                        <visible>Integer.IsEqual(Window.Property(CurrentFocus),9004)</visible>
                        <include>Defs_Settings_Button</include>
                        <label>$LOCALIZE[30083]</label>
                        <label2>$INFO[Skin.String(icons.label)]</label2>

                        <onclick>SetProperty(Context.1.Label,Monochrome)</onclick>
                        <onclick>SetProperty(Context.1.BuiltIn,
                                            Skin.SetString(Icons, monochrome) ||
                                            Skin.SetString(icons.diffuse, main_fg_100) ||
                                            Skin.SetString(icons.label, Monochrome))</onclick>
                        <onclick>SetProperty(Context.2.Label,Colorful)</onclick>
                        <onclick>SetProperty(Context.2.BuiltIn,
                                            Skin.SetString(Icons, colorful) ||
                                            Skin.SetString(icons.diffuse, '') ||
                                            Skin.SetString(icons.label, Colorful))</onclick>
                        <onclick>RunScript(script.embuary.helper,action=createcontext)</onclick>
                    </control>

                    <control type="radiobutton" id="19412" description="Plot overlay">
                        <visible>Integer.IsEqual(Window.Property(CurrentFocus),9004)</visible>
                        <include>Defs_Settings_Button</include>
                        <label>$LOCALIZE[31379]</label>
                        <selected>Skin.HasSetting(AutoPlotOverlay)</selected>
                        <onclick>Skin.ToggleSetting(AutoPlotOverlay)</onclick>
                    </control>

                    <control type="radiobutton" id="19413" description="Show page and item counts below weather/time">
                        <visible>Integer.IsEqual(Window.Property(CurrentFocus),9004)</visible>
                        <include>Defs_Settings_Button</include>
                        <label>$LOCALIZE[31439]</label>
                        <selected>Skin.HasSetting(EnableShowItemCount)</selected>
                        <onclick>Skin.ToggleSetting(EnableShowItemCount)</onclick>
                    </control>

                    <control type="label" id="19481" description="LABEL">
                        <visible>Integer.IsEqual(Window.Property(CurrentFocus),9004)</visible>
                        <include>Dialog_Standard_HintLabel</include>
                        <label>$LOCALIZE[31152]</label>
                    </control>

                    <control type="radiobutton" id="19405" description="Flip sides">
                        <visible>Integer.IsEqual(Window.Property(CurrentFocus),9004)</visible>
                        <include>Defs_Settings_Button</include>
                        <label>$LOCALIZE[31016]</label>
                        <selected>Skin.HasSetting(FlipSide)</selected>
                        <onclick>Skin.ToggleSetting(FlipSide)</onclick>
                    </control>

                    <control type="radiobutton" id="19406" description="Left-align showcase">
                        <visible>Integer.IsEqual(Window.Property(CurrentFocus),9004)</visible>
                        <include>Defs_Settings_Button</include>
                        <label>$LOCALIZE[31019]</label>
                        <selected>Skin.HasSetting(UseAuraShowcase)</selected>
                        <onclick>Skin.ToggleSetting(UseAuraShowcase)</onclick>
                    </control>

                    <control type="radiobutton" id="19408" description="Default list labels">
                        <visible>Integer.IsEqual(Window.Property(CurrentFocus),9004)</visible>
                        <include>Defs_Settings_Button</include>
                        <label>$LOCALIZE[31095]</label>
                        <selected>!Skin.HasSetting(EnhancedAddonLabels)</selected>
                        <onclick>Skin.ToggleSetting(EnhancedAddonLabels)</onclick>
                    </control>

                    <control type="radiobutton" id="19409" description="Tracknaming template">
                        <visible>Integer.IsEqual(Window.Property(CurrentFocus),9004)</visible>
                        <include>Defs_Settings_Button</include>
                        <label>$LOCALIZE[31096]</label>
                        <selected>Skin.HasSetting(UseTrackNamingTemplate)</selected>
                        <onclick>Skin.ToggleSetting(UseTrackNamingTemplate)</onclick>
                    </control>

                    <control type="radiobutton" id="19402" description="Disable watched indicators">
                        <visible>Integer.IsEqual(Window.Property(CurrentFocus),9004)</visible>
                        <include>Defs_Settings_Button</include>
                        <label>$LOCALIZE[31317]</label>
                        <selected>!Skin.HasSetting(DisableWatchedOverlay)</selected>
                        <onclick>Skin.ToggleSetting(DisableWatchedOverlay)</onclick>
                    </control>

                    <control type="label" id="19482" description="LABEL">
                        <visible>Integer.IsEqual(Window.Property(CurrentFocus),9004)</visible>
                        <include>Dialog_Standard_HintLabel</include>
                        <label>$LOCALIZE[31144]</label>
                    </control>

                    <control type="radiobutton" id="19431">
                        <visible>Integer.IsEqual(Window.Property(CurrentFocus),9004)</visible>
                        <label>$LOCALIZE[31174]</label>
                        <include>Defs_Settings_Button</include>
                        <selected>Skin.HasSetting(LandscapeArt)</selected>
                        <onclick>Skin.ToggleSetting(LandscapeArt)</onclick>
                    </control>

                    <control type="radiobutton" id="19407" description="Roboto Fonts">
                        <visible>Integer.IsEqual(Window.Property(CurrentFocus),9004)</visible>
                        <include>Defs_Settings_Button</include>
                        <label>$LOCALIZE[31092]</label>
                        <selected>Skin.HasSetting(FauneFonts)</selected>
                        <onclick>Skin.ToggleSetting(FauneFonts)</onclick>
                        <onclick>ReloadSkin()</onclick>
                    </control>

                    <!-- ================= -->
                    <!-- Video / Music OSD -->
                    <!-- ================= -->

                    <control type="label" id="19484" description="LABEL">
                        <visible>Integer.IsEqual(Window.Property(CurrentFocus),9005)</visible>
                        <include>Dialog_Standard_HintLabel</include>
                        <label>$LOCALIZE[31146]</label>
                    </control>

                    <control type="radiobutton" id="19521" description="Show clearart">
                        <visible>Integer.IsEqual(Window.Property(CurrentFocus),9005)</visible>
                        <include>Defs_Settings_Button</include>
                        <label>$LOCALIZE[31434]</label>
                        <selected>Skin.HasSetting(ShowOSDClearArt)</selected>
                        <onclick>Skin.ToggleSetting(ShowOSDClearArt)</onclick>
                        <enable>!Skin.HasSetting(ShowInfoPaused)</enable>
                    </control>

                    <control type="button" id="19506" description="Close OSD Auto">
                        <visible>Integer.IsEqual(Window.Property(CurrentFocus),9005)</visible>
                        <include>Defs_Settings_Button</include>
                        <label>$LOCALIZE[31386]</label>
                        <label2>$INFO[Skin.String(OSD_Timeout),,]</label2>

                        <onclick>SetProperty(Dialog.1.Label,$LOCALIZE[30039])</onclick>
                        <onclick>SetProperty(Dialog.1.BuiltIn,Skin.Reset(OSD_Timeout))</onclick>
                        <onclick>SetProperty(Dialog.2.Label,$LOCALIZE[30064])</onclick>
                        <onclick>SetProperty(Dialog.2.BuiltIn,Skin.SetString(OSD_Timeout,$LOCALIZE[30064]))</onclick>
                        <onclick>SetProperty(Dialog.3.Label,$LOCALIZE[30065])</onclick>
                        <onclick>SetProperty(Dialog.3.BuiltIn,Skin.SetString(OSD_Timeout,$LOCALIZE[30065]))</onclick>
                        <onclick>SetProperty(Dialog.4.Label,$LOCALIZE[31117])</onclick>
                        <onclick>SetProperty(Dialog.4.BuiltIn,Skin.SetString(OSD_Timeout,$LOCALIZE[31117]))</onclick>
                        <onclick>SetProperty(Dialog.5.Label,$LOCALIZE[31122])</onclick>
                        <onclick>SetProperty(Dialog.5.BuiltIn,Skin.SetString(OSD_Timeout,$LOCALIZE[31122]))</onclick>
                        <onclick>SetProperty(Dialog.6.Label,$LOCALIZE[31123])</onclick>
                        <onclick>SetProperty(Dialog.6.BuiltIn,Skin.SetString(OSD_Timeout,$LOCALIZE[31123]))</onclick>
                        <onclick>SetProperty(Dialog.7.Label,$LOCALIZE[31124])</onclick>
                        <onclick>SetProperty(Dialog.7.BuiltIn,Skin.SetString(OSD_Timeout,$LOCALIZE[31124]))</onclick>
                        <onclick>SetProperty(Dialog.8.Label,$LOCALIZE[31125])</onclick>
                        <onclick>SetProperty(Dialog.8.BuiltIn,Skin.SetString(OSD_Timeout,$LOCALIZE[31125]))</onclick>
                        <onclick>SetProperty(Dialog.9.Label,$LOCALIZE[31126])</onclick>
                        <onclick>SetProperty(Dialog.9.BuiltIn,Skin.SetString(OSD_Timeout,$LOCALIZE[31126]))</onclick>
                        <onclick>RunScript(script.embuary.helper,action=createselect,header=Autoclose OSD)</onclick>>
                        <selected>!String.IsEmpty(Skin.String(OSD_Timeout))</selected>
                    </control>

                    <control type="label" id="19501" description="LABEL VIDEO OSD">
                        <visible>Integer.IsEqual(Window.Property(CurrentFocus),9005)</visible>
                        <include>Dialog_Standard_HintLabel</include>
                        <label>$LOCALIZE[31346]</label>
                    </control>
                    <control type="radiobutton" id="19502" description="Show detailed info on pause">
                        <visible>Integer.IsEqual(Window.Property(CurrentFocus),9005)</visible>
                        <include>Defs_Settings_Button</include>
                        <label>$LOCALIZE[31145]</label>
                        <selected>Skin.HasSetting(ShowInfoPaused)</selected>
                        <onclick>Skin.ToggleSetting(ShowInfoPaused)</onclick>
                    </control>
                    <control type="radiobutton" id="19503" description="Only show seekbar on pressing info">
                        <visible>Integer.IsEqual(Window.Property(CurrentFocus),9005)</visible>
                        <include>Defs_Settings_Button</include>
                        <label>$LOCALIZE[31201]</label>
                        <selected>Skin.HasSetting(DisableOSDInfo)</selected>
                        <onclick>Skin.ToggleSetting(DisableOSDInfo)</onclick>
                    </control>

                    <control type="radiobutton" id="19504" description="Dont pause on information">
                        <visible>Integer.IsEqual(Window.Property(CurrentFocus),9005)</visible>
                        <include>Defs_Settings_Button</include>
                        <label>$LOCALIZE[31079]</label>
                        <selected>!Skin.HasSetting(DontPauseOSD)</selected>
                        <onclick>Skin.ToggleSetting(DontPauseOSD)</onclick>
                    </control>

                    <control type="radiobutton" id="19505" description="Subs button opens subtitle settings">
                        <visible>Integer.IsEqual(Window.Property(CurrentFocus),9005)</visible>
                        <include>Defs_Settings_Button</include>
                        <label>$LOCALIZE[31409]</label>
                        <selected>Skin.HasSetting(OSDSubtitleSettings)</selected>
                        <onclick>Skin.ToggleSetting(OSDSubtitleSettings)</onclick>
                    </control>

                    <control type="label" id="19507" description="LABEL MUSIC OSD">
                        <visible>Integer.IsEqual(Window.Property(CurrentFocus),9005)</visible>
                        <include>Dialog_Standard_HintLabel</include>
                        <label>$LOCALIZE[31347]</label>
                    </control>
                    <control type="radiobutton" id="19508" description="Show Fanart">
                        <visible>Integer.IsEqual(Window.Property(CurrentFocus),9005)</visible>
                        <include>Defs_Settings_Button</include>
                        <label>$LOCALIZE[31121]</label>
                        <selected>Skin.HasSetting(musicvis.fanartfallback)</selected>
                        <enable>Skin.HasSetting(ArtistSlideShow.Disabled)</enable>
                        <onclick>Skin.ToggleSetting(musicvis.fanartfallback)</onclick>
                    </control>
                    <control type="radiobutton" id="19509" description="Show slideshow in background">
                        <visible>Integer.IsEqual(Window.Property(CurrentFocus),9005)</visible>
                        <include>Defs_Settings_Button</include>
                        <label>$LOCALIZE[31118]</label>
                        <selected>!Skin.HasSetting(ArtistSlideShow.Disabled)</selected>
                        <onclick>Skin.ToggleSetting(ArtistSlideShow.Disabled)</onclick>
                    </control>
                    <control type="radiobutton" id="19510" description="Show slideshow in background">
                        <visible>Integer.IsEqual(Window.Property(CurrentFocus),9005)</visible>
                        <include>Defs_Settings_Button</include>
                        <label>$LOCALIZE[31119]</label>
                        <selected>Skin.HasSetting(OSDVisualisation.ShowFanart)</selected>
                        <onclick>Skin.ToggleSetting(OSDVisualisation.ShowFanart)</onclick>
                        <enable>Skin.HasSetting(musicvis.fanartfallback) | !Skin.HasSetting(ArtistSlideShow.Disabled)</enable>
                    </control>
                    <control type="radiobutton" id="19511" description="Colour overlay">
                        <visible>Integer.IsEqual(Window.Property(CurrentFocus),9005)</visible>
                        <include>Defs_Settings_Button</include>
                        <label>$LOCALIZE[31087]</label>
                        <selected>!Skin.HasSetting(HideOSDDiffuseColors)</selected>
                        <onclick>Skin.ToggleSetting(HideOSDDiffuseColors)</onclick>
                    </control>
                    <control type="radiobutton" id="19512" description="Scrolling Text">
                        <visible>Integer.IsEqual(Window.Property(CurrentFocus),9005)</visible>
                        <include>Defs_Settings_Button</include>
                        <label>$LOCALIZE[31088]</label>
                        <selected>!Skin.HasSetting(HideOSDScrollingText)</selected>
                        <onclick>Skin.ToggleSetting(HideOSDScrollingText)</onclick>
                    </control>
                    <control type="radiobutton" id="19513" description="Video Lyrics">
                        <visible>Integer.IsEqual(Window.Property(CurrentFocus),9005)</visible>
                        <include>Defs_Settings_Button</include>
                        <label>$LOCALIZE[31377]</label>
                        <selected>!Skin.HasSetting(NormalLyrics)</selected>
                        <onclick>Skin.ToggleSetting(NormalLyrics)</onclick>
                    </control>
                    <control type="radiobutton" id="19514" description="Animate Artist slideshow">
                        <visible>Integer.IsEqual(Window.Property(CurrentFocus),9005)</visible>
                        <include>Defs_Settings_Button</include>
                        <label>$LOCALIZE[31120]</label>
                        <selected>Skin.HasSetting(ArtistSlideshow.Animate)</selected>
                        <onclick>Skin.ToggleSetting(ArtistSlideshow.Animate)</onclick>
                        <enable>Skin.HasSetting(musicvis.fanartfallback) | !Skin.HasSetting(ArtistSlideShow.Disabled)</enable>
                    </control>

                    <control type="radiobutton" id="19515" description="Musicvideo auto info">
                        <visible>Integer.IsEqual(Window.Property(CurrentFocus),9005)</visible>
                        <include>Defs_Settings_Button</include>
                        <label>$LOCALIZE[31314]</label>
                        <selected>!Skin.HasSetting(DisableMusicVideoAutoInfo)</selected>
                        <onclick>Skin.ToggleSetting(DisableMusicVideoAutoInfo)</onclick>
                        <visible>!Skin.HasSetting(BigMusicVis)</visible>
                    </control>
                    <control type="radiobutton" id="19516" description="AutoMusicVis">
                        <visible>Integer.IsEqual(Window.Property(CurrentFocus),9005)</visible>
                        <include>Defs_Settings_Button</include>
                        <label>$LOCALIZE[31158]</label>
                        <selected>Skin.HasSetting(AutoMusicVis)</selected>
                        <onclick>Skin.ToggleSetting(AutoMusicVis)</onclick>
                    </control>
                    <control type="radiobutton" id="19518" description="Use long music osd">
                        <visible>Integer.IsEqual(Window.Property(CurrentFocus),9005)</visible>
                        <include>Defs_Settings_Button</include>
                        <label>$LOCALIZE[31132]</label>
                        <selected>Skin.HasSetting(UseLongMusicOSD)</selected>
                        <onclick>Skin.ToggleSetting(UseLongMusicOSD)</onclick>
                    </control>
                    <control type="radiobutton" id="19519" description="Show Artist Image">
                        <visible>Integer.IsEqual(Window.Property(CurrentFocus),9005)</visible>
                        <include>Defs_Settings_Button</include>
                        <label>$LOCALIZE[31130]</label>
                        <enable>!Skin.HasSetting(UseLongMusicOSD)</enable>
                        <selected>!Skin.HasSetting(DisableMusicOSDArtistImage)</selected>
                        <onclick>Skin.ToggleSetting(DisableMusicOSDArtistImage)</onclick>
                    </control>
                    <control type="radiobutton" id="19520" description="Square Artist">
                        <visible>Integer.IsEqual(Window.Property(CurrentFocus),9005)</visible>
                        <include>Defs_Settings_Button</include>
                        <label>$LOCALIZE[31129]</label>
                        <enable>!Skin.HasSetting(DisableMusicOSDArtistImage) + !Skin.HasSetting(UseLongMusicOSD)</enable>
                        <selected>Skin.HasSetting(MusicOSDSquareArtist)</selected>
                        <onclick>Skin.ToggleSetting(MusicOSDSquareArtist)</onclick>
                    </control>
                    <!-- ============= -->
                    <!-- Live TV / PVR -->
                    <!-- ============= -->

                    <control type="label" id="19681" description="LABEL">
                        <visible>Integer.IsEqual(Window.Property(CurrentFocus),9006)</visible>
                        <include>Dialog_Standard_HintLabel</include>
                        <label>$LOCALIZE[31156]</label>
                    </control>

                    <control type="radiobutton" id="19601" description="Slim mode">
                        <visible>Integer.IsEqual(Window.Property(CurrentFocus),9006)</visible>
                        <include>Defs_Settings_Button</include>
                        <label>$LOCALIZE[31093]</label>
                        <selected>!Skin.HasSetting(PVRGuide.DisableSlimMode)</selected>
                        <onclick>Skin.ToggleSetting(PVRGuide.DisableSlimMode)</onclick>
                    </control>

                    <control type="radiobutton" id="19605" description="Replace genre with time">
                        <visible>Integer.IsEqual(Window.Property(CurrentFocus),9006)</visible>
                        <include>Defs_Settings_Button</include>
                        <label>$LOCALIZE[31175]</label>
                        <selected>Skin.HasSetting(PVRGuide.StartEnd)</selected>
                        <enable>Skin.HasSetting(PVRGuide.DisableSlimMode)</enable>
                        <onclick>Skin.ToggleSetting(PVRGuide.StartEnd)</onclick>
                    </control>

                    <control type="radiobutton" id="19602" description="Info">
                        <visible>Integer.IsEqual(Window.Property(CurrentFocus),9006)</visible>
                        <include>Defs_Settings_Button</include>
                        <label>$LOCALIZE[22081]</label>
                        <selected>Skin.HasSetting(PVRGuide.Info)</selected>
                        <onclick>Skin.ToggleSetting(PVRGuide.Info)</onclick>
                    </control>

                    <control type="radiobutton" id="19603" description="Channel Numbers">
                        <visible>Integer.IsEqual(Window.Property(CurrentFocus),9006)</visible>
                        <include>Defs_Settings_Button</include>
                        <label>$LOCALIZE[31206]</label>
                        <enable>!Skin.HasSetting(PVRGuide.DisableSlimMode)</enable>
                        <selected>Skin.HasSetting(PVRGuide.ChannelNumber)</selected>
                        <onclick>Skin.ToggleSetting(PVRGuide.ChannelNumber)</onclick>
                    </control>

                    <control type="label" id="19682" description="LABEL">
                        <visible>Integer.IsEqual(Window.Property(CurrentFocus),9006)</visible>
                        <include>Dialog_Standard_HintLabel</include>
                        <label>$LOCALIZE[31146]</label>
                    </control>

                    <control type="radiobutton" id="19611" description="Colordiffuse to icons">
                        <visible>Integer.IsEqual(Window.Property(CurrentFocus),9006)</visible>
                        <include>Defs_Settings_Button</include>
                        <label>$LOCALIZE[31094]</label>
                        <selected>Skin.HasSetting(PVRGuide.ColorDiffuse)</selected>
                        <onclick>Skin.ToggleSetting(PVRGuide.ColorDiffuse)</onclick>
                    </control>


                    <!-- ============= -->
                    <!-- Furniture -->
                    <!-- ============= -->

                    <control type="label" id="19783" description="LABEL">
                        <visible>Integer.IsEqual(Window.Property(CurrentFocus),9007)</visible>
                        <include>Dialog_Standard_HintLabel</include>
                        <label>$LOCALIZE[31146]</label>
                    </control>

                    <control type="button" id="19707" description="Focus border size">
                        <visible>Integer.IsEqual(Window.Property(CurrentFocus),9007)</visible>
                        <include>Defs_Settings_Button</include>
                        <label>$LOCALIZE[30066]</label>
                        <label2>$INFO[Skin.String(FocusBorderSize)]</label2>

                        <onclick>SetProperty(Dialog.1.Label,$LOCALIZE[30067])</onclick>
                        <onclick>SetProperty(Dialog.1.BuiltIn,Skin.SetString(FocusBorderSize, $LOCALIZE[30067]))</onclick>
                        <onclick>SetProperty(Dialog.2.Label,$LOCALIZE[30068])</onclick>
                        <onclick>SetProperty(Dialog.2.BuiltIn,Skin.SetString(FocusBorderSize, $LOCALIZE[30068]))</onclick>
                        <onclick>RunScript(script.embuary.helper,action=createselect,header=Focus border size)</onclick>
                    </control>

                    <control type="label" id="19781" description="LABEL">
                        <visible>Integer.IsEqual(Window.Property(CurrentFocus),9007)</visible>
                        <include>Dialog_Standard_HintLabel</include>
                        <label>$LOCALIZE[31147]</label>
                    </control>

                    <control type="radiobutton" id="19701" description="Header">
                        <visible>Integer.IsEqual(Window.Property(CurrentFocus),9007)</visible>
                        <include>Defs_Settings_Button</include>
                        <label>$LOCALIZE[31026]</label>
                        <selected>!Skin.HasSetting(DisableHeader)</selected>
                        <onclick>Skin.ToggleSetting(DisableHeader)</onclick>
                    </control>

                    <control type="radiobutton" id="19702" description="Center">
                        <visible>Integer.IsEqual(Window.Property(CurrentFocus),9007)</visible>
                        <include>Defs_Settings_Button</include>
                        <label>$LOCALIZE[31148]</label>
                        <selected>!Skin.HasSetting(DisableCenter)</selected>
                        <onclick>Skin.ToggleSetting(DisableCenter)</onclick>
                    </control>

                    <control type="radiobutton" id="19709" description="Clearlogo">
                        <visible>Integer.IsEqual(Window.Property(CurrentFocus),9007)</visible>
                        <include>Defs_Settings_Button</include>
                        <label>$LOCALIZE[31170]</label>
                        <selected>Skin.HasSetting(EnableClearlogo)</selected>
                        <onclick>Skin.ToggleSetting(EnableClearlogo)</onclick>
                    </control>

                    <control type="radiobutton" id="19703" description="Clock">
                        <visible>Integer.IsEqual(Window.Property(CurrentFocus),9007)</visible>
                        <include>Defs_Settings_Button</include>
                        <label>$LOCALIZE[31149]</label>
                        <selected>!Skin.HasSetting(DisableClock)</selected>
                        <onclick>Skin.ToggleSetting(DisableClock)</onclick>
                    </control>

                    <control type="label" id="19782" description="LABEL">
                        <visible>Integer.IsEqual(Window.Property(CurrentFocus),9007)</visible>
                        <include>Dialog_Standard_HintLabel</include>
                        <label>$LOCALIZE[31155]</label>
                    </control>

                    <control type="radiobutton" id="19704" description="Codecs">
                        <visible>Integer.IsEqual(Window.Property(CurrentFocus),9007)</visible>
                        <include>Defs_Settings_Button</include>
                        <label>$LOCALIZE[31025]</label>
                        <selected>!Skin.HasSetting(DisableCodecs)</selected>
                        <onclick>Skin.ToggleSetting(DisableCodecs)</onclick>
                    </control>

                    <control type="radiobutton" id="19705" description="Now Playing">
                        <visible>Integer.IsEqual(Window.Property(CurrentFocus),9007)</visible>
                        <include>Defs_Settings_Button</include>
                        <label>$LOCALIZE[31029]</label>
                        <selected>!Skin.HasSetting(DisableNowPlaying)</selected>
                        <onclick>Skin.ToggleSetting(DisableNowPlaying)</onclick>
                    </control>

                    <control type="radiobutton" id="19706" description="Languages">
                        <visible>Integer.IsEqual(Window.Property(CurrentFocus),9007)</visible>
                        <include>Defs_Settings_Button</include>
                        <label>$LOCALIZE[31151]</label>
                        <selected>Skin.HasSetting(EnableLanguages)</selected>
                        <onclick>Skin.SetBool(EnableLanguages)</onclick>
                        <onclick>ActivateWindow(1141)</onclick>
                    </control>

                    <control type="radiobutton" id="19798" description="Minimal Busy Loader">
                        <visible>Integer.IsEqual(Window.Property(CurrentFocus),9007)</visible>
                        <include>Defs_Settings_Button</include>
                        <label>$LOCALIZE[31108]</label>
                        <selected>Skin.HasSetting(MinimalBusyLoader)</selected>
                        <onclick>Skin.ToggleSetting(MinimalBusyLoader)</onclick>
                    </control>

                    <!-- ============ -->
                    <!-- Dependencies -->
                    <!-- ============ -->

                    <control type="label" id="19881" description="LABEL">
                        <visible>Integer.IsEqual(Window.Property(CurrentFocus),9008)</visible>
                        <include>Dialog_Standard_HintLabel</include>
                        <label>$LOCALIZE[31161]</label>
                    </control>

                    <!-- <control type="radiobutton" id="19801">
                        <visible>Integer.IsEqual(Window.Property(CurrentFocus),9008)</visible>
                        <label>script.skin.helper.service</label>
                        <label2>$INFO[System.AddonVersion(script.skin.helper.service)]        </label2>
                        <onclick condition="System.HasAddon(script.skin.helper.service)">Addon.OpenSettings(script.skin.helper.service)</onclick>
                        <onclick condition="!System.HasAddon(script.skin.helper.service)">InstallAddon(script.skin.helper.service)</onclick>
                        <selected>System.HasAddon(script.skin.helper.service)</selected>
                        <include>Defs_Settings_Button</include>
                    </control>
                    <control type="radiobutton" id="19802">
                        <visible>Integer.IsEqual(Window.Property(CurrentFocus),9008)</visible>
                        <label>script.skin.helper.widgets</label>
                        <label2>$INFO[System.AddonVersion(script.skin.helper.widgets)]        </label2>
                        <onclick condition="System.HasAddon(script.skin.helper.widgets)">Addon.OpenSettings(script.skin.helper.widgets)</onclick>
                        <onclick condition="!System.HasAddon(script.skin.helper.widgets)">InstallAddon(script.skin.helper.widgets)</onclick>
                        <selected>System.HasAddon(script.skin.helper.widgets)</selected>
                        <include>Defs_Settings_Button</include>
                    </control> -->
                    <!-- <control type="radiobutton" id="19803">
                        <visible>Integer.IsEqual(Window.Property(CurrentFocus),9008)</visible>
                        <label>script.skin.helper.colorpicker</label>
                        <label2>$INFO[System.AddonVersion(script.skin.helper.colorpicker)]        </label2>
                        <onclick>Addon.OpenSettings(script.skin.helper.colorpicker)</onclick>
                        <onclick condition="!System.HasAddon(script.skin.helper.colorpicker)">InstallAddon(script.skin.helper.colorpicker)</onclick>
                        <selected>System.HasAddon(script.skin.helper.colorpicker)</selected>
                        <include>Defs_Settings_Button</include>
                    </control> -->
                    <!-- <control type="radiobutton" id="19804">
                        <visible>Integer.IsEqual(Window.Property(CurrentFocus),9008)</visible>
                        <label>script.skin.helper.skinbackup</label>
                        <label2>$INFO[System.AddonVersion(script.skin.helper.skinbackup)]        </label2>
                        <onclick condition="System.HasAddon(script.skin.helper.skinbackup)">Addon.OpenSettings(script.skin.helper.skinbackup)</onclick>
                        <onclick condition="!System.HasAddon(script.skin.helper.skinbackup)">InstallAddon(script.skin.helper.skinbackup)</onclick>
                        <selected>System.HasAddon(script.skin.helper.skinbackup)</selected>
                        <include>Defs_Settings_Button</include>
                    </control>
                    <control type="radiobutton" id="19805">
                        <visible>Integer.IsEqual(Window.Property(CurrentFocus),9008)</visible>
                        <label>script.module.metadatautils</label>
                        <label2>$INFO[System.AddonVersion(script.module.metadatautils)]        </label2>
                        <onclick>Addon.OpenSettings(script.module.metadatautils)</onclick>
                        <onclick condition="!System.HasAddon(script.module.metadatautils)">InstallAddon(script.module.metadatautils)</onclick>
                        <selected>System.HasAddon(script.module.metadatautils)</selected>
                        <include>Defs_Settings_Button</include>
                    </control>
                    <control type="radiobutton" id="19806">
                        <visible>Integer.IsEqual(Window.Property(CurrentFocus),9008)</visible>
                        <label>plugin.video.specialfeatures</label>
                        <label2>$INFO[System.AddonVersion(plugin.video.specialfeatures)]        </label2>
                        <onclick>Addon.OpenSettings(plugin.video.specialfeatures)</onclick>
                        <onclick condition="!System.HasAddon(plugin.video.specialfeatures)">InstallAddon(plugin.video.specialfeatures)</onclick>
                        <selected>System.HasAddon(plugin.video.specialfeatures)</selected>
                        <include>Defs_Settings_Button</include>
                    </control> -->
                    <!-- <control type="radiobutton" id="19807">
                        <visible>Integer.IsEqual(Window.Property(CurrentFocus),9008)</visible>
                        <label>script.toolbox</label>
                        <label2>$INFO[System.AddonVersion(script.toolbox)]        </label2>
                        <onclick>Addon.OpenSettings(script.toolbox)</onclick>
                        <onclick condition="!System.HasAddon(script.toolbox)">InstallAddon(script.toolbox)</onclick>
                        <selected>System.HasAddon(script.toolbox)</selected>
                        <include>Defs_Settings_Button</include>
                    </control> -->
                    <control type="radiobutton" id="19808">
                        <visible>Integer.IsEqual(Window.Property(CurrentFocus),9008)</visible>
                        <label>script.embuary.helper</label>
                        <label2>$INFO[System.AddonVersion(script.embuary.helper)]        </label2>
                        <onclick>Addon.OpenSettings(script.embuary.helper)</onclick>
                        <onclick condition="!System.HasAddon(script.embuary.helper)">InstallAddon(script.embuary.helper)</onclick>
                        <selected>System.HasAddon(script.embuary.helper)</selected>
                        <include>Defs_Settings_Button</include>
                    </control>
                    <control type="radiobutton" id="19809">
                        <visible>Integer.IsEqual(Window.Property(CurrentFocus),9008)</visible>
                        <label>plugin.video.themoviedb.helper</label>
                        <label2>$INFO[System.AddonVersion(plugin.video.themoviedb.helper)]        </label2>
                        <onclick>Addon.OpenSettings(plugin.video.themoviedb.helper)</onclick>
                        <onclick condition="!System.HasAddon(plugin.video.themoviedb.helper)">InstallAddon(plugin.video.themoviedb.helper)</onclick>
                        <selected>System.HasAddon(plugin.video.themoviedb.helper)</selected>
                        <include>Defs_Settings_Button</include>
                    </control>
                    <control type="radiobutton" id="19810">
                        <visible>Integer.IsEqual(Window.Property(CurrentFocus),9008)</visible>
                        <label>script.skinshortcuts</label>
                        <label2>$INFO[System.AddonVersion(script.skinshortcuts)]        </label2>
                        <onclick>Addon.OpenSettings(script.skinshortcuts)</onclick>
                        <onclick condition="!System.HasAddon(script.skinshortcuts)">InstallAddon(script.skinshortcuts)</onclick>
                        <selected>System.HasAddon(script.skinshortcuts)</selected>
                        <include>Defs_Settings_Button</include>
                    </control>
                    <!-- <control type="radiobutton" id="19811">
                        <visible>Integer.IsEqual(Window.Property(CurrentFocus),9008)</visible>
                        <label>script.cu.lrclyrics</label>
                        <label2>$INFO[System.AddonVersion(script.cu.lrclyrics)]        </label2>
                        <onclick>Addon.OpenSettings(script.cu.lrclyrics)</onclick>
                        <onclick condition="!System.HasAddon(script.cu.lrclyrics)">InstallAddon(script.cu.lrclyrics)</onclick>
                        <selected>System.HasAddon(script.cu.lrclyrics)</selected>
                        <include>Defs_Settings_Button</include>
                    </control> -->
                    <control type="radiobutton" id="19812">
                        <visible>Integer.IsEqual(Window.Property(CurrentFocus),9008)</visible>
                        <label>script.artistslideshow</label>
                        <label2>$INFO[System.AddonVersion(script.artistslideshow)]        </label2>
                        <onclick>Addon.OpenSettings(script.artistslideshow)</onclick>
                        <onclick condition="!System.HasAddon(script.artistslideshow)">InstallAddon(script.artistslideshow)</onclick>
                        <selected>System.HasAddon(script.artistslideshow)</selected>
                        <include>Defs_Settings_Button</include>
                    </control>
                    <!-- <control type="radiobutton" id="19813">
                        <visible>Integer.IsEqual(Window.Property(CurrentFocus),9008)</visible>
                        <label>script.globalsearch</label>
                        <label2>$INFO[System.AddonVersion(script.globalsearch)]        </label2>
                        <onclick>Addon.OpenSettings(script.globalsearch)</onclick>
                        <onclick condition="!System.HasAddon(script.globalsearch)">InstallAddon(script.globalsearch)</onclick>
                        <selected>System.HasAddon(script.globalsearch)</selected>
                        <include>Defs_Settings_Button</include>
                    </control> -->
                    <control type="radiobutton" id="19814">
                        <visible>Integer.IsEqual(Window.Property(CurrentFocus),9008)</visible>
                        <label>script.tv.show.next.aired</label>
                        <label2>$INFO[System.AddonVersion(script.tv.show.next.aired)]        </label2>
                        <onclick>Addon.OpenSettings(script.tv.show.next.aired)</onclick>
                        <onclick condition="!System.HasAddon(script.tv.show.next.aired)">InstallAddon(script.tv.show.next.aired)</onclick>
                        <selected>System.HasAddon(script.tv.show.next.aired)</selected>
                        <include>Defs_Settings_Button</include>
                    </control>
                    <control type="radiobutton" id="19815">
                        <visible>Integer.IsEqual(Window.Property(CurrentFocus),9008)</visible>
                        <label>plugin.program.autocompletion</label>
                        <label2>$INFO[System.AddonVersion(plugin.program.autocompletion)]        </label2>
                        <onclick>Addon.OpenSettings(plugin.program.autocompletion)</onclick>
                        <onclick condition="!System.HasAddon(plugin.program.autocompletion)">InstallAddon(plugin.program.autocompletion)</onclick>
                        <selected>System.HasAddon(plugin.program.autocompletion)</selected>
                        <include>Defs_Settings_Button</include>
                    </control>
                    <control type="radiobutton" id="19816">
                        <visible>Integer.IsEqual(Window.Property(CurrentFocus),9008)</visible>
                        <label>resource.images.studios.white</label>
                        <label2>$INFO[System.AddonVersion(resource.images.studios.white)]        </label2>
                        <onclick>Addon.OpenSettings(resource.images.studios.white)</onclick>
                        <onclick condition="!System.HasAddon(resource.images.studios.white)">InstallAddon(resource.images.studios.white)</onclick>
                        <selected>System.HasAddon(resource.images.studios.white)</selected>
                        <include>Defs_Settings_Button</include>
                    </control>
                    <control type="radiobutton" id="19817">
                        <visible>Integer.IsEqual(Window.Property(CurrentFocus),9008)</visible>
                        <label>resource.images.moviecountryicons.maps</label>
                        <label2>$INFO[System.AddonVersion(resource.images.moviecountryicons.maps)]        </label2>
                        <onclick>Addon.OpenSettings(resource.images.moviecountryicons.maps)</onclick>
                        <onclick condition="!System.HasAddon(resource.images.moviecountryicons.maps)">InstallAddon(resource.images.moviecountryicons.maps)</onclick>
                        <selected>System.HasAddon(resource.images.moviecountryicons.maps)</selected>
                        <include>Defs_Settings_Button</include>
                    </control>
                    <control type="radiobutton" id="19818">
                        <visible>Integer.IsEqual(Window.Property(CurrentFocus),9008)</visible>
                        <label>resource.images.moviegenreicons.transparent</label>
                        <label2>$INFO[System.AddonVersion(resource.images.moviegenreicons.transparent)]        </label2>
                        <onclick>Addon.OpenSettings(resource.images.moviegenreicons.transparent)</onclick>
                        <onclick condition="!System.HasAddon(resource.images.moviegenreicons.transparent)">InstallAddon(resource.images.moviegenreicons.transparent)</onclick>
                        <selected>System.HasAddon(resource.images.moviegenreicons.transparent)</selected>
                        <include>Defs_Settings_Button</include>
                    </control>
                    <control type="radiobutton" id="19819">
                        <visible>Integer.IsEqual(Window.Property(CurrentFocus),9008)</visible>
                        <label>resource.images.weatherfanart.multi</label>
                        <label2>$INFO[System.AddonVersion(resource.images.weatherfanart.multi)]        </label2>
                        <onclick>Addon.OpenSettings(resource.images.weatherfanart.multi)</onclick>
                        <onclick condition="!System.HasAddon(resource.images.weatherfanart.multi)">InstallAddon(resource.images.weatherfanart.multi)</onclick>
                        <selected>System.HasAddon(resource.images.weatherfanart.multi)</selected>
                        <include>Defs_Settings_Button</include>
                    </control>
                    <control type="radiobutton" id="19820">
                        <visible>Integer.IsEqual(Window.Property(CurrentFocus),9008)</visible>
                        <label>resource.images.weathericons.outline-hd</label>
                        <label2>$INFO[System.AddonVersion(resource.images.weathericons.outline-hd)]        </label2>
                        <onclick>Addon.OpenSettings(resource.images.weathericons.outline-hd)</onclick>
                        <onclick condition="!System.HasAddon(resource.images.weathericons.outline-hd)">InstallAddon(resource.images.weathericons.outline-hd)</onclick>
                        <selected>System.HasAddon(resource.images.weathericons.outline-hd)</selected>
                        <include>Defs_Settings_Button</include>
                    </control>
                    <control type="radiobutton" id="19821">
                        <visible>Integer.IsEqual(Window.Property(CurrentFocus),9008)</visible>
                        <label>resource.images.weathericons.white</label>
                        <label2>$INFO[System.AddonVersion(resource.images.weathericons.white)]        </label2>
                        <onclick>Addon.OpenSettings(resource.images.weathericons.white)</onclick>
                        <onclick condition="!System.HasAddon(resource.images.weathericons.white)">InstallAddon(resource.images.weathericons.white)</onclick>
                        <selected>System.HasAddon(resource.images.weathericons.white)</selected>
                        <include>Defs_Settings_Button</include>
                    </control>
                    <control type="radiobutton" id="19822">
                        <visible>Integer.IsEqual(Window.Property(CurrentFocus),9008)</visible>
                        <label>script.artwork.beef</label>
                        <label2>$INFO[System.AddonVersion(script.artwork.beef)]        </label2>
                        <onclick>Addon.OpenSettings(script.artwork.beef)</onclick>
                        <onclick condition="!System.HasAddon(script.artwork.beef)">InstallAddon(script.artwork.beef)</onclick>
                        <selected>System.HasAddon(script.artwork.beef)</selected>
                        <include>Defs_Settings_Button</include>
                    </control>
                    <control type="radiobutton" id="19823">
                        <visible>Integer.IsEqual(Window.Property(CurrentFocus),9008)</visible>
                        <label>script.artwork.helper</label>
                        <label2>$INFO[System.AddonVersion(script.artwork.helper)]        </label2>
                        <onclick>Addon.OpenSettings(script.artwork.helper)</onclick>
                        <onclick condition="!System.HasAddon(script.artwork.helper)">InstallAddon(script.artwork.helper)</onclick>
                        <selected>System.HasAddon(script.artwork.helper)</selected>
                        <include>Defs_Settings_Button</include>
                    </control>

                    <!-- ================ -->
                    <!-- Backup / Restore -->
                    <!-- ================ -->
                    <control type="label" id="19981" description="LABEL">
                        <visible>Integer.IsEqual(Window.Property(CurrentFocus),9009)</visible>
                        <include>Dialog_Standard_HintLabel</include>
                        <label>$LOCALIZE[30040]</label>
                    </control>
                    <!-- <control type="button" id="19901" description="Backup">
                        <visible>Integer.IsEqual(Window.Property(CurrentFocus),9009) + System.HasAddon(script.skin.helper.skinbackup)</visible>
                        <include>Defs_Settings_Button</include>
                        <label>$LOCALIZE[31031]</label>
                        <onclick>RunScript(script.skin.helper.skinbackup,action=backup)</onclick>
                    </control>
                    <control type="button" id="19902" description="Restore">
                        <visible>Integer.IsEqual(Window.Property(CurrentFocus),9009)System.HasAddon(script.skin.helper.skinbackup)</visible>
                        <include>Defs_Settings_Button</include>
                        <label>$LOCALIZE[31032]</label>
                        <onclick>RunScript(script.skin.helper.skinbackup,action=restore)</onclick>
                    </control>
                    <control type="button" id="19903" description="Backup Restore Settings">
                        <visible>Integer.IsEqual(Window.Property(CurrentFocus),9009)System.HasAddon(script.skin.helper.skinbackup)</visible>
                        <include>Defs_Settings_Button</include>
                        <label>$LOCALIZE[31034]</label>
                        <onclick>Addon.OpenSettings(script.skin.helper.skinbackup)</onclick>
                        <onclick condition="!System.HasAddon(script.skin.helper.skinbackup)">InstallAddon(script.skin.helper.skinbackup)</onclick>
                    </control> -->
                    <control type="button" id="19904" description="Reset">
                        <visible>Integer.IsEqual(Window.Property(CurrentFocus),9009)</visible>
                        <include>Defs_Settings_Button</include>
                        <label>$LOCALIZE[31028]</label>
                        <onclick>Skin.ResetSettings</onclick>
                        <onclick>ClearProperty(SkinInitStarted,Home)</onclick>
                        <onclick>RunScript(script.skinshortcuts,type=resetall)</onclick>
                    </control>
                </control>

                <include content="Dialog_Separator">
                    <param name="top" value="39" />
                    <param name="bottom" value="39" />
                </include>
                <include content="Dialog_Separator">
                    <param name="top" value="39" />
                    <param name="bottom" value="39" />
                    <param name="left" value="0" />
                </include>
            </control>



        </control>

    </controls>
</window>
