<?xml version="1.0" encoding="UTF-8"?>
<window type="dialog" id="1141">
  <animation effect="fade" start="0" end="100" time="400" delay="300" tween="quadratic" condition="Window.IsActive(1141)">WindowOpen</animation>
  <defaultcontrol>5999</defaultcontrol>
  <onunload>ClearProperty(spotlight_TMDBid,1141)</onunload>
  <onunload>ClearProperty(spotlight_TMDBid2,1141)</onunload>
  <onunload>ClearProperty(spotlight_TMDBTYPE,1141)</onunload>
  <onunload>ClearProperty(spotlight_isFolder,1141)</onunload>
  <onunload>ClearProperty(spotlight_DBID,1141)</onunload>
  <onunload>ClearProperty(spotlight_EnableWatchlist,1141)</onunload>
  <onunload>ClearProperty(spotlight_isTrailer,1141)</onunload>
  <onunload>ClearProperty(spotlight_Trailer,1141)</onunload>
  <onunload>ClearProperty(spotlight_FindSimilar,1141)</onunload>
  <onunload>ClearProperty(spotlight_EnableRating,1141)</onunload>
  <controls>
    <control type="group">
      <top>300</top>
      <height>200</height>
      <control type="group">
        <top>290</top>
        <bottom>80</bottom>
        <left>150</left>
        <height>200</height>
        <control type="grouplist" id="5999">
          <include content="SpotlightButton">
            <param name="id" value="6001"/>
            <param name="icon" value="special://skin/extras/icons/watchlist.png"/>
            <param name="label" value="$LOCALIZE[31408]"/>
            <param name="visible" value="String.IsEqual(Window.Property(spotlight_EnableWatchlist),true)" />
            <param name="onclick_1_condition" value="!String.IsEmpty(Window.Property(spotlight_TMDBid))"/>
            <param name="onclick_1" value="RunScript(plugin.video.themoviedb.helper,sync_trakt=watchlist,tmdb_id=$INFO[Window.Property(spotlight_TMDBid)],type=$INFO[Window.Property(spotlight_TMDBTYPE)],cache_refresh)"/>
            <param name="onclick_2_condition" value="String.IsEmpty(Window.Property(spotlight_TMDBid))"/>
            <param name="onclick_2" value="RunScript(plugin.video.themoviedb.helper,sync_trakt=watchlist,tmdb_id=$INFO[Window.Property(spotlight_TMDBid2)],type=$INFO[Window.Property(spotlight_TMDBTYPE)],cache_refresh)"/>
          </include>
          <include content="SpotlightButton">
            <param name="id" value="6002"/>
            <param name="icon" value="special://skin/extras/icons/collection.png"/>
            <param name="label" value="$LOCALIZE[31409]"/>
            <param name="visible" value="String.IsEqual(Window.Property(spotlight_isFolder),true)" />
            <param name="onclick_1" value="Dialog.Close(1141,true)" />
            <param name="onclick_2" value="Dialog.Close(1140,true)" />
            <param name="onclick_3" value="RunScript(plugin.video.themoviedb.helper,close_dialog=1190,call_path=$INFO[ListItem.FolderPath])" />
          </include>
          <include content="SpotlightButton">
            <param name="id" value="6003"/>
            <param name="icon" value="special://skin/extras/icons/videoplay.png"/>
            <param name="label" value="$LOCALIZE[31410]"/>
            <param name="visible" value="String.IsEqual(Window.Property(spotlight_isTrailer),true)" />
            <param name="onclick_1" value="RunScript(script.embuary.helper,action=playitem,item='$ESCINFO[Window.Property(spotlight_Trailer)]')" />
          </include>
          <include content="SpotlightButton">
            <param name="id" value="6004"/>
            <param name="icon" value="special://skin/extras/icons/dependencies.png"/>
            <param name="label" value="$LOCALIZE[31411]"/>
            <param name="visible" value="String.IsEqual(Window.Property(spotlight_FindSimilar),true)" />
            <param name="onclick_1" value="SetProperty(spotlight.similar_titles,true,1145)" />
            <param name="onclick_2" value="Dialog.Close(all,true)" />
            <param name="onclick_3" value="ActivateWindow(1145)" />
          </include>
          <include content="SpotlightButton">
            <param name="id" value="6005"/>
            <param name="icon" value="special://skin/extras/icons/ribbon.png"/>
            <param name="label" value="$LOCALIZE[31413]"/>
            <param name="onclick_1" value="SetProperty(spotlight.recommended_titles,true,1145)" />
            <param name="onclick_2" value="Dialog.Close(all,true)" />
            <param name="onclick_3" value="ActivateWindow(1145)" />
          </include>
          <include content="SpotlightButton">
            <param name="id" value="6006"/>
            <param name="icon" value="special://skin/extras/icons/actor.png"/>
            <param name="label" value="$LOCALIZE[31414]"/>
            <param name="onclick_1" value="SetProperty(spotlight.cast_of_title,true,1145)" />
            <param name="onclick_2" value="Dialog.Close(all,true)" />
            <param name="onclick_3" value="ActivateWindow(1145)" />
          </include>
          <include content="SpotlightButton">
            <param name="id" value="6007"/>
            <param name="icon" value="special://skin/extras/icons/director.png"/>
            <param name="label" value="$LOCALIZE[31415]"/>
            <param name="onclick_1" value="SetProperty(spotlight.crew_of_title,true,1145)" />
            <param name="onclick_2" value="Dialog.Close(all,true)" />
            <param name="onclick_3" value="ActivateWindow(1145)" />
          </include>
          <include content="SpotlightButton">
            <param name="id" value="6008"/>
            <param name="icon" value="special://skin/extras/icons/thumb-up.png"/>
            <param name="label" value="$LOCALIZE[31412]"/>
            <param name="visible" value="String.IsEqual(Window.Property(spotlight_EnableRating),true)" />
            <param name="onclick_1" value="SetProperty(spotlight.user_rating,true,home)" />
            <param name="onclick_2" value="Dialog.Close(all,true)" />
            <param name="onclick_3" value="ActivateWindow(1146)" />
          </include>
        </control>
      </control>
    </control>
  </controls>
</window>
