<?xml version="1.0" encoding="UTF-8"?>
<!-- Foundation -->
<window id="103">
	<defaultcontrol always="true">300</defaultcontrol>
	<include>Keyboard_Slide_Up</include>
	<depth>DepthDialog+</depth>
	<controls>
		<control type="group">
			<visible>!Window.IsVisible(numericinput)</visible>
			<include>Animation_DialogPopupVisible</include>
			<centerleft>50%</centerleft>
			<centertop>60%</centertop>
			<height>522</height>
			<width>1530</width>
			<control type="image">
				<texture border="16" colordiffuse="dialog_bg_100">common/dialog.png</texture>
			</control>

			<control type="image">
				<top>11</top>
				<left>10</left>
				<right>10</right>
				<height>75</height>
				<aspectratio>stretch</aspectratio>
				<texture border="5" colordiffuse="dialog_bg_100">common/box.png</texture>
			</control>
			<!-- <control type="label" id="311">
				<description>Heading</description>
				<left>30</left>
				<right>30</right>
				<top>-86</top>
				<height>75</height>
				<align>center</align>
				<font>font13</font>
				<textcolor>FFededed</textcolor>
			</control> -->
			<control type="edit" id="312">
				<description>Edit Text</description>
				<left>10</left>
				<right>10</right>
				<top>11</top>
				<height>75</height>
				<align>center</align>
				<ondown>3100</ondown>
				<onup>8000</onup>
				<textcolor>B3ededed</textcolor>
				<include content="ButtonType">
					<param name="texturefocus" value="true" />
				</include>
			</control>

			<control type="group">
				<left>10</left>
				<top>96</top>
				<control type="grouplist" description="toprow" id="3100">
					<orientation>horizontal</orientation>
					<itemgap>10</itemgap>
					<control type="button" id="309">
						<description>Layout</description>
						<onup>312</onup>
						<ondown>302</ondown>
						<width>370</width>
						<textoffsetx>20</textoffsetx>
						<include>KeyboardButton</include>
					</control>
					<control type="button" id="100">
						<onup>312</onup>
						<ondown>120</ondown>
						<description>Layout</description>
						<include>KeyboardButton</include>
					</control>
					<control type="button" id="101">
						<onup>312</onup>
						<ondown>121</ondown>
						<description>Layout</description>
						<include>KeyboardButton</include>
					</control>
					<control type="button" id="102">
						<description>Layout</description>
						<include>KeyboardButton</include>
						<onup>312</onup>
						<ondown>122</ondown>
					</control>
					<control type="button" id="103">
						<description>Layout</description>
						<include>KeyboardButton</include>
						<onup>312</onup>
						<ondown>123</ondown>
					</control>
					<control type="button" id="104">
						<description>Layout</description>
						<include>KeyboardButton</include>
						<onup>312</onup>
						<ondown>124</ondown>
					</control>
					<control type="button" id="105">
						<description>Layout</description>
						<include>KeyboardButton</include>
						<onup>312</onup>
						<ondown>125</ondown>
					</control>
					<control type="button" id="106">
						<description>Layout</description>
						<include>KeyboardButton</include>
						<onup>312</onup>
						<ondown>126</ondown>
					</control>
					<control type="button" id="107">
						<description>Layout</description>
						<include>KeyboardButton</include>
						<onup>312</onup>
						<ondown>127</ondown>
					</control>
					<control type="button" id="108">
						<description>Layout</description>
						<include>KeyboardButton</include>
						<onup>312</onup>
						<ondown>128</ondown>
					</control>
					<control type="button" id="109">
						<description>Layout</description>
						<include>KeyboardButton</include>
						<onup>312</onup>
						<ondown>129</ondown>
					</control>
					<control type="button" id="110">
						<description>Layout</description>
						<include>KeyboardButton</include>
						<onup>312</onup>
						<ondown>130</ondown>
					</control>
					<control type="button" id="111">
						<description>Layout</description>
						<include>KeyboardButton</include>
						<onup>312</onup>
						<ondown>131</ondown>
					</control>
				</control>
				<control type="grouplist">
					<top>85</top>
					<orientation>horizontal</orientation>
					<itemgap>10</itemgap>
					<control type="radiobutton" id="302">
						<description>Shift</description>
						<width>370</width>
						<label>20178</label>
						<include>KeyboardButton</include>
						<onup>309</onup>
						<ondown>303</ondown>
					</control>
					<control type="button" id="120">
						<description>Layout</description>
						<include>KeyboardButton</include>
						<onup>100</onup>
						<ondown>140</ondown>
					</control>
					<control type="button" id="121">
						<description>Layout</description>
						<include>KeyboardButton</include>
						<onup>101</onup>
						<ondown>141</ondown>
					</control>
					<control type="button" id="122">
						<description>Layout</description>
						<include>KeyboardButton</include>
						<onup>102</onup>
						<ondown>142</ondown>
					</control>
					<control type="button" id="123">
						<description>Layout</description>
						<include>KeyboardButton</include>
						<onup>103</onup>
						<ondown>143</ondown>
					</control>
					<control type="button" id="124">
						<description>Layout</description>
						<include>KeyboardButton</include>
						<onup>104</onup>
						<ondown>144</ondown>
					</control>
					<control type="button" id="125">
						<description>Layout</description>
						<include>KeyboardButton</include>
						<onup>105</onup>
						<ondown>145</ondown>
					</control>
					<control type="button" id="126">
						<description>Layout</description>
						<include>KeyboardButton</include>
						<onup>106</onup>
						<ondown>146</ondown>
					</control>
					<control type="button" id="127">
						<description>Layout</description>
						<include>KeyboardButton</include>
						<onup>107</onup>
						<ondown>147</ondown>
					</control>
					<control type="button" id="128">
						<description>Layout</description>
						<include>KeyboardButton</include>
						<onup>108</onup>
						<ondown>148</ondown>
					</control>
					<control type="button" id="129">
						<description>Layout</description>
						<include>KeyboardButton</include>
						<onup>109</onup>
						<ondown>149</ondown>
					</control>
					<control type="button" id="130">
						<description>Layout</description>
						<include>KeyboardButton</include>
						<onup>110</onup>
						<ondown>150</ondown>
					</control>
					<control type="button" id="131">
						<description>Layout</description>
						<include>KeyboardButton</include>
						<onup>111</onup>
						<ondown>151</ondown>
					</control>
				</control>
				<control type="grouplist">
					<top>170</top>
					<orientation>horizontal</orientation>
					<itemgap>10</itemgap>
					<control type="radiobutton" id="303">
						<description>Caps</description>
						<width>370</width>
						<label>20179</label>
						<include>KeyboardButton</include>
						<onup>302</onup>
						<ondown>307</ondown>
					</control>
					<control type="button" id="140">
						<description>Layout</description>
						<include>KeyboardButton</include>
						<onup>120</onup>
						<ondown>160</ondown>
					</control>
					<control type="button" id="141">
						<description>Layout</description>
						<include>KeyboardButton</include>
						<onup>121</onup>
						<ondown>161</ondown>
					</control>
					<control type="button" id="142">
						<description>Layout</description>
						<include>KeyboardButton</include>
						<onup>122</onup>
						<ondown>162</ondown>
					</control>
					<control type="button" id="143">
						<description>Layout</description>
						<include>KeyboardButton</include>
						<onup>123</onup>
						<ondown>163</ondown>
					</control>
					<control type="button" id="144">
						<description>Layout</description>
						<include>KeyboardButton</include>
						<onup>124</onup>
						<ondown>164</ondown>
					</control>
					<control type="button" id="145">
						<description>Layout</description>
						<include>KeyboardButton</include>
						<onup>125</onup>
						<ondown>165</ondown>
					</control>
					<control type="button" id="146">
						<description>Layout</description>
						<include>KeyboardButton</include>
						<onup>126</onup>
						<ondown>166</ondown>
					</control>
					<control type="button" id="147">
						<description>Layout</description>
						<include>KeyboardButton</include>
						<onup>127</onup>
						<ondown>167</ondown>
					</control>
					<control type="button" id="148">
						<description>Layout</description>
						<include>KeyboardButton</include>
						<onup>128</onup>
						<ondown>168</ondown>
					</control>
					<control type="button" id="149">
						<description>Layout</description>
						<include>KeyboardButton</include>
						<onup>129</onup>
						<ondown>169</ondown>
					</control>
					<control type="button" id="150">
						<description>Layout</description>
						<include>KeyboardButton</include>
						<onup>130</onup>
						<ondown>170</ondown>
					</control>
					<control type="button" id="151">
						<description>Layout</description>
						<include>KeyboardButton</include>
						<onup>131</onup>
						<ondown>171</ondown>
					</control>
				</control>
				<control type="grouplist">
					<top>255</top>
					<orientation>horizontal</orientation>
					<itemgap>10</itemgap>
					<control type="button" id="307">
						<description>IP</description>
						<width>180</width>
						<label>IP</label>
						<onup>303</onup>
						<ondown>300</ondown>
						<include>KeyboardButton</include>
					</control>
					<control type="radiobutton" id="304">
						<description>Symbols</description>
						<width>180</width>
						<label>@#!*</label>
						<onup>303</onup>
						<ondown>300</ondown>
						<textureradioofffocus />
						<textureradiooffnofocus />
						<textureradioonfocus />
						<textureradioonnofocus />
						<include>KeyboardButton</include>
					</control>
					<control type="button" id="160">
						<description>Layout</description>
						<include>KeyboardButton</include>
						<onup>140</onup>
						<ondown>32</ondown>
					</control>
					<control type="button" id="161">
						<description>Layout</description>
						<include>KeyboardButton</include>
						<onup>141</onup>
						<ondown>32</ondown>
					</control>
					<control type="button" id="162">
						<description>Layout</description>
						<include>KeyboardButton</include>
						<onup>142</onup>
						<ondown>32</ondown>
					</control>
					<control type="button" id="163">
						<description>Layout</description>
						<include>KeyboardButton</include>
						<onup>143</onup>
						<ondown>32</ondown>
					</control>
					<control type="button" id="164">
						<description>Layout</description>
						<include>KeyboardButton</include>
						<onup>144</onup>
						<ondown>32</ondown>
					</control>
					<control type="button" id="165">
						<description>Layout</description>
						<include>KeyboardButton</include>
						<onup>145</onup>
						<ondown>32</ondown>
					</control>
					<control type="button" id="166">
						<description>Layout</description>
						<include>KeyboardButton</include>
						<onup>146</onup>
						<ondown>32</ondown>
					</control>
					<control type="button" id="167">
						<description>Layout</description>
						<include>KeyboardButton</include>
						<onup>147</onup>
						<ondown>8</ondown>
					</control>
					<control type="button" id="168">
						<description>Layout</description>
						<include>KeyboardButton</include>
						<onup>148</onup>
						<ondown>8</ondown>
					</control>
					<control type="button" id="169">
						<description>Layout</description>
						<include>KeyboardButton</include>
						<onup>149</onup>
						<ondown>8</ondown>
					</control>
					<control type="button" id="170">
						<description>Layout</description>
						<include>KeyboardButton</include>
						<onup>150</onup>
						<ondown>8</ondown>
					</control>
					<control type="button" id="171">
						<description>Layout</description>
						<include>KeyboardButton</include>
						<onup>151</onup>
						<ondown>8</ondown>
					</control>
				</control>
				<control type="grouplist" id="8001">
					<top>340</top>
					<orientation>horizontal</orientation>
					<itemgap>10</itemgap>
					<control type="button" id="300">
						<description>Done</description>
						<width>370</width>
						<label>20177</label>
						<onup>307</onup>
						<ondown>8000</ondown>
						<include>KeyboardButton</include>
					</control>

					<control type="button" id="32">
						<description>Layout</description>
						<width>655</width>
						<label>20182</label>
						<onup>163</onup>
						<ondown>8000</ondown>
						<include>KeyboardButton</include>
					</control>
					<control type="button" id="8">
						<description>Backspace</description>
						<width>275</width>
						<label>20181</label>
						<onup>168</onup>
						<ondown>8000</ondown>
						<include>KeyboardButton</include>
					</control>
					<control type="button" id="305">
						<label>&lt;</label>
						<description>Layout</description>
						<include>KeyboardButton</include>
						<onup>170</onup>
						<ondown>8000</ondown>
					</control>
					<control type="button" id="306">
						<label>&gt;</label>
						<description>Layout</description>
						<include>KeyboardButton</include>
						<onup>171</onup>
						<ondown>8000</ondown>
					</control>
				</control>
			</control>
			<control type="group">
				<width>100%</width>
				<height>89</height>
				<bottom>-129</bottom>
				<control type="image">
					<bottom>-8</bottom>
					<top>-8</top>
					<texture border="16" colordiffuse="dialog_bg_100">common/dialog.png</texture>
					<visible>Integer.IsGreater(Container(8000).NumItems,0)</visible>
				</control>
				<control type="panel" id="8000">
					<height>69</height>
					<top>10</top>
					<left>10</left>
					<right>0</right>
					<onup>8001</onup>
					<ondown>312</ondown>
					<orientation>horizontal</orientation>
					<itemlayout height="69" width="304">
						<control type="group">
							<left>0</left>
							<right>10</right>
							<control type="image">
								<width>100%</width>
								<height>100%</height>
								<include content="ButtonType">
									<param name="texture" value="true" />
									<param name="colordiffuse" value="dialog_fg_12" />
								</include>
							</control>
							<control type="label">
								<left>20</left>
								<right>20</right>
								<height>100%</height>
								<aligny>center</aligny>
								<align>center</align>
								<textcolor>dialog_fg_70</textcolor>
								<label>$INFO[ListItem.Label]</label>
							</control>
						</control>
					</itemlayout>
					<focusedlayout height="69" width="304">
						<control type="group">
							<left>0</left>
							<right>10</right>
							<control type="image">
								<width>100%</width>
								<height>100%</height>
								<include content="ButtonType">
									<param name="texture" value="true" />
								</include>
							</control>
							<control type="label">
								<left>20</left>
								<right>20</right>
								<height>100%</height>
								<aligny>center</aligny>
								<align>center</align>
								<textcolor>selected</textcolor>
								<label>$INFO[ListItem.Label]</label>
							</control>
						</control>
					</focusedlayout>
					<content>plugin://plugin.program.autocompletion?info=autocomplete&amp;&amp;id=$INFO[Control.GetLabel(312).index(1)]&amp;&amp;limit=9</content>
				</control>
			</control>
		</control>
	</controls>
</window>