<?xml version="1.0" encoding="UTF-8"?>
<window type="dialog" id="1144">
  <defaultcontrol>11044</defaultcontrol>
  <onunload>ClearProperty(spotlight_SimilarLabel,home)</onunload>
  <onunload>ClearProperty(spotlight_SimilarLabel2,home)</onunload>
  <onunload>ClearProperty(spotlight_SimilarTYPE,home)</onunload>
  <onunload>ClearProperty(spotlight_SimilarQUERY,home)</onunload>
  <onunload>ClearProperty(spotlight.cast_of_title,1144)</onunload>
  <controls>
    <include>DefaultBackground</include>
    <control type="group">
      <include>OpenClose_Bottom</include>
      <visible>Control.IsVisible(11044)</visible>
      <include>Visible_Right</include>
      <control type="group" id="5600">
        <include content="Object_Item_Showcase">
          <param name="title" value="$INFO[ListItem.Label]"/>
          <param name="title_width" value="930"/>
          <param name="plot" value="$VAR[Label_PlotTextBoxVar]"/>
          <param name="plot_height" value="95"/>
          <param name="info_line_top" value="180"/>
          <param name="plot_top" value="350"/>
          <param name="visible_condi" value="Control.IsVisible(11044)" />
        </include>
        <visible>!$EXP[infodialog_active]</visible>
      </control>
      <control type="fixedlist" id="11044">
        <top>610</top>
        <left>-120</left>
        <width>2400</width>
        <scrolltime tween="linear" easing="inout">400</scrolltime>
        <orientation>horizontal</orientation>
        <onleft>SetFocus(9000)</onleft>
        <onup>SetFocus(9000)</onup>
        <ondown>62</ondown>
        <pagecontrol>62</pagecontrol>
        <focusposition>1</focusposition>
        <animation effect="slide" time="0" start="0" end="-100,0" condition="true">Conditional</animation>
        <viewtype label="$LOCALIZE[31392]">icon</viewtype>
        <include content="View_Forced">
          <param name="string" value="$LOCALIZE[31392]"/>
        </include>
        <focusedlayout height="382.5" width="270">
          <control type="group">
            <include content="View_56_Posters_Layout">
              <param name="WallWatchedIconVar_visible" value="false"/>
            </include>
          </control>
          <control type="group">
            <top>-10</top>
            <left>25</left>
            <width>270</width>
            <height>420</height>
            <include content="Selectbox">
              <param name="visible" value="Control.IsVisible(11044)"/>
              <param name="focusbounce" value="false" />
            </include>
            <include content="View_WatchedOverlay">
              <param name="bottom" value="-12"/>
              <param name="right" value="20"/>
              <param name="visible" value="true"/>
            </include>
          </control>
        </focusedlayout>
        <itemlayout height="382.5" width="270">
          <control type="group">
            <include content="View_56_Posters_Layout">
              <param name="WallWatchedIconVar_visible" value="false"/>
            </include>
          </control>
        </itemlayout>
        <content limit="50" target="videos">plugin://plugin.video.themoviedb.helper?info=cast&amp;type=movie&amp;imdb_id=$INFO[Window(home).Property(spotlight_SimilarIMDB)]</content>
      </control>
      <include content="Object_Scrollbar_Horz">
        <param name="visible" value="Control.IsVisible(11044)" />
        <param name="bottom" value="20"/>
      </include>
    </control>
    <control type="group">
      <include>DialogBusy</include>
      <visible>Container(11044).IsUpdating</visible>
    </control>
  </controls>
</window>
