<?xml version="1.0" encoding="UTF-8"?>
<template>
  <submenu include="widgetsWall" name="widgets">
    <controls>
      <skinshortcuts insert="wall">items</skinshortcuts>
    </controls>
    <items insert="wall">
      <property name="id" tag="mainmenuid"/>
      <property name="path" tag="property" attribute="name|list"/>
      <property name="sortby" tag="property" attribute="name|widgetSortBy"/>
      <property name="sortdirection" tag="property" attribute="name|widgetSortDirection"/>
      <property name="limit" tag="property" attribute="name|widgetLimit"/>
      <propertyGroup>mainmenuWidgets</propertyGroup>
      <controls>
        <include content="Object_WidgetsWall_Content_withLabels" condition="Skin.HasSetting(ShowWidgetLabels)">
          <param name="control_type" value="$PYTHON['list' if scrolling in 'False' else 'fixedlist']"/>
          <param name="label" value="$SKINSHORTCUTS[label]"/>
          <param name="groupid" value="760$SKINSHORTCUTS[id]"/>
          <param name="labelid" value="770$SKINSHORTCUTS[id]"/>
          <param name="image" value="$SKINSHORTCUTS[artwork]"/>
          <param name="id" value="750$SKINSHORTCUTS[id]"/>
          <param name="target" value="$SKINSHORTCUTS[target]"/>
          <param name="sortby" value="$SKINSHORTCUTS[sortby]"/>
          <param name="sortdirection" value="$SKINSHORTCUTS[sortdirection]"/>
          <param name="limit" value="$SKINSHORTCUTS[limit]"/>
          <param name="path" value="$SKINSHORTCUTS[path]"/>
          <param name="fade" value="$PYTHON[(int(7500) + int(id)) - int(2)]"/>
          <param name="PosterCondition" value="$PYTHON['true' if widgetAspect in 'Poster' else 'false']"/>
          <param name="LandscapeCondition" value="$PYTHON['true' if widgetAspect in 'Landscape' else 'false']"/>
          <param name="SquareCondition" value="$PYTHON['true' if widgetAspect in 'Square' else 'false']"/>
          <param name="arrows_posy" value="$PYTHON['110' if widgetAspect in 'Landscape' else '150']"/>
        </include>
        <include content="Object_WidgetsWall_Content" condition="!Skin.HasSetting(ShowWidgetLabels)">
          <param name="control_type" value="$PYTHON['list' if scrolling in 'False' else 'fixedlist']"/>
          <param name="name" value="$SKINSHORTCUTS[label]"/>
          <param name="groupid" value="760$SKINSHORTCUTS[id]"/>
          <param name="image" value="$SKINSHORTCUTS[artwork]"/>
          <param name="id" value="750$SKINSHORTCUTS[id]"/>
          <param name="target" value="$SKINSHORTCUTS[target]"/>
          <param name="sortby" value="$SKINSHORTCUTS[sortby]"/>
          <param name="sortdirection" value="$SKINSHORTCUTS[sortdirection]"/>
          <param name="limit" value="$SKINSHORTCUTS[limit]"/>
          <param name="path" value="$SKINSHORTCUTS[path]"/>
          <param name="fade" value="$PYTHON[(int(7500) + int(id)) - int(2)]"/>
          <param name="PosterCondition" value="$PYTHON['true' if widgetAspect in 'Poster' else 'false']"/>
          <param name="LandscapeCondition" value="$PYTHON['true' if widgetAspect in 'Landscape' else 'false']"/>
          <param name="SquareCondition" value="$PYTHON['true' if widgetAspect in 'Square' else 'false']"/>
          <param name="arrows_posy" value="$PYTHON['110' if widgetAspect in 'Landscape' else '150']"/>
        </include>
      </controls>
    </items>
  </submenu>
  <other include="localWidget">
    <condition tag="property" attribute="name|widgetPath.1"/>
    <property name="id" tag="mainmenuid"/>
    <property name="path" tag="property" attribute="name|widgetPath.1"/>
    <property name="sortby" tag="property" attribute="name|widgetSortBy"/>
    <property name="sortdirection" tag="property" attribute="name|widgetSortDirection"/>
    <property name="limit" tag="property" attribute="name|widgetLimit"/>
    <propertyGroup>mainmenuWidgets</propertyGroup>
    <controls>
      <include content="Object_LocalWidget_Content">
        <param name="control_type" value="$PYTHON['list' if headerWidgetAspect in 'Square|Landscape' else 'fixedlist']"/>
        <param name="name" value="$SKINSHORTCUTS[label]"/>
        <param name="groupid" value="660$SKINSHORTCUTS[id]"/>
        <param name="image" value="$SKINSHORTCUTS[artwork]"/>
        <param name="id" value="650$SKINSHORTCUTS[id]"/>
        <param name="target" value="$SKINSHORTCUTS[target]"/>
        <param name="sortby" value="$SKINSHORTCUTS[sortby]"/>
        <param name="sortdirection" value="$SKINSHORTCUTS[sortdirection]"/>
        <param name="limit" value="$SKINSHORTCUTS[limit]"/>
        <param name="path" value="$SKINSHORTCUTS[path]"/>
        <param name="BannerCondition" value="$PYTHON['true' if headerWidgetAspect in 'Banner' else 'false']"/>
        <param name="LandscapeCondition" value="$PYTHON['true' if headerWidgetAspect in 'Landscape' else 'false']"/>
        <param name="SquareCondition" value="$PYTHON['true' if headerWidgetAspect in 'Square' else 'false']"/>
        <skinshortcuts>visibility</skinshortcuts>
      </include>
    </controls>
  </other>
  <submenu include="search" name="searchmenu">
    <controls>
      <skinshortcuts insert="searchlist">items</skinshortcuts>
    </controls>
    <items insert="searchlist">
      <property name="widgetLabel" tag="label" />
      <property name="widgetPath" tag="property" attribute="name|list" value="DefaultSearch-Movies">videodb://movies/titles/?xsp=%7B%22order%22%3A%7B%22direction%22%3A%22ascending%22%2C%22ignorefolders%22%3A0%2C%22method%22%3A%22sorttitle%22%7D%2C%22rules%22%3A%7B%22and%22%3A%5B%7B%22field%22%3A%22title%22%2C%22operator%22%3A%22contains%22%2C%22value%22%3A%5B%22</property>
      <property name="widgetPath2" tag="property" attribute="name|list" value="DefaultSearch-Movies">%22%5D%7D%5D%7D%2C%22type%22%3A%22movies%22%7D</property>
      <property name="widgetPath" tag="property" attribute="name|list" value="DefaultSearch-TvShows">videodb://tvshows/titles/?xsp=%7B%22order%22%3A%7B%22direction%22%3A%22ascending%22%2C%22ignorefolders%22%3A0%2C%22method%22%3A%22sorttitle%22%7D%2C%22rules%22%3A%7B%22and%22%3A%5B%7B%22field%22%3A%22title%22%2C%22operator%22%3A%22contains%22%2C%22value%22%3A%5B%22</property>
      <property name="widgetPath2" tag="property" attribute="name|list" value="DefaultSearch-TvShows">%22%5D%7D%5D%7D%2C%22type%22%3A%22tvshows%22%7D</property>
      <property name="widgetPath" tag="property" attribute="name|list" value="DefaultSearch-Episodes">videodb://tvshows/titles/-1/-1/-1/-1/?xsp=%7B%22order%22%3A%7B%22direction%22%3A%22ascending%22%2C%22ignorefolders%22%3A0%2C%22method%22%3A%22sorttitle%22%7D%2C%22rules%22%3A%7B%22and%22%3A%5B%7B%22field%22%3A%22title%22%2C%22operator%22%3A%22contains%22%2C%22value%22%3A%5B%22</property>
      <property name="widgetPath2" tag="property" attribute="name|list" value="DefaultSearch-Episodes">%22%5D%7D%5D%7D%2C%22type%22%3A%22episodes%22%7D</property>
      <property name="widgetPath" tag="property" attribute="name|list" value="DefaultSearch-Genres">videodb://movies/titles/?xsp=%7B%22order%22%3A%7B%22direction%22%3A%22ascending%22%2C%22ignorefolders%22%3A0%2C%22method%22%3A%22sorttitle%22%7D%2C%22rules%22%3A%7B%22and%22%3A%5B%7B%22field%22%3A%22genre%22%2C%22operator%22%3A%22contains%22%2C%22value%22%3A%5B%22</property>
      <property name="widgetPath2" tag="property" attribute="name|list" value="DefaultSearch-Genres">%22%5D%7D%5D%7D%2C%22type%22%3A%22movies%22%7D</property>
      <property name="widgetPath" tag="property" attribute="name|list" value="DefaultSearch-Year">videodb://movies/titles/?xsp=%7B%22order%22%3A%7B%22direction%22%3A%22ascending%22%2C%22ignorefolders%22%3A0%2C%22method%22%3A%22sorttitle%22%7D%2C%22rules%22%3A%7B%22and%22%3A%5B%7B%22field%22%3A%22year%22%2C%22operator%22%3A%22contains%22%2C%22value%22%3A%5B%22</property>
      <property name="widgetPath2" tag="property" attribute="name|list" value="DefaultSearch-Year">%22%5D%7D%5D%7D%2C%22type%22%3A%22movies%22%7D</property>
      <property name="widgetPath" tag="property" attribute="name|list" value="DefaultSearch-Studio">videodb://movies/titles/?xsp=%7B%22order%22%3A%7B%22direction%22%3A%22ascending%22%2C%22ignorefolders%22%3A0%2C%22method%22%3A%22sorttitle%22%7D%2C%22rules%22%3A%7B%22and%22%3A%5B%7B%22field%22%3A%22studio%22%2C%22operator%22%3A%22contains%22%2C%22value%22%3A%5B%22</property>
      <property name="widgetPath2" tag="property" attribute="name|list" value="DefaultSearch-Studio">%22%5D%7D%5D%7D%2C%22type%22%3A%22movies%22%7D</property>
      <property name="widgetPath" tag="property" attribute="name|list" value="DefaultSearch-Country">videodb://movies/titles/?xsp=%7B%22order%22%3A%7B%22direction%22%3A%22ascending%22%2C%22ignorefolders%22%3A0%2C%22method%22%3A%22sorttitle%22%7D%2C%22rules%22%3A%7B%22and%22%3A%5B%7B%22field%22%3A%22country%22%2C%22operator%22%3A%22is%22%2C%22value%22%3A%5B%22</property>
      <property name="widgetPath2" tag="property" attribute="name|list" value="DefaultSearch-Country">%22%5D%7D%5D%7D%2C%22type%22%3A%22movies%22%7D</property>
      <property name="widgetPath" tag="property" attribute="name|list" value="DefaultSearch-Actor">videodb://movies/titles/?xsp=%7B%22order%22%3A%7B%22direction%22%3A%22ascending%22%2C%22ignorefolders%22%3A0%2C%22method%22%3A%22sorttitle%22%7D%2C%22rules%22%3A%7B%22and%22%3A%5B%7B%22field%22%3A%22actor%22%2C%22operator%22%3A%22contains%22%2C%22value%22%3A%5B%22</property>
      <property name="widgetPath2" tag="property" attribute="name|list" value="DefaultSearch-Actor">%22%5D%7D%5D%7D%2C%22type%22%3A%22movies%22%7D</property>
      <property name="widgetPath" tag="property" attribute="name|list" value="DefaultSearch-Director">videodb://movies/titles/?xsp=%7B%22order%22%3A%7B%22direction%22%3A%22ascending%22%2C%22ignorefolders%22%3A0%2C%22method%22%3A%22sorttitle%22%7D%2C%22rules%22%3A%7B%22and%22%3A%5B%7B%22field%22%3A%22director%22%2C%22operator%22%3A%22contains%22%2C%22value%22%3A%5B%22</property>
      <property name="widgetPath2" tag="property" attribute="name|list" value="DefaultSearch-Director">%22%5D%7D%5D%7D%2C%22type%22%3A%22movies%22%7D</property>
      <property name="widgetPath" tag="property" attribute="name|list" value="DefaultSearch-Albums">musicdb://albums/?xsp=%7B%22order%22%3A%7B%22direction%22%3A%22ascending%22%2C%22ignorefolders%22%3A0%2C%22method%22%3A%22sorttitle%22%7D%2C%22rules%22%3A%7B%22and%22%3A%5B%7B%22field%22%3A%22album%22%2C%22operator%22%3A%22contains%22%2C%22value%22%3A%5B%22</property>
      <property name="widgetPath2" tag="property" attribute="name|list" value="DefaultSearch-Albums">%22%5D%7D%5D%7D%2C%22type%22%3A%22albums%22%7D</property>
      <property name="widgetPath" tag="property" attribute="name|list" value="DefaultSearch-Artists">musicdb://artists/?xsp=%7B%22order%22%3A%7B%22direction%22%3A%22ascending%22%2C%22ignorefolders%22%3A0%2C%22method%22%3A%22sorttitle%22%7D%2C%22rules%22%3A%7B%22and%22%3A%5B%7B%22field%22%3A%22artist%22%2C%22operator%22%3A%22contains%22%2C%22value%22%3A%5B%22</property>
      <property name="widgetPath2" tag="property" attribute="name|list" value="DefaultSearch-Artists">%22%5D%7D%5D%7D%2C%22type%22%3A%22artists%22%7D</property>
      <property name="widgetPath" tag="property" attribute="name|list" value="DefaultSearch-Songs">musicdb://songs/?xsp=%7B%22order%22%3A%7B%22direction%22%3A%22ascending%22%2C%22ignorefolders%22%3A0%2C%22method%22%3A%22sorttitle%22%7D%2C%22rules%22%3A%7B%22and%22%3A%5B%7B%22field%22%3A%22title%22%2C%22operator%22%3A%22contains%22%2C%22value%22%3A%5B%22</property>
      <property name="widgetPath2" tag="property" attribute="name|list" value="DefaultSearch-Songs">%22%5D%7D%5D%7D%2C%22type%22%3A%22songs%22%7D</property>
      <property name="widgetPath" tag="property" attribute="name|list" value="DefaultSearch-MusicVideos">videodb://musicvideos/titles/?xsp=%7b%22order%22%3a%7b%22direction%22%3a%22ascending%22%2c%22ignorefolders%22%3a0%2c%22method%22%3a%22sorttitle%22%7d%2c%22rules%22%3a%7b%22and%22%3a%5b%7b%22field%22%3a%22title%22%2c%22operator%22%3a%22contains%22%2c%22value%22%3a%5b%22</property>
      <property name="widgetPath2" tag="property" attribute="name|list" value="DefaultSearch-MusicVideos">%22%5d%7d%5d%7d%2c%22type%22%3a%22musicvideos%22%7d</property>
      <property name="widgetPath" tag="property" attribute="name|list" value="DefaultSearch-MusicVideoArtists">videodb://musicvideos/titles/?xsp=%7b%22order%22%3a%7b%22direction%22%3a%22ascending%22%2c%22ignorefolders%22%3a0%2c%22method%22%3a%22sorttitle%22%7d%2c%22rules%22%3a%7b%22and%22%3a%5b%7b%22field%22%3a%22artist%22%2c%22operator%22%3a%22contains%22%2c%22value%22%3a%5b%22</property>
      <property name="widgetPath2" tag="property" attribute="name|list" value="DefaultSearch-MusicVideoArtists">%22%5d%7d%5d%7d%2c%22type%22%3a%22musicvideos%22%7d</property>
      <property name="widgetPath" tag="property" attribute="name|list" value="DefaultSearch-Youtube">plugin://plugin.video.youtube/search/?q=</property>
      <property name="widgetPath" tag="property" attribute="name|list" value="DefaultSearch-Netflix">plugin://plugin.video.netflix/directory/search/search/?query=</property>
      <property name="widgetPath2" tag="property" attribute="name|list" value="DefaultSearch-Youtube">&amp;search_type=notvalid</property>
      <property name="widgetPath" tag="property" attribute="name|list" value="DefaultSearch-Addons">addons://search/</property>
      <property name="widgetPath" tag="property" attribute="name|list" value="DefaultSearch-TMDBMovies">plugin://plugin.video.themoviedb.helper?info=search&amp;type=movie&amp;query=</property>
      <property name="widgetPath" tag="property" attribute="name|list" value="DefaultSearch-TMDBShows">plugin://plugin.video.themoviedb.helper?info=search&amp;type=tv&amp;query=</property>
      <property name="widgetPath" tag="property" attribute="name|list" value="DefaultSearch-TMDBPeople">plugin://plugin.video.themoviedb.helper?info=search&amp;type=person&amp;query=</property>
      <property name="widgetPath" tag="property" attribute="name|list"/>
      <property name="widgetLimit" tag="property" attribute="name|widgetLimit" />
      <property name="widgetTarget" tag="property" attribute="name|list" value="DefaultSearch-Albums">music</property>
      <property name="widgetTarget" tag="property" attribute="name|list" value="DefaultSearch-Artists">music</property>
      <property name="widgetTarget" tag="property" attribute="name|list" value="DefaultSearch-Songs">music</property>
      <property name="widgetTarget" tag="property" attribute="name|list" value="DefaultSearch-Addons">addons</property>
      <property name="widgetTarget" tag="property" attribute="name|widgetTarget" />
      <property name="widgetTarget">videos</property>
      <property name="widgetSourceArt" tag="property" attribute="name|widgetAspect" value="Square">thumb</property>
      <property name="widgetSourceArt" tag="property" attribute="name|widgetAspect" value="Landscape">landscape</property>
      <property name="widgetSourceArt">poster</property>
      <propertyGroup>mainmenuWidgets</propertyGroup>
      <controls>
        <include content="Object_Widget_Content_SearchList">
          <param name="control_type" value="$PYTHON['list' if scrolling in 'False' else 'fixedlist']"/>
          <param name="label" value="$SKINSHORTCUTS[widgetLabel]"/>
          <param name="groupid" value="$PYTHON[int(id) + 8500]"/>
          <param name="labelid" value="$PYTHON[int(id) + 7600]"/>
          <param name="image" value="$SKINSHORTCUTS[widgetSourceArt]"/>
          <param name="id" value="$PYTHON[int(id) + 7500]"/>
          <param name="target" value="$SKINSHORTCUTS[widgetTarget]"/>
          <param name="limit" value="$SKINSHORTCUTS[widgetLimit]"/>
          <param name="path" value="$SKINSHORTCUTS[widgetPath]$INFO[Skin.String(SearchTerm)]$SKINSHORTCUTS[widgetPath2]"/>
          <param name="fade" value="$PYTHON[(int(7500) + int(id)) - int(2)]"/>
          <param name="PosterCondition" value="$PYTHON['true' if widgetAspect in 'Poster' else 'false']"/>
          <param name="LandscapeCondition" value="$PYTHON['true' if widgetAspect in 'Landscape' else 'false']"/>
          <param name="SquareCondition" value="$PYTHON['true' if widgetAspect in 'Square' else 'false']"/>
          <param name="arrows_posy" value="$PYTHON['110' if widgetAspect in 'Landscape' else '150']"/>
        </include>
      </controls>
    </items>
  </submenu>
  <other include="submenu">
    <controls>
      <content>
        <skinshortcuts>items</skinshortcuts>
      </content>
      <skinshortcuts>visibility</skinshortcuts>
    </controls>
  </other>
  <!--  movies hub ... -->
  <submenu include="globalHub" name="globalhub">
    <controls>
      <skinshortcuts insert="wall">items</skinshortcuts>
    </controls>
    <items insert="wall">
      <property name="id" tag="mainmenuid"/>
      <property name="path" tag="property" attribute="name|list"/>
      <property name="submenuVisibility" tag="property" attribute="name|submenuVisibility"/>
      <property name="sortby" tag="property" attribute="name|widgetSortBy"/>
      <property name="sortdirection" tag="property" attribute="name|widgetSortDirection"/>
      <property name="limit" tag="property" attribute="name|widgetLimit"/>
      <propertyGroup>mainmenuWidgets</propertyGroup>
      <controls>
        <include content="Object_WidgetsWall_Content_withLabels" condition="Skin.HasSetting(ShowWidgetLabels)">
          <param name="control_type" value="$PYTHON['list' if scrolling in 'False' else 'fixedlist']"/>
          <param name="label" value="$SKINSHORTCUTS[label]"/>
          <param name="groupid" value="760$SKINSHORTCUTS[id]"/>
          <param name="labelid" value="770$SKINSHORTCUTS[id]"/>
          <param name="image" value="$SKINSHORTCUTS[artwork]"/>
          <param name="id" value="750$SKINSHORTCUTS[id]"/>
          <param name="target" value="$SKINSHORTCUTS[target]"/>
          <param name="sortby" value="$SKINSHORTCUTS[sortby]"/>
          <param name="sortdirection" value="$SKINSHORTCUTS[sortdirection]"/>
          <param name="limit" value="$SKINSHORTCUTS[limit]"/>
          <param name="path" value="$SKINSHORTCUTS[path]"/>
          <param name="fade" value="$PYTHON[(int(7500) + int(id)) - int(2)]"/>
          <param name="PosterCondition" value="$PYTHON['true' if widgetAspect in 'Poster' else 'false']"/>
          <param name="LandscapeCondition" value="$PYTHON['true' if widgetAspect in 'Landscape' else 'false']"/>
          <param name="SquareCondition" value="$PYTHON['true' if widgetAspect in 'Square' else 'false']"/>
          <param name="arrows_posy" value="$PYTHON['110' if widgetAspect in 'Landscape' else '150']"/>
          <visible>Integer.IsEqual(Container(3000).NumItems,0)</visible>
        </include>
        <include content="Object_WidgetsWall_Content" condition="!Skin.HasSetting(ShowWidgetLabels)">
          <param name="control_type" value="$PYTHON['list' if scrolling in 'False' else 'fixedlist']"/>
          <param name="name" value="$SKINSHORTCUTS[label]"/>
          <param name="groupid" value="760$SKINSHORTCUTS[id]"/>
          <param name="image" value="$SKINSHORTCUTS[artwork]"/>
          <param name="id" value="750$SKINSHORTCUTS[id]"/>
          <param name="target" value="$SKINSHORTCUTS[target]"/>
          <param name="sortby" value="$SKINSHORTCUTS[sortby]"/>
          <param name="sortdirection" value="$SKINSHORTCUTS[sortdirection]"/>
          <param name="limit" value="$SKINSHORTCUTS[limit]"/>
          <param name="path" value="$SKINSHORTCUTS[path]"/>
          <param name="fade" value="$PYTHON[(int(7500) + int(id)) - int(2)]"/>
          <param name="PosterCondition" value="$PYTHON['true' if widgetAspect in 'Poster' else 'false']"/>
          <param name="LandscapeCondition" value="$PYTHON['true' if widgetAspect in 'Landscape' else 'false']"/>
          <param name="SquareCondition" value="$PYTHON['true' if widgetAspect in 'Square' else 'false']"/>
          <param name="arrows_posy" value="$PYTHON['110' if widgetAspect in 'Landscape' else '150']"/>
          <visible>Integer.IsEqual(Container(3000).NumItems,0)</visible>
        </include>
      </controls>
    </items>
  </submenu>
  <submenuOther include="moviesHub" level="1">
    <property name="id" tag="mainmenuid"/>
    <property name="path" tag="property" attribute="name|list"/>
    <property name="sortby" tag="property" attribute="name|widgetSortBy"/>
    <property name="sortdirection" tag="property" attribute="name|widgetSortDirection"/>
    <property name="limit" tag="property" attribute="name|widgetLimit"/>
    <propertyGroup>mainmenuWidgets</propertyGroup>
    <controls>
      <include content="Object_MoviesHub_Content">
        <param name="control_type" value="$PYTHON['list' if scrolling in 'False' else 'fixedlist']"/>
        <param name="label" value="$SKINSHORTCUTS[label]"/>
        <param name="groupid" value="760$SKINSHORTCUTS[id]"/>
        <param name="labelid" value="770$SKINSHORTCUTS[id]"/>
        <param name="image" value="$SKINSHORTCUTS[artwork]"/>
        <param name="id" value="750$SKINSHORTCUTS[id]"/>
        <param name="target" value="$SKINSHORTCUTS[target]"/>
        <param name="sortby" value="$SKINSHORTCUTS[sortby]"/>
        <param name="sortdirection" value="$SKINSHORTCUTS[sortdirection]"/>
        <param name="limit" value="$SKINSHORTCUTS[limit]"/>
        <param name="path" value="$SKINSHORTCUTS[path]"/>
        <param name="fade" value="$PYTHON[(int(7500) + int(id)) - int(2)]"/>
        <param name="PosterCondition" value="$PYTHON['true' if widgetAspect in 'Poster' else 'false']"/>
        <param name="LandscapeCondition" value="$PYTHON['true' if widgetAspect in 'Landscape' else 'false']"/>
        <param name="SquareCondition" value="$PYTHON['true' if widgetAspect in 'Square' else 'false']"/>
        <param name="arrows_posy" value="$PYTHON['110' if widgetAspect in 'Landscape' else '150']"/>
        <skinshortcuts>visibility</skinshortcuts>
      </include>
    </controls>
  </submenuOther>
  <propertyGroup name="mainmenuWidgets">
    <property name="id" tag="mainmenuid"/>
    <property name="name" tag="property" attribute="name|widgetName"/>
    <!-- <property name="path" tag="property" attribute="name|path" /> -->
    <property name="target" tag="property" attribute="name|widgetTarget"/>
    <property name="target"></property>
    <!-- <property name="path">$INCLUDE[skinshortcuts-group-$SKINSHORTCUTS[submenuVisibility]]</property> -->
    <!-- For TV Shows, we want to specify the artwork as the tv show poster, otherwise we'll use the icon -->
    <property name="artwork" tag="property" attribute="name|widgetType" value="tvshows">$INFO[ListItem.Art(tvshow.poster)]</property>
    <property name="artwork">$VAR[ImagePoster]</property>
    <property name="widgetInclude" tag="property" attribute="name|path">Object_Widget_Content</property>
    <property name="submenuVisibility" tag="property" attribute="name|submenuVisibility"/>
    <property name="label" tag="label"/>
    <property name="label">$INFO[ListItem.Label]</property>
    <property name="background" tag="property" attribute="name|background"/>
    <property name="widgetAspect" tag="property" attribute="name|widgetAspect"/>
    <property name="widgetAspect">Landscape</property>
    <property name="headerWidgetAspect" tag="property" attribute="name|headerWidgetAspect"/>
    <property name="headerWidgetAspect">Banner</property>
    <property name="scrolling" tag="property" attribute="name|scrollingType"/>
    <property name="scrolling"></property>
  </propertyGroup>
</template>
