<?xml version="1.0" encoding="UTF-8" standalone="yes"?>
<addon id="repository.heppen" name="heppen's repository" version="1.2.0" provider-name="nfm886">
	<requires>
		<import addon="xbmc.addon" version="12.0.0"/>
	</requires>
	<extension point="xbmc.addon.repository" name="Heppen's Repository">
		<dir minversion="19.0">
			<info>https://raw.githubusercontent.com/nfm886/repository.heppen/main/zips/addons.xml</info>
			<checksum>https://raw.githubusercontent.com/nfm886/repository.heppen/main/zips/addons.xml.md5</checksum>
			<datadir zip="true">https://raw.github.com/nfm886/repository.heppen/main/zips/</datadir>
		</dir>	
	</extension>
	<extension point="xbmc.addon.metadata">
		<summary>Heppen's Kodi repository</summary>
		<description>Personal repository for Arctic Zephyr 2 Resurrection.</description>
		<disclaimer></disclaimer>
		<platform>all</platform>
		<assets>
			<icon>resources/icon.jpg</icon>
			<fanart>resources/fanart.jpg</fanart>
		</assets>
	</extension>
</addon>
