<?xml version="1.0" encoding="UTF-8"?>
<addon id="repository.heppen" name="heppen's repository" version="4.0.1" provider-name="heppen">
    <requires>
        <import addon="xbmc.addon" version="12.0.0"/>
    </requires>
    <extension point="xbmc.addon.repository" name="Heppen's Repository">
        <dir minversion="19.0">
            <info>https://raw.githubusercontent.com/heppen-dev/repository.heppen/main/zips/addons.xml</info>
            <checksum>https://raw.githubusercontent.com/heppen-dev/repository.heppen/main/zips/addons.xml.md5</checksum>
            <datadir zip="true">https://raw.github.com/heppen-dev/repository.heppen/main/zips/</datadir>
        </dir>
    </extension>
    <extension point="xbmc.addon.metadata">
        <summary>Heppen's Kodi repository</summary>
        <description>Repository for heppen's skins</description>
        <disclaimer>
        </disclaimer>
        <platform>all</platform>
        <assets>
            <icon>resources/icon.jpg</icon>
            <fanart>resources/fanart.jpg</fanart>
        </assets>
    </extension>
</addon>
