<?xml version="1.0" encoding="UTF-8"?>
<addon id="skin.blue.twilight" version="1.1.0" name="Blue Twilight" provider-name="heppen">
  <requires>
    <import addon="xbmc.gui" version="5.15.0"/>
    <import addon="script.skinshortcuts" version="1.1.5"/>
    <import addon="plugin.video.themoviedb.helper" version="4.3.0"/>
    <import addon="script.toolbox" version="1.1.2"/>
    <import addon="resource.images.studios.white" version="0.0.28"/>
    <import addon="resource.images.weathericons.white" version="0.0.6"/>
  </requires>
  <extension point="xbmc.gui.skin" debugging="false">
    <res width="1920" height="1080" aspect="16:9" default="true" folder="xml"/>
  </extension>
  <extension point="xbmc.addon.metadata">
    <news>Fixed: Subtitle button on mouse hover[CR]Added: Square aspect ratio (initial commit)[CR]Added: Additional aspect ratios to header widget (initial commit)[CR]Changed: source URL in addon.xml[CR]Fixed: PVR icon in header Square aspect ratio[CR]Fixed: Playing TV Shows from header widget[CR]Added: Darken background for DialogKeyboard[CR]Changed: DialogAddonSettings layout[CR]Changed: DialogAddonInfo layout[CR]Fixed: Small tweaks to Object_Info_Fist_Line[CR]Fixed: visible condition in tv guide[CR]Improved: tv guide</news>
    <summary lang="en_GB">Simple. Lightweight. Elegant. That's all you need to enjoy Kodi.</summary>
    <summary lang="pl_PL">Prosto. Lekko. Elegancko. To wszystko czego potrzebujesz do rozrywki z Kodi.</summary>
    <description lang="en_GB">The skin is designed to allow the user to focus on media consumption. It provides many innovative solutions that every movie lover will appreciate.</description>
    <description lang="pl_PL">Skórka została zaprojektowana, aby użytkownik mógł skupić się na konsumpcji mediów. Udostępnia wiele innowacyjnych rozwiązań, które doceni każdy kinoman.</description>
    <platform>all</platform>
    <license>Creative Commons Attribution Non-Commercial Share-Alike 4.0</license>
    <forum />
    <source>https://github.com/heppen-dev/skin.blue.twilight</source>
    <assets>
      <icon>resources/icon.png</icon>
      <fanart>resources/fanart.jpg</fanart>
      <screenshot>resources/screenshot-01.jpg</screenshot>
      <screenshot>resources/screenshot-02.jpg</screenshot>
      <screenshot>resources/screenshot-03.jpg</screenshot>
      <screenshot>resources/screenshot-04.jpg</screenshot>
      <screenshot>resources/screenshot-05.jpg</screenshot>
    </assets>
  </extension>
</addon>
