<?xml version="1.0" encoding="UTF-8"?>
<window id="1121">
  <defaultcontrol>4100</defaultcontrol>
  <onload condition="String.IsEmpty(Skin.String(SearchTerm))">Back</onload>
  <controls>
    <include>DefaultBackground</include>
    <control type="group">
      <visible>!$EXP[infodialog_active]</visible>
      <include>OpenClose_Bottom</include>
      <control type="group">
        <control type="grouplist" id="4100">
          <top>615</top>
          <height>450</height>
          <width>1920</width>
          <usecontrolcoords>true</usecontrolcoords>
          <include>skinshortcuts-template-search</include>
        </control>
      </control>
      <control type="group">
        <include content="Object_Item_Showcase">
          <param name="top" value="30"/>
          <param name="title" value="$INFO[ListItem.Label]"/>
          <param name="title_width" value="1000" />
          <param name="plot" value="$VAR[Label_PlotTextBoxVar]"/>
          <param name="visible" value="Window.IsVisible(1121)"/>
        </include>
      </control>
      <include content="TopBar">
        <param name="breadcrumbs_label" value=""/>
      </include>
    </control>
  </controls>
</window>
