<?xml version="1.0" encoding="UTF-8"?>
<window>
  <defaultcontrol>5</defaultcontrol>
  <include>Animation_DialogPopupOpenClose</include>
  <controls>
    <control type="group">
      <top>0</top>
      <centerleft>50%</centerleft>
      <width>1920</width>
      <include>Animation_DialogPopupVisible</include>
      <include content="DialogBackgroundCommons">
        <param name="width" value="1920"/>
        <param name="height" value="1080"/>
        <param name="header_label" value=""/>
        <param name="header_id" value="2"/>
      </include>
      <control type="group">
        <control type="image">
          <left>427</left>
          <top>120</top>
          <width>1</width>
          <height>880</height>
          <texture colordiffuse="main_fg_30">common/white.png</texture>
        </control>
      </control>
      <include content="DefaultSettingButtonGradient">
        <param name="id" value="3"/>
        <top>120</top>
        <left>0</left>
        <width>427</width>
        <height>75</height>
      </include>
      <control type="grouplist" id="3">
        <description>Categories Area</description>
        <left>0</left>
        <top>120</top>
        <width>427</width>
        <height>675</height>
        <itemgap>0</itemgap>
        <orientation>vertical</orientation>
        <onleft>9000</onleft>
        <onright>5</onright>
        <onup>noop</onup>
        <ondown>20</ondown>
      </control>
      <control type="button" id="10">
        <description>Default Category Button</description>
        <height>75</height>
        <width>390</width>
        <textoffsetx>20</textoffsetx>
        <align>center</align>
        <aligny>center</aligny>
        <font>font27</font>
        <texturefocus/>
        <texturenofocus/>
      </control>
      <include content="DefaultSettingButtonGradient">
        <param name="id" value="5"/>
        <top>120</top>
        <left>427</left>
        <width>1500</width>
        <height>75</height>
        <visible>ControlGroup(5).HasFocus()</visible>
      </include>
      <control type="grouplist" id="5">
        <description>control area</description>
        <left>427</left>
        <top>120</top>
        <width>1500</width>
        <height>675</height>
        <pagecontrol>60</pagecontrol>
        <onleft>3</onleft>
        <onright>60</onright>
        <onup>5</onup>
        <ondown>5</ondown>
      </control>
      <control type="textbox" id="6">
        <description>description area</description>
        <top>10</top>
        <right>20</right>
        <width>1100</width>
        <height>70</height>
        <font>font12</font>
        <align>right</align>
        <aligny>center</aligny>
        <textcolor>$VAR[ColorHighlight]</textcolor>
        <autoscroll time="3000" delay="5000" repeat="5000">true</autoscroll>
      </control>
      <control type="button" id="7">
        <description>Default Button</description>
        <include>DefaultSettingButton</include>
      </control>
      <control type="radiobutton" id="8">
        <description>Default RadioButton</description>
        <include>DefaultSettingButton</include>
        <textwidth>880</textwidth>
      </control>
      <control type="spincontrolex" id="9">
        <description>Default SpinControlex</description>
        <include>DefaultSettingButton</include>
      </control>
      <control type="edit" id="12">
        <include>DefaultSettingButton</include>
      </control>
      <control type="sliderex" id="13">
        <description>Default Slider</description>
        <include>DefaultSettingButton</include>
        <textwidth>700</textwidth>
      </control>
      <control type="label" id="14">
        <description>Default Label</description>
        <include>DefaultSettingLabel</include>
      </control>
      <control type="grouplist" id="9000">
        <left>445</left>
        <top>925</top>
        <orientation>horizontal</orientation>
        <width>1480</width>
        <height>300</height>
        <itemgap>15</itemgap>
        <onup>5</onup>
        <onleft>20</onleft>
        <onright>20</onright>
        <align>center</align>
        <include content="DefaultDialogButton">
          <param name="id" value="28"/>
          <param name="label" value=""/>
        </include>
        <include content="DefaultDialogButton">
          <param name="id" value="29"/>
          <param name="label" value=""/>
        </include>
        <include content="DefaultDialogButton">
          <param name="id" value="30"/>
          <param name="label" value=""/>
        </include>
      </control>
      <control type="group">
        <depth>DepthContentPanel</depth>
        <top>925</top>
        <include content="DefaultSettingButtonGradient">
          <param name="id" value="8800"/>
          <top>0</top>
          <height>75</height>
          <width>427</width>
          <visible>Control.HasFocus(20)</visible>
        </include>
        <control type="grouplist" id="8800">
          <onleft>9000</onleft>
          <onright>9000</onright>
          <onup>3</onup>
          <ondown>noop</ondown>
          <control type="radiobutton" id="20">
            <width>427</width>
            <height>75</height>
            <aligny>center</aligny>
            <align>center</align>
            <onclick>SettingsLevelChange</onclick>
            <textoffsetx>100</textoffsetx>
            <textoffsety>0</textoffsety>
            <texturefocus />
            <texturenofocus/>
            <radioposx>40</radioposx>
            <radioposy>0</radioposy>
            <radiowidth>40</radiowidth>
            <radioheight>40</radioheight>
            <textureradioonfocus colordiffuse="dialog_fg_70">icons/settings.png</textureradioonfocus>
            <textureradioonnofocus colordiffuse="dialog_fg_70">icons/settings.png</textureradioonnofocus>
            <textureradioofffocus colordiffuse="dialog_fg_70">icons/settings.png</textureradioofffocus>
            <textureradiooffnofocus colordiffuse="dialog_fg_70">icons/settings.png</textureradiooffnofocus>
          </control>
        </control>
      </control>
      <control type="scrollbar" id="60">
        <left>1910</left>
        <top>120</top>
        <width>12</width>
        <height>675</height>
        <orientation>vertical</orientation>
        <onleft>5</onleft>
        <onright>9000</onright>
        <animation effect="fade" start="0" end="100" delay="300" time="320">WindowOpen</animation>
        <animation effect="fade" start="100" end="0" time="150">WindowClose</animation>
      </control>
    </control>
  </controls>
</window>
