<?xml version="1.0" encoding="UTF-8"?>
<window>
  <defaultcontrol always="true">50</defaultcontrol>
  <backgroundcolor>Background</backgroundcolor>
  <views>50,51</views>
  <menucontrol>9000</menucontrol>
  <controls>
    <include>DefaultBackground</include>
    <control type="group">
      <include>OpenClose_Bottom</include>
      <control type="label">
        <top>30</top>
        <left>60</left>
        <font>font_tiny_title_uppercase</font>
        <label>$INFO[ListItem.Label]</label>
        <visible>Control.HasFocus(50)</visible>
      </control>
      <control type="image">
        <top>200</top>
        <left>100</left>
        <width>1720</width>
        <height>800</height>
        <texture colordiffuse="AltPosterBack" border="20">diffuse/poster-wall.png</texture>
        <brodersize>20</brodersize>
        <visible>Control.IsVisible(50)</visible>
      </control>
      <control type="image">
        <top>520</top>
        <left>100</left>
        <width>1720</width>
        <height>500</height>
        <texture colordiffuse="AltPosterBack" border="20">diffuse/poster-wall.png</texture>
        <brodersize>20</brodersize>
        <visible>Control.IsVisible(51)</visible>
      </control>
      <control type="group">
        <top>120</top>
        <left>100</left>
        <visible>Control.IsVisible(51)</visible>
        <control type="label">
          <font>font_tiny_title_uppercase</font>
          <label>$INFO[ListItem.Title]</label>
        </control>
        <control type="label">
          <right>100</right>
          <align>right</align>
          <font>font_tiny_title_uppercase</font>
          <label>$INFO[ListItem.ChannelName]</label>
        </control>
        <control type="image">
          <top>70</top>
          <left>0</left>
          <width>1720</width>
          <height>1</height>
          <texture colordiffuse="AltPosterBack">common/white.png</texture>
          <brodersize>20</brodersize>
        </control>
        <control type="group">
          <top>100</top>
          <include content="Object_Info_First_Line">
            <param name="visible_condi" value="true" />
          </include>
        </control>
        <control type="textbox">
          <top>160</top>
          <left>0</left>
          <width>1720</width>
          <height>145</height>
          <align>justify</align>
          <font>font13</font>
          <scroll>Skin.HasSetting(autoscroll)</scroll>
          <label>$INFO[ListItem.Plot]</label>
        </control>
      </control>
      <animation effect="fade" start="100" end="0" time="200" tween="sine" condition="$EXP[infodialog_active]">Conditional</animation>
      <control type="group">
        <control type="list" id="11">
          <top>120</top>
          <left>110</left>
          <width>1700</width>
          <align>center</align>
          <ondown>50</ondown>
          <orientation>horizontal</orientation>
          <animation effect="slide" start="0" end="0,340" time="0" condition="Control.IsVisible(51)">Conditional</animation>
          <scrolltime tween="cubic" easing="out">500</scrolltime>
          <itemlayout width="170">
            <control type="label">
              <left>30</left>
              <top>3</top>
              <width>auto</width>
              <height>22</height>
              <font>font_tiny_hintlabel</font>
              <aligny>center</aligny>
              <align>center</align>
              <label>$INFO[ListItem.Label]</label>
            </control>
          </itemlayout>
          <focusedlayout width="170">
            <control type="label">
              <left>30</left>
              <top>3</top>
              <width>auto</width>
              <height>22</height>
              <font>font_tiny_hintlabel</font>
              <aligny>center</aligny>
              <align>center</align>
              <textcolor>$VAR[ColorHighlight]</textcolor>
              <label>$INFO[ListItem.Label]</label>
            </control>
          </focusedlayout>
        </control>
        <control type="fixedlist" id="50">
          <left>100</left>
          <top>200</top>
          <right>100</right>
          <bottom>80</bottom>
          <onleft>SetFocus(9000)</onleft>
          <onright>11</onright>
          <onup>50</onup>
          <ondown>50</ondown>
          <movement>3</movement>
          <focusposition>3</focusposition>
          <scrolltime tween="cubic" easing="out">500</scrolltime>
          <viewtype label="535">list</viewtype>
          <include content="PVRListItemLayouts">
            <param name="width" value="520"/>
            <param name="width_next" value="820"/>
          </include>
        </control>
        <control type="fixedlist" id="51">
          <left>100</left>
          <height>500</height>
          <top>520</top>
          <right>100</right>
          <bottom>80</bottom>
          <onleft>SetFocus(9000)</onleft>
          <onright>11</onright>
          <onup>51</onup>
          <ondown>51</ondown>
          <movement>1</movement>
          <focusposition>1</focusposition>
          <scrolltime tween="cubic" easing="out">500</scrolltime>
          <viewtype label="List extended Info">list</viewtype>
          <include content="PVRListItemLayouts">
              <param name="width" value="520"/>
              <param name="width_next" value="820"/>
          </include>
        </control>
        <control type="image">
          <left>920</left>
          <top>200</top>
          <width>1</width>
          <height>800</height>
          <texture colordiffuse="dialog_fg_30">common/white.png</texture>
          <visible>Control.IsVisible(50)</visible>
        </control>
        <control type="image">
          <left>920</left>
          <top>520</top>
          <width>1</width>
          <height>500</height>
          <texture colordiffuse="dialog_fg_30">common/white.png</texture>
          <visible>Control.IsVisible(51)</visible>
        </control>
      </control>
      <include content="TopBar">
        <param name="breadcrumbs_label" value="$VAR[BreadcrumbsPVRChannelsVar]"/>
      </include>
      <include>PVRChannelNumberInput</include>
      <include>MediaMenuMouseOverlay</include>
      <control type="group">
        <include content="MediaMenuCommon">
          <param name="visible">$EXP[MediaMenu]</param>
          <param name="onleft">50</param>
          <param name="onright">50</param>
          <param name="onback">50</param>
        </include>
        <!-- <include>MediaMenuNowPlaying</include> -->
      </control>
    </control>
    <include>Defs_MediaMenuCommon</include>
    <control type="button" id="28">
      <include>HiddenObject</include>
    </control>
    <control type="label" id="29">
      <font/>
      <include>HiddenObject</include>
    </control>
    <control type="label" id="30">
      <font/>
      <include>HiddenObject</include>
    </control>
  </controls>
</window>
