<?xml version="1.0" encoding="UTF-8"?>
<addon id="skin.cosmic" version="1.0.30" name="Cosmic" provider-name="heppen (nfm886)">
  <requires>
    <import addon="xbmc.gui" version="5.15.0"/>
    <import addon="script.skinshortcuts" version="1.1.5"/>
    <import addon="script.embuary.info" version="2.0.8"/>
    <import addon="plugin.video.themoviedb.helper" version="4.3.0"/>
    <import addon="script.embuary.helper" version="2.0.8"/>
    <import addon="resource.images.studios.white" version="0.0.28"/>
    <import addon="resource.images.studios.coloured" version="0.0.20"/>
    <import addon="resource.images.weathericons.white" version="0.0.6"/>
    <import addon="resource.images.moviegenreicons.transparent" version="0.0.6"/>
    <import addon="resource.images.moviecountryicons.maps" version="0.0.1"/>
  </requires>
  <extension point="xbmc.gui.skin" debugging="false">
    <res width="1920" height="1080" aspect="16:9" default="true" folder="xml"/>
  </extension>
  <extension point="xbmc.addon.metadata">
    <news>1.0.30[CR]Changed: DialogKeyboard appearance[CR]1.0.29[CR]Fixed: DialogBackgroundCommons bottom margin[CR]Fixed: Menu Style logic[CR]Changed: Appearance of dialog windows[CR]Fixed: Background while playing videos/livetv[CR]1.0.28[CR]Added: DialogBusy to SearchList[CR]Fixed: Some colour highlights[CR]Fixed: Landscape Art option[CR]Changed: Appearance of dialog windows[CR]Changed: DialogMediaSource appearance[CR]1.0.27[CR]Added: Few extra icons[CR]Changed: Reorganize skin settings[CR]Removed: Rounded corners from some buttons[CR]Added: Rounded corners to dialog windows[CR]Fixed: Some language strings[CR]Changed: File browser appearance[CR]Changed: Weather appearance[CR]Added: Animations to Weather and Settings widget in Vertical home layout[CR]Fixed: Scrollbar in SkinSettings.xml[CR]Fixed: Posters highlight[CR]Fixed: Button type in script-skinshortcuts.xml[CR]Fixed: SearchList layout[CR]</news>
    <summary lang="en_GB">Simple, lightweight and innovative skin by heppen.</summary>
    <summary lang="pl_PL">Prosta, lekka i innowacyjna skórka autorstwa heppen.</summary>
    <description lang="en_GB">The skin is designed to allow the user to focus on media consumption. It provides many innovative solutions that every movie lover will appreciate.</description>
    <description lang="pl_PL">Skórka została zaprojektowana, aby użytkownik mógł skupić się na konsumpcji mediów. Udostępnia wiele innowacyjnych rozwiązań, które doceni każdy kinoman.</description>
    <platform>all</platform>
    <license>Creative Commons Attribution Non-Commercial Share-Alike 4.0</license>
    <forum>https://forum.kodi.tv/showthread.php?tid=363714</forum>
    <source>https://github.com/nfm886/skin.cosmic</source>
    <assets>
      <icon>resources/icon.png</icon>
      <fanart>resources/fanart.jpg</fanart>
      <screenshot>resources/screenshot-01.jpg</screenshot>
      <screenshot>resources/screenshot-02.jpg</screenshot>
      <screenshot>resources/screenshot-03.jpg</screenshot>
      <screenshot>resources/screenshot-04.jpg</screenshot>
      <screenshot>resources/screenshot-05.jpg</screenshot>
      <screenshot>resources/screenshot-06.jpg</screenshot>
    </assets>
  </extension>
</addon>
