<?xml version="1.0" encoding="utf-8"?>
<window type="dialog" id="1109">
  <visible>Window.IsActive(fullscreenvideo) | Window.IsActive(visualisation)</visible>
  <visible>Window.IsActive(seekbar) | Window.IsActive(pvrosdchannels) | Window.IsActive(pvrchannelguide)</visible>
  <depth>DepthOSD</depth>
  <include>Animation_TopSlide</include>
  <zorder>0</zorder>
  <controls>
    <control type="group">
      <visible>![Player.ShowInfo | Window.IsActive(fullscreeninfo) | Player.ShowTime | Window.IsActive(videoosd) | Window.IsActive(musicosd) | Window.IsActive(playerprocessinfo) | !String.IsEmpty(PVR.ChannelNumberInput) | Window.IsActive(pvrosdchannels) | Window.IsActive(pvrchannelguide)] + [!String.IsEmpty(Player.SeekNumeric) | Player.Seeking | Player.DisplayAfterSeek | Player.Forwarding | Player.Rewinding | Player.Paused]</visible>
      <animation effect="fade" start="0" end="100" time="300">VisibleChange</animation>
      <animation effect="slide" start="0,0" end="0,-80" time="300" condition="Player.Paused + System.IdleTime(5)">Conditional</animation>
      <control type="progress">
        <top>1</top>
        <left>1</left>
        <height>60</height>
        <width>1920</width>
        <texturebg>pvr/progressline-back.png</texturebg>
        <lefttexture border="2" colordiffuse="bf777777">pvr/progressline-left2.png</lefttexture>
        <midtexture border="2" colordiffuse="bf777777">pvr/progressline-mid2.png</midtexture>
        <righttexture border="2" colordiffuse="bf777777">pvr/progressline-right2.png</righttexture>
        <info>Player.ProgressCache</info>
        <visible>Player.Playing | Player.Paused | Player.Caching</visible>
        <visible>!Player.Seeking</visible>
        <visible>Player.HasMedia</visible>
      </control>
      <control type="progress">
        <top>1</top>
        <left>1</left>
        <height>60</height>
        <width>1920</width>
        <texturebg>pvr/progressline-back.png</texturebg>
        <lefttexture border="2" colordiffuse="bf777777">pvr/progressline-left2.png</lefttexture>
        <midtexture border="2" colordiffuse="bf777777">pvr/progressline-mid2.png</midtexture>
        <righttexture border="2" colordiffuse="bf777777">pvr/progressline-right2.png</righttexture>
        <info>Player.Progress</info>
        <visible>Player.HasMedia + !Pvr.IsPlayingTv</visible>
      </control>
      <control type="progress">
        <top>60</top>
        <left>1</left>
        <height>1</height>
        <width>100%</width>
        <texturebg colordiffuse="ff777777">common/white.png</texturebg>
        <lefttexture />
        <midtexture />
        <righttexture />
        <info>Player.Progress</info>
        <visible>Player.HasMedia + !Pvr.IsPlayingTv</visible>
      </control>
      <control type="slider">
        <left>0</left>
        <top>50</top>
        <width>100%</width>
        <height>26</height>
        <texturesliderbar colordiffuse="00FFFFFF">osd/progress/nub_bar.png</texturesliderbar>
        <textureslidernib colordiffuse="$VAR[ColorHighlight]">osd/progress/nub_bar.png</textureslidernib>
        <textureslidernibfocus colordiffuse="$VAR[ColorHighlight]">colors/white.png</textureslidernibfocus>
        <info>Player.Seekbar</info>
        <visible>!VideoPlayer.Content(LiveTV) + [Player.Seeking | Player.DisplayAfterSeek]</visible>
      </control>
      <control type="label">
        <left>25</left>
        <top>6</top>
        <width>700</width>
        <height>60</height>
        <label>$VAR[SeekLabel]</label>
        <font>font30_title</font>
        <textcolor>main_fg_100</textcolor>
      </control>
      <control type="label">
        <centerleft>50%</centerleft>
        <top>0</top>
        <width>50%</width>
        <height>60</height>
        <aligny>center</aligny>
        <align>center</align>
        <label>$VAR[SeekTimeLabelVar]</label>
        <font>font23</font>
        <visible>!Player.ChannelPreviewActive | VideoPlayer.HasEpg</visible>
      </control>
      <control type="label">
        <right>25</right>
        <top>6</top>
        <width>700</width>
        <height>60</height>
        <align>right</align>
        <font>font30_title</font>
        <label>[COLOR $VAR[ColorHighlight]]$LOCALIZE[21396]:[/COLOR]  $INFO[player.chapter]$INFO[Player.ChapterCount,/]</label>
        <visible>!VideoPlayer.Content(LiveTV) + player.chaptercount</visible>
      </control>
      <control type="label">
        <right>25</right>
        <top>6</top>
        <width>700</width>
        <height>60</height>
        <align>right</align>
        <font>font30_title</font>
        <label>[COLOR $VAR[ColorHighlight]]$LOCALIZE[31026][/COLOR] $INFO[PVR.TimeshiftCur] (-$INFO[PVR.TimeshiftOffset])</label>
        <visible>VideoPlayer.Content(LiveTV) + PVR.IsTimeShift</visible>
      </control>
      <control type="group">
        <visible>VideoPlayer.Content(LiveTV)</visible>
        <control type="group">
          <visible>Player.SeekEnabled + VideoPlayer.HasEPG</visible>
          <include content="PVRProgress">
            <param name="ts_bar_top" value="55"/>
            <param name="epg_bar_top" value="63"/>
            <param name="ts_bar_height" value="8"/>
            <param name="epg_bar_height" value="8"/>
          </include>
        </control>
        <control type="group">
          <visible>Player.SeekEnabled + !VideoPlayer.HasEPG</visible>
          <include content="PVRProgress">
            <param name="ts_bar_top" value="55"/>
            <param name="ts_bar_height" value="16"/>
          </include>
        </control>
        <control type="group">
          <visible>!Player.SeekEnabled + VideoPlayer.HasEPG</visible>
          <include content="PVRProgress">
            <param name="epg_bar_top" value="55"/>
            <param name="epg_bar_height" value="16"/>
          </include>
        </control>
      </control>
      <control type="slider">
        <left>0</left>
        <top>50</top>
        <width>100%</width>
        <height>26</height>
        <texturesliderbar colordiffuse="00FFFFFF">osd/progress/nub_bar.png</texturesliderbar>
        <textureslidernib colordiffuse="$VAR[ColorHighlight]">osd/progress/nub_bar.png</textureslidernib>
        <textureslidernibfocus colordiffuse="$VAR[ColorHighlight]">colors/white.png</textureslidernibfocus>
        <info>PVR.TimeShiftSeekbar</info>
        <visible>VideoPlayer.Content(LiveTV) + [Player.Seeking | Player.DisplayAfterSeek] + !Player.ChannelPreviewActive</visible>
      </control>
      <control type="ranges">
        <left>0</left>
        <top>55</top>
        <width>100%</width>
        <height>8</height>
        <texturebg border="3" colordiffuse="00FFFFFF">colors/white50.png</texturebg>
        <lefttexture>colors/white.png</lefttexture>
        <midtexture colordiffuse="FFFF0000">colors/white.png</midtexture>
        <righttexture>colors/white.png</righttexture>
        <info>Player.Cutlist</info>
      </control>
      <control type="ranges">
        <left>0</left>
        <top>67</top>
        <width>100%</width>
        <height>4</height>
        <texturebg border="3" colordiffuse="00FFFFFF">colors/white50.png</texturebg>
        <righttexture>colors/white.png</righttexture>
        <info>Player.Chapters</info>
      </control>
      <control type="label" id="40000">
        <centerleft>50%</centerleft>
        <centertop>50%</centertop>
        <width>50%</width>
        <height>1080</height>
        <align>center</align>
        <aligny>center</aligny>
        <label>$VAR[SeekLabel]</label>
        <font>font_clock</font>
        <shadowcolor>black</shadowcolor>
      </control>
    </control>
    <control type="group">
      <visible>!VideoPlayer.Content(livetv)</visible>
      <animation effect="slide" end="0,-90" time="300" tween="sine" easing="inout" condition="$EXP[infodialog_active]">conditional</animation>
      <animation effect="slide" start="0,-200" end="0,0" time="300" tween="cubic" easing="out">VisibleChange</animation>
      <visible>Player.ShowInfo | Window.IsActive(fullscreeninfo) | Player.ShowTime | Window.IsActive(videoosd) | Window.IsActive(musicosd) | Window.IsActive(playerprocessinfo) | !String.IsEmpty(PVR.ChannelNumberInput) | Window.IsActive(pvrosdchannels) | Window.IsActive(pvrchannelguide) + ![Player.Seeking | Player.DisplayAfterSeek | Player.Forwarding | Player.Rewinding | Player.Paused]</visible>
      <depth>DepthBars</depth>
      <control type="group">
        <visible>!Window.IsVisible(extendedprogressdialog) + !Window.IsActive(playerprocessinfo)</visible>
        <animation effect="fade" time="150">VisibleChange</animation>
        <control type="grouplist">
          <left>48</left>
          <top>48</top>
          <width>1920</width>
          <height>100</height>
          <align>left</align>
          <itemgap>0</itemgap>
          <orientation>horizontal</orientation>
          <usecontrolcoords>true</usecontrolcoords>
          <control type="label">
            <top>0</top>
            <font>font_clock</font>
            <label>$INFO[System.Time]</label>
            <visible>!Skin.HasSetting(disable_clock_osd)</visible>
          </control>
          <control type="label">
            <top>40</top>
            <label>$INFO[Player.FinishTime,$LOCALIZE[31080]: ]</label>
            <shadowcolor>text_shadow</shadowcolor>
            <height>100</height>
            <width>auto</width>
            <visible>!String.isempty(Player.Duration)</visible>
            <visible>Player.HasVideo + ![Player.HasGame | VideoPlayer.HasEpg]</visible>
            <visible>!Skin.HasSetting(disable_clock_osd)</visible>
          </control>
          <control type="label">
            <top>40</top>
            <label>$INFO[PVR.EpgEventFinishTime,$LOCALIZE[31080]: ]</label>
            <shadowcolor>text_shadow</shadowcolor>
            <height>100</height>
            <width>auto</width>
            <visible>VideoPlayer.HasEpg</visible>
          </control>
          <control type="image">
            <top>2</top>
            <left>0</left>
            <width>60</width>
            <height>40</height>
            <fadetime>300</fadetime>
            <aspectratio aligny="center" align="right">keep</aspectratio>
            <texture>dialogs/volume/mute.png</texture>
            <visible>Player.Muted</visible>
          </control>
        </control>
      </control>
    </control>
  </controls>
</window>
