<?xml version="1.0" encoding="UTF-8"?>
<window type="dialog" id="1141">
  <animation effect="fade" start="0" end="100" time="400" delay="300" tween="quadratic" condition="Window.IsActive(1141)">WindowOpen</animation>
  <defaultcontrol>6000</defaultcontrol>
  <controls>
    <control type="group">
      <top>300</top>
      <height>200</height>
      <control type="group">
        <top>290</top>
        <bottom>80</bottom>
        <left>150</left>
        <height>200</height>
        <control type="grouplist">
          <include content="SpotlightButton">
            <param name="id" value="6000"/>
            <param name="icon" value="special://skin/extras/icons/watchlist.png"/>
            <param name="label" value="$LOCALIZE[31408]"/>
            <param name="onclick_1_condition" value="!String.IsEmpty(Window.Property(spotlight_TMDBid))"/>
            <param name="onclick_1" value="RunScript(plugin.video.themoviedb.helper,sync_trakt=watchlist,tmdb_id=$INFO[Window.Property(spotlight_TMDBid)],type=$INFO[Window.Property(spotlight_TMDBTYPE)],cache_refresh)"/>
            <param name="onclick_2_condition" value="String.IsEmpty(Window.Property(spotlight_TMDBid))"/>
            <param name="onclick_2" value="RunScript(plugin.video.themoviedb.helper,sync_trakt=watchlist,tmdb_id=$INFO[Window.Property(spotlight_TMDBid2)],type=$INFO[Window.Property(spotlight_TMDBTYPE)],cache_refresh)"/>
          </include>
          <include content="SpotlightButton">
            <param name="id" value="6001"/>
            <param name="icon" value="special://skin/extras/icons/play3.png"/>
            <param name="label" value="$VAR[Flix_Spotlight_Title]"/>
            <param name="onclick_1" value="RunScript(script.embuary.helper,action=playitem,item='$ESCINFO[Window(1140).Property(spotlight_Path)]')" />
          </include>
          <include content="SpotlightButton">
            <param name="id" value="6002"/>
            <param name="icon" value="special://skin/extras/icons/collection.png"/>
            <param name="label" value="$LOCALIZE[31409]"/>
            <param name="visible" value="String.IsEqual(Window.Property(spotlight_isFolder),true)" />
            <param name="onclick_1" value="Dialog.Close(1141,true)" />
            <param name="onclick_2" value="Dialog.Close(1140,true)" />
            <param name="onclick_3" value="AlarmClock(movetotvshow,RunScript(plugin.video.themoviedb.helper,add_path=$INFO[ListItem.Label,videodb://tvshows/titles/?xsp=%7B%22order%22%3A%7B%22direction%22%3A%22ascending%22%2C%22ignorefolders%22%3A0%2C%22method%22%3A%22sorttitle%22%7D%2C%22rules%22%3A%7B%22and%22%3A%5B%7B%22field%22%3A%22title%22%2C%22operator%22%3A%22is%22%2C%22value%22%3A%5B%22,%22%5D%7D%5D%7D%2C%22type%22%3A%22tvshows%22%7D],call_auto=1190),00:01)" />
          </include>
          <include content="SpotlightButton">
            <param name="id" value="6003"/>
            <param name="icon" value="special://skin/extras/icons/videoplay.png"/>
            <param name="label" value="$LOCALIZE[31410]"/>
            <param name="onclick_1" value="RunScript(script.embuary.helper,action=playitem,item='$ESCINFO[Window.Property(spotlight_Trailer)]')" />
          </include>
          <include content="SpotlightButton">
            <param name="id" value="6004"/>
            <param name="icon" value="special://skin/extras/icons/dependencies.png"/>
            <param name="label" value="$LOCALIZE[31411]"/>
            <param name="onclick_1" value="Dialog.Close(1141,true)" />
            <param name="onclick_2" value="Dialog.Close(1140,true)" />
            <param name="onclick_3" value="ActivateWindow(1145)" />
          </include>
          <include content="SpotlightButton">
            <param name="id" value="6005"/>
            <param name="icon" value="special://skin/extras/icons/thumb-up.png"/>
            <param name="label" value="$LOCALIZE[31412]"/>
            <param name="onclick_1" value="SetProperty(spotlight.user_rating,true,home)" />
            <param name="onclick_2" value="Dialog.Close(all,true)" />
            <param name="onclick_3" value="ActivateWindow(1146)" />
          </include>
        </control>
      </control>
    </control>
  </controls>
</window>
