<?xml version="1.0" encoding="UTF-8"?>
<window id="1121">
  <defaultcontrol>4100</defaultcontrol>
  <onload condition="String.IsEmpty(Skin.String(SearchTerm))">Back</onload>
  <controls>
    <include>DefaultBackground</include>
    <control type="group">
      <visible>!$EXP[infodialog_active]</visible>
      <include>OpenClose_Bottom</include>
      <control type="group">
        <control type="grouplist" id="4100">
          <centerleft>50%</centerleft>
          <top>300</top>
          <width>3220</width>
          <height>999999</height>
          <include>skinshortcuts-template-search</include>
          <animation effect="slide" time="0" start="0" end="-100,0" reversible="false" condition="true">Conditional</animation>
          <animation effect="slide" time="200" start="0" end="0,500" reversible="true" condition="ControlGroup(4100).HasFocus">Conditional</animation>
        </control>
      </control>
      <control type="group">
        <include content="Object_Item_Showcase">
          <param name="top" value="100"/>
          <param name="title" value="$INFO[ListItem.Label]"/>
          <param name="title_width" value="1000" />
          <param name="plot" value="$VAR[Label_PlotTextBoxVar]"/>
          <param name="visible_condi" value="Window.IsVisible(1121)"/>
        </include>
      </control>
      <include content="TopBar">
        <param name="breadcrumbs_label" value="$INFO[Window(home).Property(widgetNameLabel)]"/>
      </include>
    </control>
  </controls>
</window>
