<?xml version="1.0" encoding="UTF-8"?>
<includes>
    <include name="DialogVideoInfo">
        <control type="group">
            <top>view_top</top>
            <left>view_pad</left>
            <right>view_pad</right>
            <!-- <include>Object_Info_Arrows</include> -->
            <visible allowhiddenfocus="true">!$EXP[Exp_ShowPlotOverlay]</visible>
            <include>Animation_FadeInOut</include>
            <control type="grouplist" id="9000">
                <top>-15</top>
                <left>-15</left>
                <right>-15</right>
                <height>920</height>
                <orientation>vertical</orientation>
                <itemgap>0</itemgap>
                <control type="group" id="3000">
                    <height>920</height>
                    <control type="group">
                        <top>15</top>
                        <left>15</left>
                        <right>15</right>
                        <height>view_list_height</height>
                        <!-- Poster -->
                        <include content="View_50_Poster">
                            <param name="include" value="Animation_Left_Delay" />
                            <param name="visible" value="true" />
                            <param name="diffuse" value="diffuse/poster-big.png" />
                        </include>

                        <!-- Info -->
                        <control type="group">
                            <top>-15</top>
                            <left>580</left>
                            <include>Animation_Right_Delay</include>
                            <control type="grouplist">
                                <orientation>vertical</orientation>
                                <usecontrolcoords>true</usecontrolcoords>
                                <itemgap>0</itemgap>
                                <include>Object_Info_Title</include>
                                <include>Object_Info_Line</include>
                                <include>Object_Info_Ratings</include>
                                <include>Object_Info_Plot</include>
                                <include condition="!Window.IsVisible(1140)">Object_Info_Details</include>
                                <include condition="Window.IsVisible(1140)">Object_InfoSets_Details</include>
                            </control>
                            <include condition="!ListItem.IsCollection">Info_Button_Grouplist</include>
                            <include condition="ListItem.IsCollection">Info_Button_300</include>
                        </control>
                    </control>
                </control>

                <control type="group" id="4000">
                    <height>920</height>
                    <control type="grouplist" id="4100">
                        <top>-5</top>

                        <onup>300</onup>
                        <ondown>6000</ondown>
                        <height>920</height>
                        <orientation>vertical</orientation>
                        <itemgap>-52</itemgap>
                        <usecontrolcoords>true</usecontrolcoords>
                        <control type="group" id="7599">
                            <height>0</height>
                        </control>
                        <include content="View_Cast_Toplabel">
                            <param name="groupid" value="7500" />
                            <param name="id" value="50" />
                            <param name="altid" value="5000" />
                            <param name="label" value="$INFO[ListItem.Title,$LOCALIZE[31058] ,]" />
                            <visible>Control.IsVisible(50) | Control.IsVisible(5000)</visible>
                        </include>
                        <control type="group" id="5999">
                            <height>52</height>
                            <visible>Integer.IsGreater(Container(50).NumItems,0) | Container(50).IsUpdating</visible>
                            <control type="button" id="5000">
                                <texturefocus />
                                <texturenofocus />
                                <font />
                                <textcolor />
                                <onclick condition="!Skin.HasSetting(EnableExtendedInfo)">SetFocus(50)</onclick>
                                <onclick>SetFocus(5000)</onclick>
                                <onclick>SetFocus(300)</onclick>
                                <onclick>RunScript(plugin.video.themoviedb.helper,add_query=$INFO[Container(50).ListItem.Label],type=person,call_auto=1190)</onclick>
                                <onback>300</onback>
                                <onup>300</onup>
                                <ondown>5001</ondown>
                                <onleft>SetFocus(50)</onleft>
                                <onleft>Left</onleft>
                                <onright>SetFocus(50)</onright>
                                <onright>Right</onright>
                                <visible>Skin.HasSetting(EnableExtendedInfo)</visible>
                            </control>
                        </control>
                        <include content="View_51_Wall_Container">
                            <param name="controllayout" value="View_Cast" />
                            <param name="controltype" value="list" />
                            <param name="id" value="50" />
                            <param name="altid" value="5000" />
                            <param name="height" value="380.5" />
                            <param name="orientation" value="horizontal" />
                            <param name="labelinclude" value="View_Cast_Label" />
                            <param name="focusbounce" value="!Skin.HasSetting(EnableExtendedInfo)" />
                            <param name="onleft" value="50" />
                            <param name="onright" value="50" />
                            <param name="visible" value="Integer.IsGreater(Container(50).NumItems,0) | Container(50).IsUpdating" />
                            <onfocus condition="Skin.HasSetting(EnableExtendedInfo)">SetFocus(5000)</onfocus>
                            <onback condition="!Skin.HasSetting(EnableExtendedInfo)">SetFocus(50)</onback>
                            <onback>SetFocus(5000)</onback>
                            <onback>300</onback>
                        </include>
                        <!-- Sets -->
                        <include content="Info_Widget_Poster">
                            <param name="includecondition" value="true" />
                            <param name="id" value="5001" />
                            <param name="groupid" value="7501" />
                            <param name="label" value="$VAR[Label_SetName,$LOCALIZE[31057] ,]" />
                            <include>Defs_InfoList_OnClick</include>
                            <include>Defs_InfoList_OnBack</include>
                            <height>405</height>
                            <visible>!String.IsEmpty(ListItem.Set) | ListItem.IsCollection</visible>
                            <visible>!Skin.HasSetting(DisableInfoListSets)</visible>
                            <content target="videos" sortby="year" sortorder="ascending">$VAR[Def_Set_List]</content>
                        </include>
                        <!-- 1140 Set Cast -->
                        <include content="Info_Widget_Poster">
                            <param name="includecondition" value="Window.IsVisible(1140)" />
                            <param name="id" value="5077" />
                            <param name="groupid" value="7577" />
                            <param name="labelinclude" value="View_Cast_Label" />
                            <param name="label" value="$INFO[Container(5001).ListItem.Label,Cast of ,]" />
                            <onclick condition="!Skin.HasSetting(EnableExtendedInfo)">SetFocus(50)</onclick>
                            <onclick>SetFocus(5000)</onclick>
                            <onclick>SetFocus(300)</onclick>
                            <onclick>RunScript(plugin.video.themoviedb.helper,add_query=$INFO[Container(5077).ListItem.Label],type=person,call_auto=1190)</onclick>
                            <include>Defs_InfoList_OnBack</include>
                            <height>405</height>
                            <visible>!String.IsEmpty(Container(5001).ListItem.Property(tmdb_id)) + !Container(5001).IsUpdating</visible>
                            <content limit="25" target="videos">$VAR[Def_List_Cast]</content>
                        </include>
                        <!-- NextUp -->
                        <include content="Info_Widget_Poster">
                            <param name="includecondition" value="!Skin.HasSetting(DisableInfoListNextUp)" />
                            <param name="id" value="5047" />
                            <param name="groupid" value="7547" />
                            <param name="label" value="$LOCALIZE[31054]" />
                            <param name="itemwidth" value="item_landscape_width" />
                            <param name="iconheight" value="item_icon_height" />
                            <param name="diffuse" value="diffuse/landscape-wall.png" />
                            <param name="labelinclude" value="View_Cast_Video_Label" />
                            <param name="icon" value="$VAR[Image_Landscape]" />
                            <onclick>SetFocus(50)</onclick>
                            <onclick>SetFocus(300)</onclick>
                            <onclick>Dialog.Close(all,force)</onclick>
                            <onclick>PlayMedia($INFO[Container(5047).ListItem.FileNameAndPath])</onclick>
                            <include>Defs_InfoList_OnBack</include>
                            <height>405</height>
                            <content limit="3" sortby="playcount" sortorder="ascending">videodb://inprogresstvshows/$INFO[ListItem.DBID]/-2/?tvshowid=$INFO[ListItem.DBID]</content>
                            <visible>String.IsEqual(ListItem.DBTYPE,tvshow) | String.IsEqual(ListItem.DBTYPE,season)</visible>
                        </include>
                        <!-- Seasons -->
                        <include content="Info_Widget_Poster">
                            <param name="includecondition" value="!Skin.HasSetting(DisableInfoListSeasons)" />
                            <param name="id" value="5008" />
                            <param name="groupid" value="7508" />
                            <param name="label" value="Seasons" />
                            <onclick>SetFocus(50)</onclick>
                            <onclick>SetFocus(300)</onclick>
                            <onclick>Dialog.Close(all,force)</onclick>
                            <onclick>ActivateWindow(videos,$INFO[Container(5008).ListItem.FolderPath])</onclick>
                            <include>Defs_InfoList_OnBack</include>
                            <height>405</height>
                            <visible>String.IsEqual(ListItem.DBTYPE,tvshow)</visible>
                            <content limit="25" target="videos">$INFO[ListItem.DBID,videodb://tvshows/titles/,/]</content>
                        </include>
                        <!-- Director -->
                        <include content="Info_Widget_Poster">
                            <param name="includecondition" value="!Skin.HasSetting(DisableInfoListDirector)" />
                            <param name="id" value="5004" />
                            <param name="groupid" value="7504" />
                            <param name="label" value="$INFO[ListItem.Director,$LOCALIZE[31052] ,]" />
                            <include>Defs_InfoList_OnClick</include>
                            <include>Defs_InfoList_OnBack</include>
                            <height>405</height>
                            <visible>!String.IsEmpty(ListItem.Director)</visible>
                            <content target="videos" sortby="year" sortorder="descending" condition="String.IsEqual(ListItem.DBTYPE,movie) + Skin.HasSetting(EnableExtendedInfo) + System.HasAddon(plugin.video.themoviedb.helper)">$VAR[Def_Director_List]</content>
                        </include>
                        <!-- Crew -->
                        <include content="Info_Widget_Poster">
                            <param name="includecondition" value="Skin.HasSetting(EnableExtendedInfo) + !Skin.HasSetting(DisableInfoListCrew)" />
                            <param name="id" value="5011" />
                            <param name="groupid" value="7511" />
                            <param name="label" value="$LOCALIZE[30072]" />
                            <param name="labelinclude" value="View_Cast_Job_Label" />
                            <include>Defs_InfoList_OnClick</include>
                            <include>Defs_InfoList_OnBack</include>
                            <height>405</height>
                            <content limit="25" target="videos">plugin://plugin.video.themoviedb.helper/?info=crew&amp;type=$VAR[tmdb_type]&amp;$VAR[info_query]&amp;nextpage=false</content>
                        </include>

                        <!-- Extras -->
                        <include content="Info_Widget_Poster">
                            <param name="includecondition" value="!Skin.HasSetting(DisableInfoListExtras)" />
                            <param name="id" value="5048" />
                            <param name="groupid" value="7548" />
                            <param name="label" value="$LOCALIZE[31056]" />
                            <param name="itemwidth" value="item_landscape_width" />
                            <param name="iconheight" value="item_icon_height" />
                            <param name="diffuse" value="diffuse/landscape-wall.png" />
                            <param name="labelinclude" value="View_Cast_Video_Label" />
                            <param name="icon" value="$INFO[ListItem.Icon]" />
                            <onclick>SetFocus(50)</onclick>
                            <onclick>SetFocus(300)</onclick>
                            <onclick>Dialog.Close(all,force)</onclick>
                            <onclick>PlayMedia($INFO[Container(5048).ListItem.FileNameAndPath])</onclick>
                            <include>Defs_InfoList_OnBack</include>
                            <height>405</height>
                            <content limit="25" target="videos" sortby="file">$VAR[Defs_VideoInfo_Extras]</content>
                            <visible>String.IsEqual(ListItem.DBTYPE,movie) | String.IsEqual(ListItem.DBTYPE,tvshow) | String.IsEqual(ListItem.DBTYPE,season) | String.IsEqual(ListItem.DBTYPE,episode)</visible>
                        </include>

                        <!-- Recommended -->
                        <include content="Info_Widget_Poster">
                            <param name="includecondition" value="Skin.HasSetting(EnableExtendedInfo) + !Skin.HasSetting(DisableInfoListRecommended)" />
                            <param name="id" value="5002" />
                            <param name="groupid" value="7502" />
                            <param name="label" value="$LOCALIZE[30042]" />
                            <include>Defs_InfoList_OnClick</include>
                            <include>Defs_InfoList_OnBack</include>
                            <height>405</height>
                            <content limit="25" target="videos">plugin://plugin.video.themoviedb.helper/?info=recommendations&amp;type=$VAR[tmdb_type]&amp;$VAR[info_query]&amp;nextpage=false</content>
                        </include>
                        <!-- Similar -->
                        <include content="Info_Widget_Poster">
                            <param name="includecondition" value="Skin.HasSetting(EnableExtendedInfo) + !Skin.HasSetting(DisableInfoListSimilar)" />
                            <param name="id" value="5003" />
                            <param name="groupid" value="7503" />
                            <param name="label" value="$INFO[ListItem.Title,$LOCALIZE[31051] ,]" />
                            <include>Defs_InfoList_OnClick</include>
                            <include>Defs_InfoList_OnBack</include>
                            <height>405</height>
                            <visible>!String.IsEmpty(ListItem.IMDBNumber)</visible>
                            <content limit="25" target="videos">$VAR[Def_Similar_List]</content>
                        </include>

                        <!-- Year -->
                        <include content="Info_Widget_Poster">
                            <param name="includecondition" value="Skin.HasSetting(EnableExtendedInfo) + !Skin.HasSetting(DisableInfoListYear)" />
                            <param name="id" value="5006" />
                            <param name="groupid" value="7506" />
                            <param name="label" value="$INFO[ListItem.Year,$LOCALIZE[31053] ,]" />
                            <include>Defs_InfoList_OnClick</include>
                            <include>Defs_InfoList_OnBack</include>
                            <height>405</height>
                            <visible>!String.IsEmpty(ListItem.Year)</visible>
                            <content limit="25" target="videos" condition="String.IsEqual(ListItem.DBTYPE,movie) + Skin.HasSetting(EnableExtendedInfo) + System.HasAddon(plugin.video.themoviedb.helper)">plugin://plugin.video.themoviedb.helper?info=discover&amp;type=$VAR[tmdb_type]&amp;primary_release_year=$INFO[ListItem.Year]&amp;exclude_key=title&amp;exclude_value=$INFO[ListItem.Title]&amp;nextpage=false</content>
                            <content limit="25" target="videos" condition="String.IsEqual(ListItem.DBTYPE,tvshow) + Skin.HasSetting(EnableExtendedInfo) + System.HasAddon(plugin.video.themoviedb.helper)">plugin://plugin.video.themoviedb.helper?info=discover&amp;type=$VAR[tmdb_type]&amp;first_air_date_year=$INFO[ListItem.Year]&amp;nextpage=false</content>
                            <content limit="25" target="videos" condition="String.IsEqual(ListItem.DBTYPE,movie)">videodb://movies/titles/?xsp=%7b%22rules%22%3a%7b%22and%22%3a%5b%7b%22field%22%3a%22year%22%2c%22operator%22%3a%22is%22%2c%22value%22%3a%5b%22$INFO[ListItem.Year]%22%5d%7d%5d%7d%2c%22type%22%3a%22movies%22%7d</content>
                            <content limit="25" target="videos" condition="String.IsEqual(ListItem.DBTYPE,tvshow)">videodb://tvshows/titles/?xsp=%7b%22rules%22%3a%7b%22and%22%3a%5b%7b%22field%22%3a%22year%22%2c%22operator%22%3a%22is%22%2c%22value%22%3a%5b%22$INFO[ListItem.Year]%22%5d%7d%5d%7d%2c%22type%22%3a%22tvshows%22%7d</content>
                        </include>
                        <!-- Genre -->
                        <include content="Info_Widget_Poster">
                            <param name="includecondition" value="Skin.HasSetting(EnableExtendedInfo) + !Skin.HasSetting(DisableInfoListGenre)" />
                            <param name="id" value="5007" />
                            <param name="groupid" value="7507" />
                            <param name="label" value="$INFO[ListItem.Genre]" />
                            <include>Defs_InfoList_OnClick</include>
                            <include>Defs_InfoList_OnBack</include>
                            <height>405</height>
                            <visible>!String.IsEmpty(ListItem.Genre)</visible>
                            <content limit="25" target="videos">plugin://plugin.video.themoviedb.helper?info=discover&amp;type=$VAR[tmdb_type]&amp;with_genres=$INFO[ListItem.Genre]&amp;exclude_key=title&amp;exclude_value=$INFO[ListItem.Title]&amp;nextpage=false</content>
                        </include>

                        <!-- Cast Stars In -->
                        <include content="Info_Widget_Poster">
                            <param name="includecondition" value="Skin.HasSetting(EnableExtendedInfo) + !Skin.HasSetting(DisableInfoListCastFeature)" />
                            <param name="id" value="5009" />
                            <param name="groupid" value="7509" />
                            <param name="label" value="$LOCALIZE[31055]" />
                            <include>Defs_InfoList_OnClick</include>
                            <include>Defs_InfoList_OnBack</include>
                            <height>405</height>
                            <visible>String.IsEqual(ListItem.DBTYPE,movie) + Integer.IsGreater(Container(50).NumItems,0)</visible>
                            <content limit="25" target="videos" condition="String.IsEqual(ListItem.DBTYPE,movie) + Skin.HasSetting(EnableExtendedInfo) + System.HasAddon(plugin.video.themoviedb.helper)">plugin://plugin.video.themoviedb.helper/?info=discover&amp;type=$VAR[tmdb_type]&amp;with_cast=$INFO[Container(50).ListItemAbsolute(0).Label]$INFO[Container(50).ListItemAbsolute(1).Label, / ,]$INFO[Container(50).ListItemAbsolute(2).Label, / ,]&amp;with_separator=OR&amp;exclude_key=title&amp;exclude_value=$INFO[ListItem.Title]&amp;nextpage=false</content>
                            <content limit="25" target="videos" condition="String.IsEqual(ListItem.DBTYPE,movie)">videodb://movies/titles/?xsp=%7B%22rules%22%3A%7B%22or%22%3A%5B%7B%22field%22%3A%22actor%22%2C%22operator%22%3A%22is%22%2C%22value%22%3A%5B%22$INFO[Container(50).ListItemAbsolute(0).Label]%22%5D%7D%2C%7B%22field%22%3A%22actor%22%2C%22operator%22%3A%22is%22%2C%22value%22%3A%5B%22$INFO[Container(50).ListItemAbsolute(1).Label]%22%5D%7D%2C%7B%22field%22%3A%22actor%22%2C%22operator%22%3A%22is%22%2C%22value%22%3A%5B%22$INFO[Container(50).ListItemAbsolute(2).Label]%22%5D%7D%2C%7B%22field%22%3A%22actor%22%2C%22operator%22%3A%22is%22%2C%22value%22%3A%5B%22$INFO[Container(50).ListItemAbsolute(3).Label]%22%5D%7D%2C%7B%22field%22%3A%22actor%22%2C%22operator%22%3A%22is%22%2C%22value%22%3A%5B%22$INFO[Container(50).ListItemAbsolute(4).Label]%22%5D%7D%2C%7B%22field%22%3A%22actor%22%2C%22operator%22%3A%22is%22%2C%22value%22%3A%5B%22$INFO[Container(50).ListItemAbsolute(5).Label]%22%5D%7D%2C%7B%22field%22%3A%22actor%22%2C%22operator%22%3A%22is%22%2C%22value%22%3A%5B%22$INFO[Container(50).ListItemAbsolute(6).Label]%22%5D%7D%5D%7D%2C%22type%22%3A%22movies%22%7D</content>
                        </include>

                        <!-- Studio -->
                        <include content="Info_Widget_Poster">
                            <param name="includecondition" value="Skin.HasSetting(EnableExtendedInfo) + !Skin.HasSetting(DisableInfoListStudio)" />
                            <param name="id" value="5005" />
                            <param name="groupid" value="7505" />
                            <param name="label" value="$INFO[ListItem.Studio,$LOCALIZE[31053] ,]" />
                            <include>Defs_InfoList_OnClick</include>
                            <include>Defs_InfoList_OnBack</include>
                            <height>405</height>
                            <visible>!String.IsEmpty(ListItem.Studio)</visible>
                            <content limit="25" target="videos" condition="String.IsEqual(ListItem.DBTYPE,movie) + Skin.HasSetting(EnableExtendedInfo) + System.HasAddon(plugin.video.themoviedb.helper)">$VAR[Def_Studio_List]</content>
                        </include>

                        <!-- Youtube -->
                        <include content="Info_Widget_Poster">
                            <param name="includecondition" value="System.HasAddon(plugin.video.youtube) + Skin.HasSetting(EnableExtendedInfo) + !Skin.HasSetting(DisableInfoListYouTube)" />
                            <param name="id" value="5049" />
                            <param name="groupid" value="7549" />
                            <param name="label" value="$LOCALIZE[31141]" />
                            <param name="itemwidth" value="item_landscape_width" />
                            <param name="iconheight" value="item_icon_height" />
                            <param name="diffuse" value="diffuse/landscape-wall.png" />
                            <param name="labelinclude" value="View_Cast_Video_Label" />
                            <param name="icon" value="$INFO[ListItem.Icon]" />
                            <onclick>RunScript(plugin.video.themoviedb.helper,close_dialog=1190)</onclick>
                            <onclick>PlayMedia($INFO[Container(5049).ListItem.FileNameAndPath])</onclick>
                            <include>Defs_InfoList_OnBack</include>
                            <height>405</height>
                            <content limit="10" target="videos" sortby="file" condition="!String.IsEmpty(ListItem.TvShowTitle) + System.HasAddon(plugin.video.youtube)">$INFO[ListItem.TvShowTitle,plugin://plugin.video.youtube/search/?q=,]</content>
                            <content limit="10" target="videos" sortby="file" condition="!String.IsEmpty(ListItem.Artist) + System.HasAddon(plugin.video.youtube)">$INFO[ListItem.Artist,plugin://plugin.video.youtube/search/?q=,]</content>
                            <content limit="10" target="videos" sortby="file" condition="!String.IsEmpty(ListItem.Title) + System.HasAddon(plugin.video.youtube)">$INFO[ListItem.Title,plugin://plugin.video.youtube/search/?q=,]</content>
                            <content limit="10" target="videos" sortby="file" condition="System.HasAddon(plugin.video.youtube)">$INFO[ListItem.Label,plugin://plugin.video.youtube/search/?q=,]</content>
                            <visible>String.IsEqual(ListItem.DBTYPE,movie) | String.IsEqual(ListItem.DBTYPE,tvshow) | String.IsEqual(ListItem.DBTYPE,season) | String.IsEqual(ListItem.DBTYPE,episode)</visible>
                        </include>

                        <!-- Posters -->
                        <include content="Info_Widget_Poster">
                            <param name="includecondition" value="Skin.HasSetting(EnableExtendedInfo) + !Skin.HasSetting(DisableInfoListPosters)" />
                            <param name="id" value="5059" />
                            <param name="groupid" value="7559" />
                            <param name="label" value="$LOCALIZE[30043]" />
                            <onclick>SetFocus(9559)</onclick>
                            <include>Defs_InfoList_OnBack</include>
                            <height>405</height>
                            <visible>String.IsEqual(ListItem.DBTYPE,movie) | String.IsEqual(ListItem.DBTYPE,tvshow)</visible>
                            <content target="images">plugin://plugin.video.themoviedb.helper/?info=posters&amp;type=$VAR[tmdb_type]&amp;$VAR[info_query]&amp;nextpage=false</content>
                        </include>

                    </control>
                </control>

                <include content="Info_Gallery">
                    <param name="id" value="6000" />
                    <onleft>noop</onleft>
                    <onright>noop</onright>
                    <onback condition="!Skin.HasSetting(EnableExtendedInfo)">SetFocus(50)</onback>
                    <onback>SetFocus(5000)</onback>
                    <onback>300</onback>
                    <onclick>SetFocus(9569)</onclick>
                    <!-- <include condition="String.IsEmpty(ListItem.Property(tmdb_id)) + [!String.IsEmpty(ListItem.Art(fanart1)) | !String.IsEmpty(ListItem.Art(discart))]">Items_Info_Gallery</include> -->
                    <content condition="!String.IsEmpty(ListItem.Property(tmdb_id)) | [String.IsEmpty(ListItem.Art(fanart1)) + String.IsEmpty(ListItem.Art(discart))]">plugin://plugin.video.themoviedb.helper/?info=fanart&amp;type=$VAR[tmdb_type]&amp;$VAR[info_query]&amp;nextpage=false</content>
                    <visible>Integer.IsGreater(Container(6000).NumItems,0) | Container(6000).IsUpdating</visible>
                </include>
                <control type="group"></control>
            </control>
        </control>

        <control type="group">
            <visible>ControlGroup(300).HasFocus()</visible>
            <!-- Codecs -->
            <include content="Object_Codecs">
                <param name="infohide" value="false" />
            </include>

            <!-- Languages -->
            <control type="group">
                <visible>!Control.HasFocus(8101)</visible>
                <include content="Object_Languages">
                    <param name="infohide" value="false" />
                </include>
            </control>

            <!-- File Path -->
            <include content="Object_Icon_Details">
                <param name="visible" value="Control.HasFocus(8101)" />
                <param name="icon" value="buttons/disk.png" />
                <param name="haspath" value="true" />
                <param name="label" value="$INFO[ListItem.FileNameAndPath]" />
            </include>
        </control>

        <include content="Info_ImageViewer">
            <param name="listid" value="5059" />
            <param name="buttonid" value="9559" />
        </include>
        <include content="Info_ImageViewer">
            <param name="listid" value="6000" />
            <param name="buttonid" value="9569" />
            <param name="art" value="Icon" />
        </include>
        <include>Object_PlotOverlay</include>
    </include>

    <include name="DialogPersonInfo">

        <!-- Person Info -->
        <control type="group">
            <top>view_top</top>
            <left>view_pad</left>
            <right>view_pad</right>
            <include content="Object_Info_Arrows">
                <param name="artworkid" value="750" />
            </include>
            <include>Animation_FadeInOut</include>
            <control type="grouplist" id="9000">
                <top>-15</top>
                <left>-15</left>
                <right>-15</right>
                <height>920</height>
                <orientation>vertical</orientation>
                <itemgap>0</itemgap>
                <control type="group" id="3000">
                    <height>920</height>
                    <control type="group">
                        <top>15</top>
                        <left>15</left>
                        <right>15</right>
                        <height>view_list_height</height>
                        <!-- Poster -->
                        <include content="View_50_Poster">
                            <param name="include" value="Animation_Left_Delay" />
                            <param name="defaulticonvisible" value="false" />
                            <param name="icon" value="$INFO[ListItem.Art(poster)]" />
                            <param name="diffuse" value="diffuse/poster-big.png" />
                        </include>

                        <!-- Info -->
                        <control type="group" id="300">
                            <top>-15</top>
                            <left>580</left>
                            <include>Animation_Right_Delay</include>
                            <control type="grouplist">
                                <orientation>vertical</orientation>
                                <usecontrolcoords>true</usecontrolcoords>
                                <itemgap>0</itemgap>
                                <include content="Object_Info_Title">
                                    <param name="label" value="$INFO[ListItem.Label]" />
                                </include>
                                <include content="Object_Info_Line_Label">
                                    <param name="label" value="[CAPITALIZE]$INFO[ListItem.Property(Birthday),[COLOR=main_fg_100],[/COLOR]]$INFO[ListItem.Property(Born),  | [COLOR=main_fg_100],[/COLOR]]$INFO[ListItem.Property(Age),  | [COLOR=main_fg_100], $LOCALIZE[31356][/COLOR]]$INFO[ListItem.Property(Deathday),  | [COLOR=main_fg_100]$LOCALIZE[21897] ,[/COLOR]][/CAPITALIZE]" />
                                    <param name="textcolor" value="$VAR[ColorHighlight]" />
                                    <param name="divider" value="false" />
                                </include>
                                <include content="Object_Info_Plot">
                                    <param name="label" value="$INFO[ListItem.Property(biography)]" />
                                    <param name="maxheight" value="600" />
                                    <param name="height" value="600" />
                                </include>
                            </control>
                            <control type="button" id="3100">
                                <onup>9601</onup>
                                <ondown>5001</ondown>
                                <onfocus>SetProperty(Header_Left_Text,Person)</onfocus>
                                <include>Defs_Hidden_Button</include>
                            </control>
                        </control>
                    </control>
                </control>
                <control type="group" id="4000">
                    <height>920</height>
                    <control type="grouplist" id="4100">
                        <top>-5</top>

                        <onup>3100</onup>
                        <ondown>6000</ondown>
                        <height>920</height>
                        <orientation>vertical</orientation>
                        <itemgap>-52</itemgap>
                        <usecontrolcoords>true</usecontrolcoords>
                        <control type="group" id="7599">
                            <height>0</height>
                        </control>
                        <!-- List 01 -->
                        <include content="Info_Widget_Poster">
                            <param name="includecondition" value="true" />
                            <param name="id" value="5001" />
                            <param name="groupid" value="7501" />
                            <param name="label" value="Movies as Cast Member" />
                            <param name="labelinclude" value="View_Cast_Character_Label" />
                            <include content="Defs_InfoList_OnClick">
                                <param name="prevent_del" value="noop" />
                            </include>
                            <include>Defs_InfoList_OnBack</include>
                            <content limit="10" target="videos">plugin://plugin.video.themoviedb.helper?info=stars_in_movies&amp;type=person&amp;tmdb_id=$INFO[ListItem.Property(tmdb_id)]</content>
                        </include>
                        <!-- List 02 -->
                        <include content="Info_Widget_Poster">
                            <param name="includecondition" value="true" />
                            <param name="id" value="5002" />
                            <param name="groupid" value="7502" />
                            <param name="label" value="TV Shows as Cast Member" />
                            <param name="labelinclude" value="View_Cast_Character_Label" />
                            <include content="Defs_InfoList_OnClick">
                                <param name="prevent_del" value="noop" />
                            </include>
                            <include>Defs_InfoList_OnBack</include>
                            <content limit="10" target="videos">plugin://plugin.video.themoviedb.helper?info=stars_in_tvshows&amp;type=person&amp;tmdb_id=$INFO[ListItem.Property(tmdb_id)]</content>
                        </include>
                        <!-- List 03 -->
                        <include content="Info_Widget_Poster">
                            <param name="includecondition" value="true" />
                            <param name="id" value="5003" />
                            <param name="groupid" value="7503" />
                            <param name="label" value="Movies as Crew Member" />
                            <param name="labelinclude" value="View_Cast_Job_Label" />
                            <include content="Defs_InfoList_OnClick">
                                <param name="prevent_del" value="noop" />
                            </include>
                            <include>Defs_InfoList_OnBack</include>
                            <content limit="10" target="videos">plugin://plugin.video.themoviedb.helper?info=crew_in_movies&amp;type=person&amp;tmdb_id=$INFO[ListItem.Property(tmdb_id)]</content>
                        </include>
                        <!-- List 05 -->
                        <include content="Info_Widget_Poster">
                            <param name="includecondition" value="true" />
                            <param name="id" value="5005" />
                            <param name="groupid" value="7505" />
                            <param name="label" value="TV Shows as Crew Member" />
                            <param name="labelinclude" value="View_Cast_Job_Label" />
                            <include content="Defs_InfoList_OnClick">
                                <param name="prevent_del" value="noop" />
                            </include>
                            <include>Defs_InfoList_OnBack</include>
                            <content limit="10" target="videos">plugin://plugin.video.themoviedb.helper?info=crew_in_tvshows&amp;type=person&amp;tmdb_id=$INFO[ListItem.Property(tmdb_id)]</content>
                        </include>
                        <!-- List 06 -->
                        <include content="Info_Widget_Poster">
                            <param name="includecondition" value="true" />
                            <param name="id" value="5006" />
                            <param name="groupid" value="7506" />
                            <param name="label" value="Images" />
                            <onclick>SetFocus(9506)</onclick>
                            <include>Defs_InfoList_OnBack</include>
                            <content limit="10" target="videos">plugin://plugin.video.themoviedb.helper?info=images&amp;type=person&amp;tmdb_id=$INFO[ListItem.Property(tmdb_id)]</content>
                        </include>
                    </control>
                </control>
            </control>
        </control>

        <include>Info_ImageViewer</include>
    </include>
</includes>
