<?xml version="1.0" encoding="UTF-8"?>
<addon id="skin.cosmic" version="1.0.60" name="Cosmic" provider-name="heppen (nfm886)">
  <requires>
    <import addon="xbmc.gui" version="5.15.0"/>
    <import addon="script.skinshortcuts" version="1.1.5"/>
    <import addon="script.embuary.info" version="2.0.8"/>
    <import addon="plugin.video.themoviedb.helper" version="4.3.0"/>
    <import addon="script.embuary.helper" version="2.0.8"/>
    <import addon="resource.images.studios.white" version="0.0.28"/>
    <import addon="resource.images.studios.coloured" version="0.0.20"/>
    <import addon="resource.images.weathericons.white" version="0.0.6"/>
    <import addon="resource.images.moviegenreicons.transparent" version="0.0.6"/>
    <import addon="resource.images.moviecountryicons.maps" version="0.0.1"/>
  </requires>
  <extension point="xbmc.gui.skin" debugging="false">
    <res width="1920" height="1080" aspect="16:9" default="true" folder="xml"/>
  </extension>
  <extension point="xbmc.addon.metadata">
    <news>1.0.60[CR]Fixed: Menu behavior with icons only menu style[CR]Improved: Animations time in Classic layout[CR]Fixed: Spacing in Classic layout[CR]Added: Left margin to Flix spotlight[CR]Changed: MediaMenu appearance[CR]1.0.59[CR]Changed: Classic layout[CR]Changed: Diffuse for different aspect ratios[CR]Added: ColorOverlay to different aspect ratios background color[CR]Removed: Divider from info line[CR]Improved: Menu behavior in Classic layout[CR]Fixed: Clearlogo in Classic layout[CR]Added: Fanart animation to Classic layout when Flix spotlight is active[CR]1.0.58[CR]Fixed: Triggering Flix Spotlight onback[CR]1.0.57[CR]Changed: Background aspect ratio[CR]Fixed: Auto close PVR Channel Guide[CR]1.0.56[CR]Fixed: Items not being playable when Flix spotlight is disabled[CR]Improved: Horizontal layout[CR]1.0.55[CR]Fixed: Displayed title in Horizontal layout[CR]Fixed: PVR channel guide modern visibility[CR]Added: Animations to Horizontal layout[CR]1.0.54[CR]Fixed: Chapters position in DialogSeekBar[CR]Fixed: PlayerControl(Stop) condition when music is playing[CR]Removed: Overlay under main menu from Classic layout[CR]Changed: New Horizontal layout initial commit[CR]Improved: Animation when leaving Flix Spotlight and trailer is playing[CR]Improved: Flix Spotlight[CR]Fixed: Hide unnecessary settings when Horizontal layout is used[CR]Fixed: Bottom panel visibility in Horizontal layout[CR]Fixed: Poster aspect ratio in Horizontal layout[CR]Fixed: PVR showcase in Horizontal layout[CR]Fixed: Widgets labels in Horizontal layout[CR]Fixed: Disable Flix Spotlight for music content[CR]Fixed: Background fanart dimensions in Horizontal layout[CR]Fixed: Posters aspect ratio in Horizontal layout[CR]1.0.53[CR]Changed: DialogPVRChannelsOSD appearance[CR]Changed: DialogPVRChannelGuide appearance[CR]Added: Shadow spot to Flix Spotlight for increasing readability when FS trailer playing[CR]Fixed: Show shadow spot only when fullscreen trailer is playing[CR]Added: Shadow spot to Flix Spotlight L2 for increasing readability when FS trailer playing[CR]1.0.52[CR]Added: Dutch language (thanks to @djdirty60!)[CR]Fixed: Typo in "overlay playground"[CR]Added: Liberation Sans as simpler font[CR]Fixed: Freeze after opening Flix Spotlight when trailer is loading[CR]1.0.51[CR]Improved: Flix Spotlight movie/tvshow functions performance[CR]Removed: Background from main menu in Classic layout[CR]Fixed: Play button in Flix Spotlight in some scenarios[CR]Improved: More information tab in Flix Spotlight[CR]Fixed: Closing the tag[CR]Improved: Flix Spotlight[CR]Added: Option to set alpha value for home screen independently[CR]Fixed: Alpha value for other views than home screen[CR]Fixed: Hide overlays in Vertical layout when blur is enabled[CR]Added: Colored overlay for Flix spotlight in Vertical layout managed by global alpha value[CR]</news>
    <summary lang="en_GB">Simple, lightweight and innovative skin by heppen.</summary>
    <summary lang="pl_PL">Prosta, lekka i innowacyjna skórka autorstwa heppen.</summary>
    <description lang="en_GB">The skin is designed to allow the user to focus on media consumption. It provides many innovative solutions that every movie lover will appreciate.</description>
    <description lang="pl_PL">Skórka została zaprojektowana, aby użytkownik mógł skupić się na konsumpcji mediów. Udostępnia wiele innowacyjnych rozwiązań, które doceni każdy kinoman.</description>
    <platform>all</platform>
    <license>Creative Commons Attribution Non-Commercial Share-Alike 4.0</license>
    <forum>https://forum.kodi.tv/showthread.php?tid=363714</forum>
    <source>https://github.com/nfm886/skin.cosmic</source>
    <assets>
      <icon>resources/icon.png</icon>
      <fanart>resources/fanart.jpg</fanart>
      <screenshot>resources/screenshot-01.jpg</screenshot>
      <screenshot>resources/screenshot-02.jpg</screenshot>
      <screenshot>resources/screenshot-03.jpg</screenshot>
      <screenshot>resources/screenshot-04.jpg</screenshot>
      <screenshot>resources/screenshot-05.jpg</screenshot>
      <screenshot>resources/screenshot-06.jpg</screenshot>
    </assets>
  </extension>
</addon>
