<?xml version="1.0" encoding="UTF-8"?>
<window>
  <defaultcontrol always="true">50</defaultcontrol>
  <backgroundcolor>Background</backgroundcolor>
  <views>50</views>
  <controls>
    <include>DefaultBackground</include>
    <control type="group">
      <animation effect="fade" start="100" end="0" time="200" tween="sine" condition="$EXP[infodialog_active]">Conditional</animation>
      <control type="group">
        <width>1700</width>
        <height>850</height>
        <left>110</left>
        <top>115</top>
        <include>OpenClose_Bottom</include>
        <control type="image">
          <width>1700</width>
          <height>850</height>
          <left>0</left>
          <top>0</top>
          <texture colordiffuse="dialog_bg_100" border="5">common/box.png</texture>
          <bordertexture border="24">common/shadow-dialog-24.png</bordertexture>
          <bordersize>24</bordersize>
        </control>
        <control type="group">
          <visible>Control.IsVisible(50)</visible>
          <control type="fixedlist" id="50">
            <left>535</left>
            <top>list_y_offset</top>
            <right>25</right>
            <bottom>list_y_offset</bottom>
            <onleft>9000</onleft>
            <onright>60</onright>
            <onup>50</onup>
            <movement>2</movement>
            <focusposition>3</focusposition>
            <ondown>50</ondown>
            <viewtype label="535">list</viewtype>
            <pagecontrol>60</pagecontrol>
            <scrolltime tween="cubic" easing="out">500</scrolltime>
            <itemlayout height="141">
              <control type="image">
                <left>10</left>
                <top>10</top>
                <width>120</width>
                <height>120</height>
                <texture fallback="DefaultAddon.png">$INFO[Listitem.Icon]</texture>
                <aspectratio>scale</aspectratio>
                <bordertexture colordiffuse="border_alpha">colors/black.png</bordertexture>
                <bordersize>4</bordersize>
              </control>
              <control type="label">
                <left>160</left>
                <right>400</right>
                <top>10</top>
                <height>35</height>
                <aligny>center</aligny>
                <font>font37</font>
                <label>$INFO[ListItem.Label]</label>
              </control>
              <control type="textbox">
                <left>160</left>
                <top>45</top>
                <right>20</right>
                <height>80</height>
                <aligny>top</aligny>
                <textcolor>grey</textcolor>
                <label>$INFO[ListItem.Property(Event.Description)]</label>
              </control>
              <control type="label">
                <left>0</left>
                <right>30</right>
                <top>10</top>
                <height>35</height>
                <align>right</align>
                <aligny>center</aligny>
                <label>$INFO[ListItem.Label2]</label>
              </control>
            </itemlayout>
            <focusedlayout height="141">
              <control type="group">
                <left>0</left>
                <top>0</top>
                <right>0</right>
                <bottom>0</bottom>
                <control type="image">
                  <texture colordiffuse="$VAR[ColorHighlight]" border="10">common/white.png</texture>
                </control>
                <control type="image">
                  <texture colordiffuse="$VAR[ColorGradient]" border="10">common/white-gradient.png</texture>
                </control>
                <visible>Control.HasFocus(50)</visible>
              </control>
              <control type="image">
                <left>10</left>
                <top>10</top>
                <width>120</width>
                <height>120</height>
                <texture fallback="DefaultAddon.png">$INFO[Listitem.Icon]</texture>
                <aspectratio>scale</aspectratio>
                <bordertexture colordiffuse="border_alpha">colors/black.png</bordertexture>
                <bordersize>4</bordersize>
              </control>
              <control type="label">
                <left>160</left>
                <right>400</right>
                <top>10</top>
                <height>35</height>
                <aligny>center</aligny>
                <font>font37</font>
                <textcolor>main_fg_70</textcolor>
                <label>$INFO[ListItem.Label]</label>
              </control>
              <control type="textbox">
                <left>160</left>
                <top>45</top>
                <right>20</right>
                <height>80</height>
                <aligny>top</aligny>
                <label>$INFO[ListItem.Property(Event.Description)]</label>
              </control>
              <control type="label">
                <left>0</left>
                <right>30</right>
                <top>10</top>
                <height>35</height>
                <align>right</align>
                <aligny>center</aligny>
                <label>$INFO[ListItem.Label2]</label>
              </control>
            </focusedlayout>
          </control>
        </control>
        <control type="group">
          <depth>DepthContentPanel</depth>
          <left>20</left>
          <include content="DefaultSettingButtonGradient">
            <param name="id" value="9000"/>
            <param name="height" value="110"/>
            <top>120</top>
            <width>515</width>
            <height>110</height>
            <!-- <right>0</right> -->
            <visible>ControlGroup(9000).HasFocus()</visible>
          </include>
          <control type="grouplist" id="9000">
            <orientation>vertical</orientation>
            <itemgap>0</itemgap>
            <left>0</left>
            <top>120</top>
            <onup>9000</onup>
            <ondown>9000</ondown>
            <onleft>50</onleft>
            <onright>50</onright>
            <usecontrolcoords>true</usecontrolcoords>
            <width>515</width>
            <control type="togglebutton" id="4">
              <height>110</height>
              <aligny>top</aligny>
              <textoffsetx>40</textoffsetx>
              <texturenofocus/>
              <texturefocus/>
              <alttexturenofocus/>
              <alttexturefocus/>
              <textoffsety>35</textoffsety>
              <label>$LOCALIZE[31032]: $LOCALIZE[584]</label>
              <altlabel>$LOCALIZE[31032]: $LOCALIZE[585]</altlabel>
            </control>
            <include content="PlaylistWindowButton">
              <param name="control_id" value="21"/>
              <param name="onclick" value=""/>
              <param name="label" value=""/>
            </include>
            <control type="radiobutton" id="22">
              <height>110</height>
              <aligny>top</aligny>
              <texturenofocus/>
              <texturefocus/>
              <textoffsetx>40</textoffsetx>
              <textoffsety>35</textoffsety>
            </control>
            <include content="PlaylistWindowButton">
              <param name="control_id" value="20"/>
              <param name="onclick" value=""/>
              <param name="label" value="$LOCALIZE[192]"/>
            </include>
            <include content="PlaylistWindowButton">
              <param name="control_id" value="501"/>
              <param name="onclick" value="ActivateWindow(systemsettings,logging)"/>
              <param name="label" value="$LOCALIZE[5]"/>
            </include>
          </control>
        </control>
        <control type="group">
          <control type="image">
            <description>Dialog Header image</description>
            <left>535</left>
            <top>120</top>
            <width>1</width>
            <height>620</height>
            <texture colordiffuse="main_fg_30">common/white.png</texture>
          </control>
        </control>
      </control>
      <control type="scrollbar" id="60">
        <right>0</right>
        <top>80</top>
        <width>12</width>
        <bottom>80</bottom>
        <onleft>50</onleft>
        <onright>9000</onright>
        <orientation>vertical</orientation>
        <animation effect="slide" end="6,0" time="300" tween="sine" easing="inout" condition="!Control.HasFocus(60)">conditional</animation>
        <visible>Control.IsVisible(50)</visible>
      </control>
    </control>
    <!-- <include content="TopBar">
      <param name="breadcrumbs_label" value="$LOCALIZE[31067]" />
    </include>
    <include>BottomBar</include> -->
  </controls>
</window>
