<?xml version="1.0" encoding="UTF-8"?>
<window>
  <defaultcontrol always="true">50</defaultcontrol>
  <backgroundcolor>Background</backgroundcolor>
  <views>50</views>
  <menucontrol>9000</menucontrol>
  <controls>
    <include>DefaultBackground</include>
    <control type="group">
      <animation effect="fade" start="100" end="0" time="200" tween="sine" condition="$EXP[infodialog_active]">Conditional</animation>
      <control type="group">
        <description>Guide Timeline</description>
        <visible>Control.IsVisible(50)</visible>
        <include>OpenClose_Bottom</include>
        <include>Visible_Right</include>
        <control type="group">
          <depth>DepthContentPanel</depth>
          <control type="image">
            <top>495</top>
            <left>100</left>
            <width>1720</width>
            <height>500</height>
            <texture colordiffuse="AltPosterBack" border="20">diffuse/poster-wall.png</texture>
            <brodersize>20</brodersize>
            <visible>Control.IsVisible(50)</visible>
          </control>
          <control type="group">
            <top>95</top>
            <left>100</left>
            <visible>Control.IsVisible(50)</visible>
            <control type="label">
              <font>font_tiny_title_uppercase</font>
              <label>$INFO[ListItem.Title]</label>
            </control>
            <control type="label">
              <right>100</right>
              <align>right</align>
              <font>font_tiny_title_uppercase</font>
              <label>$INFO[ListItem.ChannelName]</label>
            </control>
            <control type="image">
              <top>70</top>
              <left>0</left>
              <width>1720</width>
              <height>1</height>
              <texture colordiffuse="AltPosterBack">common/white.png</texture>
              <brodersize>20</brodersize>
            </control>
            <control type="group">
              <top>100</top>
              <include content="Object_Info_First_Line">
                <param name="visible_condi" value="true" />
              </include>
            </control>
            <control type="textbox">
              <top>160</top>
              <left>0</left>
              <width>1720</width>
              <height>145</height>
              <align>justify</align>
              <font>font13</font>
              <scroll>Skin.HasSetting(autoscroll)</scroll>
              <label>$INFO[ListItem.Plot]</label>
            </control>
          </control>
          <control type="group" id="63">
            <control type="epggrid" id="50">
              <top>450</top>
              <height>545</height>
              <left>105</left>
              <right>105</right>
              <orientation>vertical</orientation>
              <pagecontrol>60</pagecontrol>
              <scrolltime tween="linear" easing="out">250</scrolltime>
              <timeblocks>34</timeblocks>
              <rulerunit>6</rulerunit>
              <onleft>SetFocus(9000)</onleft>
              <onback>11</onback>
              <viewtype label="19298">list</viewtype>
              <progresstexture border="0,60,18,14" colordiffuse="$VAR[ColorHighlight]">windows/pvr/epg_progress_vertical.png</progresstexture>
              <rulerdatelayout width="1700" height="50" condition="$PARAM[has_rulerdate_layout]">
                <control type="label">
                  <width>1700</width>
                  <height>45</height>
                  <font>font_tiny_hintlabel</font>
                  <label>$INFO[ListItem.Label]</label>
                  <align>center</align>
                  <aligny>center</aligny>
                </control>
              </rulerdatelayout>
              <rulerlayout height="50" width="40">
                <control type="image" id="1">
                  <width>40</width>
                  <height>29</height>
                  <left>0</left>
                  <top>0</top>
                  <texture border="5">button-nofocus.png</texture>
                </control>
                <control type="label" id="2">
                  <left>10</left>
                  <top>0</top>
                  <width>34</width>
                  <height>29</height>
                  <font>font_tiny_hintlabel</font>
                  <aligny>center</aligny>
                  <selectedcolor>selected</selectedcolor>
                  <align>left</align>
                  <label>$INFO[ListItem.Label]</label>
                </control>
              </rulerlayout>
              <channellayout height="100" width="280">
                <animation effect="fade" start="110" time="200">UnFocus</animation>
                <control type="image" id="1">
                  <left>0</left>
                  <top>0</top>
                  <width>270</width>
                  <height>52</height>
                  <texture border="5">button-nofocus.png</texture>
                </control>
                <control type="label">
                  <left>5</left>
                  <top>5</top>
                  <width>40</width>
                  <height>35</height>
                  <font>font12</font>
                  <align>left</align>
                  <aligny>center</aligny>
                  <textcolor>grey</textcolor>
                  <selectedcolor>grey</selectedcolor>
                  <label>$INFO[ListItem.ChannelNumber]</label>
                </control>
                <control type="image">
                  <left>12</left>
                  <top>0</top>
                  <width>64</width>
                  <height>100</height>
                  <aligny>center</aligny>
                  <aspectratio>keep</aspectratio>
                  <texture>$INFO[ListItem.Icon]</texture>
                </control>
                <control type="label" id="1">
                  <left>94</left>
                  <top>0</top>
                  <width>160</width>
                  <height>100</height>
                  <font>font_tiny_hintlabel</font>
                  <aligny>center</aligny>
                  <align>left</align>
                  <label>$INFO[ListItem.ChannelName]</label>
                </control>
              </channellayout>
              <focusedchannellayout height="100" width="280">
                <control type="group">
                  <width>280</width>
                  <height>100</height>
                  <control type="image" id="1">
                    <left>0</left>
                    <top>0</top>
                    <width>270</width>
                    <height>52</height>
                    <texture border="5">button-focus.png</texture>
                  </control>
                  <control type="label">
                    <left>5</left>
                    <top>5</top>
                    <width>40</width>
                    <height>35</height>
                    <font>font12</font>
                    <align>left</align>
                    <aligny>center</aligny>
                    <textcolor>grey</textcolor>
                    <selectedcolor>grey</selectedcolor>
                    <label>$INFO[ListItem.ChannelNumber]</label>
                  </control>
                  <control type="image">
                    <left>12</left>
                    <top>0</top>
                    <width>64</width>
                    <aligny>center</aligny>
                    <aspectratio>keep</aspectratio>
                    <texture>$INFO[ListItem.Icon]</texture>
                  </control>
                  <control type="label" id="1">
                    <left>94</left>
                    <top>0</top>
                    <width>160</width>
                    <height>100</height>
                    <font>font_tiny_hintlabel</font>
                    <aligny>center</aligny>
                    <align>left</align>
                    <label>$INFO[ListItem.ChannelName]</label>
                  </control>
                </control>
              </focusedchannellayout>
              <itemlayout height="100" width="120">
                <control type="image" id="2">
                  <top>0</top>
                  <left>2</left>
                  <width>116</width>
                  <height>96</height>
                  <texture border="20" colordiffuse="bf777777">pvr/progressline-mid2.png</texture>
                </control>
                <control type="label" id="1">
                  <left>6</left>
                  <top>3</top>
                  <width>110</width>
                  <height>100</height>
                  <font>font12</font>
                  <aligny>center</aligny>
                  <selectedcolor>selected</selectedcolor>
                  <align>left</align>
                  <label>$INFO[ListItem.Label]</label>
                </control>
                <control type="image">
                  <left>5</left>
                  <top>28</top>
                  <width>30</width>
                  <height>20</height>
                  <texture>PVR-IsRecording.png</texture>
                  <visible>ListItem.IsRecording</visible>
                </control>
                <control type="image">
                  <left>5</left>
                  <top>28</top>
                  <width>20</width>
                  <height>20</height>
                  <texture>PVR-HasTimer.png</texture>
                  <visible>ListItem.HasTimer + !ListItem.IsRecording</visible>
                </control>
              </itemlayout>
              <focusedlayout height="100" width="120">
                <control type="image" id="2">
                  <top>0</top>
                  <left>2</left>
                  <width>116</width>
                  <height>96</height>
                  <texture border="20" colordiffuse="main_bg_30">pvr/progressline-mid2.png</texture>
                </control>
                <control type="image" id="2">
                  <width>40</width>
                  <height>52</height>
                  <left>0</left>
                  <top>0</top>
                  <aspectratio>stretch</aspectratio>
                  <texture border="3">epg-genres/$INFO[ListItem.Property(GenreType)].png</texture>
                </control>
                <control type="label" id="1">
                  <left>6</left>
                  <top>3</top>
                  <width>30</width>
                  <height>100</height>
                  <font>font12</font>
                  <aligny>center</aligny>
                  <selectedcolor>selected</selectedcolor>
                  <align>left</align>
                  <label>$INFO[ListItem.Label]</label>
                </control>
                <control type="image">
                  <left>5</left>
                  <top>28</top>
                  <width>30</width>
                  <height>20</height>
                  <texture>PVR-IsRecording.png</texture>
                  <visible>ListItem.IsRecording</visible>
                </control>
                <control type="image">
                  <left>5</left>
                  <top>28</top>
                  <width>20</width>
                  <height>20</height>
                  <texture>PVR-HasTimer.png</texture>
                  <visible>ListItem.HasTimer + !ListItem.IsRecording</visible>
                </control>
              </focusedlayout>
            </control>
          </control>
        </control>
        <control type="group">
          <top>1000</top>
          <left>60</left>
          <width>1800</width>
          <control type="image">
            <left>10</left>
            <top>10</top>
            <width>20</width>
            <height>30</height>
            <texture>icons/keyboard/arrowleft.png</texture>
            <animation effect="fade" start="0" end="100" time="150">VisibleChange</animation>
            <visible>Control.HasFocus(11) + Container(11).HasPrevious</visible>
          </control>
          <control type="image">
            <right>10</right>
            <top>10</top>
            <width>20</width>
            <height>30</height>
            <texture>icons/keyboard/arrowright.png</texture>
            <animation effect="fade" start="0" end="100" time="150">VisibleChange</animation>
            <visible>Control.HasFocus(11) + !String.IsEqual(Container(11).CurrentItem, Container(11).NumItems)</visible>
          </control>
          <control type="list" id="11">
            <top>0</top>
            <left>40</left>
            <right>40</right>
            <onleft>SetFocus(9000)</onleft>
            <onright>SetFocus(9000)</onright>
            <onup>50</onup>
            <ondown>50</ondown>
            <orientation>horizontal</orientation>
            <scrolltime>200</scrolltime>
            <visible>Control.IsVisible(50)</visible>
            <itemlayout height="50" width="344">
              <control type="image">
                <left>1</left>
                <top>0</top>
                <width>342</width>
                <height>49</height>
                <texture colordiffuse="60FFFFFF">colors/white50.png</texture>
              </control>
              <control type="label">
                <left>5</left>
                <width>344</width>
                <height>48</height>
                <align>center</align>
                <aligny>center</aligny>
                <label>$INFO[ListItem.Label]</label>
                <textcolor>lightgrey</textcolor>
              </control>
            </itemlayout>
            <focusedlayout height="50" width="344">
              <control type="image">
                <left>1</left>
                <top>0</top>
                <width>342</width>
                <height>49</height>
                <texture colordiffuse="$VAR[ColorHighlight]">common/white.png</texture>
              </control>
              <control type="label">
                <left>5</left>
                <width>344</width>
                <height>48</height>
                <align>center</align>
                <aligny>center</aligny>
                <scroll>true</scroll>
                <label>$INFO[ListItem.Label]</label>
              </control>
            </focusedlayout>
          </control>
        </control>
      </control>
      <include>PVRChannelNumberInput</include>
      <control type="group">
        <include content="MediaMenuCommon">
          <param name="visible">$EXP[MediaMenu]</param>
          <param name="onleft">50</param>
          <param name="onright">50</param>
          <param name="onback">50</param>
        </include>
        <!-- <include>MediaMenuNowPlaying</include> -->
      </control>
      <include content="TopBar">
        <param name="breadcrumbs_label" value="$VAR[BreadcrumbsPVRGuideVar]"/>
        <param name="sublabel" value=""/>
      </include>
    </control>
    <include>Defs_MediaMenuCommon</include>
    <control type="button" id="28">
      <include>HiddenObject</include>
    </control>
    <control type="label" id="29">
      <font/>
      <include>HiddenObject</include>
    </control>
    <control type="label" id="30">
      <font/>
      <include>HiddenObject</include>
    </control>
  </controls>
</window>
