<?xml version="1.0" encoding="UTF-8"?>
<window>
  <defaultcontrol>9000</defaultcontrol>
  <backgroundcolor>ff0f171e</backgroundcolor>
  <onunload>ClearProperty(TMDbHelper.WidgetContainer,home)</onunload>
  <onload>RunScript(script.skinshortcuts,type=buildxml&amp;mainmenuID=9000&amp;levels=5&amp;group=mainmenu|widgets|shutdown|searchmenu)</onload>
  <onload>SetProperty(TMDbHelper.Blur.Fallback,special://skin/media/common/background.jpg,Home)</onload>
  <onload>SetProperty(TMDbHelper.Blur.SourceImage,landscape,Home)</onload>
  <!-- set default selection box -->
  <onload condition="String.IsEmpty(Skin.String(HighlightSize))">Skin.SetString(HighlightSize,Bold)</onload>
  <!-- set colourful rating icons as default -->
  <onload condition="String.IsEmpty(Skin.String(Icons))">Skin.SetString(Icons,colorful)</onload>
  <onload condition="String.IsEmpty(Skin.String(Icons))">Skin.SetString(icons.label, $LOCALIZE[31295])</onload>
  <!-- load default values for overlay playground -->
  <onload condition="String.IsEmpty(Skin.String(HomeAlphaValue))">Skin.SetString(HomeAlphaValue,15)</onload>
  <onload condition="String.IsEmpty(Skin.String(AlphaValue))">Skin.SetString(AlphaValue,15)</onload>
  <onload condition="String.IsEmpty(Skin.String(TMDbHelper.Colors.Luminance))">Skin.SetString(TMDbHelper.Colors.Luminance,0.75)</onload>
  <onload condition="String.IsEmpty(Skin.String(TMDbHelper.Colors.Saturation))">Skin.SetString(TMDbHelper.Colors.Saturation,0.75)</onload>

  <onload condition="Skin.HasSetting(DisableBlur)">Skin.Reset(TMDbHelper.EnableBlur)</onload>
  <onload condition="!Skin.HasSetting(DisableBlur)">Skin.SetBool(TMDbHelper.EnableBlur)</onload>

  <controls>
    <control type="button" id="20000">
      <include>HiddenObject</include>
      <animation effect="fade" time="300" start="100" end="0">Focus</animation>
      <onfocus>SetFocus(2000)</onfocus>
      <onclick>noop</onclick>
      <visible allowhiddenfocus="true">Control.HasFocus(20000)</visible>
    </control>
    <control type="button" id="20001">
      <include>HiddenObject</include>
      <animation effect="fade" time="300" start="100" end="0">Focus</animation>
      <onfocus>SetFocus(2000)</onfocus>
      <onclick>noop</onclick>
      <visible allowhiddenfocus="true">Control.HasFocus(20001)</visible>
    </control>
    <include>DefaultBackground</include>
<!--     <control type="list" id="9989">
      <posx>-20</posx>
      <posy>-20</posy>
      <width>1</width>
      <height>1</height>
      <visible>true</visible>
      <onup>50</onup>
      <ondown>50</ondown>
      <onleft>50</onleft>
      <onright>50</onright>
      <itemlayout width="1" height="1">
      </itemlayout>
      <focusedlayout height="1" width="1">
      </focusedlayout>
      <content>
        <include>skinshortcuts-submenu-1</include>
      </content>
    </control> -->
    <control type="group">
      <include>Visible_Fade</include>
      <include>BlueTwilight_Main</include>
    </control>
  </controls>
</window>
