<?xml version="1.0" encoding="UTF-8"?>
<includes>
  <include name="View_505_Wall">
    <control type="group">
      <include>OpenClose_Bottom</include>
      <left>50</left>
      <top>0</top>
      <visible>Control.IsVisible(505)</visible>
      <include>Visible_Right</include>
      <control type="panel" id="505">
        <left>0</left>
        <top>0</top>
        <width>98%</width>
        <height>100%</height>
        <onleft>SetFocus(9000)</onleft>
        <onright>531</onright>
        <ondown>505</ondown>
        <viewtype label="31441">icon</viewtype>
        <include content="View_Forced">
          <param name="string" value="$LOCALIZE[31441]"/>
        </include>
        <preloaditems>2</preloaditems>
        <pagecontrol>531</pagecontrol>
        <orientation>horizontal</orientation>
        <scrolltime tween="cubic" easing="out">505</scrolltime>
        <visible>Container.Content(movies) | Container.Content(sets) | Container.Content(tvshows) | Container.Content(seasons) | Container.Content(episodes) | Container.Content(artists) | Container.Content(albums) | Container.Content(musicvideos) | Container.Content(addons) | Container.Content(images) | Container.Content(videos) | Container.Content(games)</visible>
        <itemlayout height="545" width="390" condition="Container.Content(movies) | Container.Content(videos) | Container.Content(sets) | Container.Content(tvshows) | Container.Content(seasons) | Container.Content(episodes) | Container.Content(images) | Container.Content(artists) | Container.Content(albums) | Container.Content(addons) | [Container.Content(musicvideos) + Skin.HasSetting(show_musicvideoposter)]">
          <control type="group">
            <top>120</top>
            <include>TilesMovieLayout</include>
          </control>
        </itemlayout>
        <focusedlayout height="545" width="390" condition="Container.Content(movies) | Container.Content(videos) | Container.Content(sets) | Container.Content(tvshows) | Container.Content(seasons) | Container.Content(episodes) | Container.Content(images) | Container.Content(artists) | Container.Content(albums) | Container.Content(addons) | [Container.Content(musicvideos) + Skin.HasSetting(show_musicvideoposter)]">
          <control type="group">
            <top>110</top>
            <include content="TilesMovieLayout">
              <param name="focused" value="true"/>
            </include>
          </control>
        </focusedlayout>
      </control>
    </control>
  </include>
</includes>
