<?xml version="1.0" encoding="UTF-8"?>
<includes>
    <include name="InfoWallPictureLayout">
        <param name="focused">false</param>
        <definition>
            <control type="image">
                <top>-10</top>
                <width>376</width>
                <height>380</height>
                <texture>dialogs/dialog-bg-nobo.png</texture>
                <bordertexture border="21">overlays/shadow.png</bordertexture>
                <bordersize>20</bordersize>
            </control>
            <control type="image">
                <top>-14</top>
                <left>-4</left>
                <width>384</width>
                <height>388</height>
                <texture colordiffuse="$VAR[ColorHighlight]">colors/grey.png</texture>
                <bordertexture border="21">overlays/shadow.png</bordertexture>
                <bordersize>20</bordersize>
                <visible>$PARAM[focused]</visible>
                <include condition="$PARAM[focused]">Animation_FocusTextureFade</include>
            </control>
            <control type="image">
                <left>20</left>
                <top>10</top>
                <width>336</width>
                <height>300</height>
                <texture border="2" background="true">$VAR[InfoWallThumbVar]</texture>
                <aspectratio>keep</aspectratio>
            </control>
            <control type="label">
                <left>20</left>
                <top>318</top>
                <width>338</width>
                <textoffsetx>20</textoffsetx>
                <height>20</height>
                <align>center</align>
                <aligny>center</aligny>
                <font>font12</font>
                <label>$INFO[ListItem.Label]</label>
            </control>
        </definition>
    </include>
    <include name="InfoWallMusicLayout">
        <param name="fallback_image">DefaultFolder.png</param>
        <param name="main_label">$INFO[ListItem.Artist]</param>
        <param name="sub_label">$INFO[ListItem.Title]</param>
        <param name="single_label">$INFO[ListItem.Label]</param>
        <param name="focused">false</param>
        <definition>
            <control type="image">
                <top>0</top>
                <width>316</width>
                <height>386</height>
                <texture>dialogs/dialog-bg-nobo.png</texture>
                <bordertexture border="21">overlays/shadow.png</bordertexture>
                <bordersize>20</bordersize>
            </control>
            <control type="image">
                <top>-4</top>
                <left>-4</left>
                <width>324</width>
                <height>394</height>
                <texture colordiffuse="$VAR[ColorHighlight]">colors/grey.png</texture>
                <bordertexture border="21">overlays/shadow.png</bordertexture>
                <bordersize>20</bordersize>
                <visible>$PARAM[focused]</visible>
                <include condition="$PARAM[focused]">Animation_FocusTextureFade</include>
            </control>
            <control type="image">
                <left>0</left>
                <top>0</top>
                <width>316</width>
                <height>316</height>
                <texture fallback="$PARAM[fallback_image]" background="true">$VAR[InfoWallThumbVar]</texture>
                <aspectratio>keep</aspectratio>
                <bordersize>20</bordersize>
            </control>
            <control type="textbox">
                <left>28</left>
                <top>289</top>
                <width>262</width>
                <height>80</height>
                <font>font12</font>
                <align>center</align>
                <aligny>center</aligny>
                <label>$PARAM[single_label]</label>
                <visible>!String.IsEqual(ListItem.DBType,album)</visible>
            </control>
            <control type="group">
                <visible>String.IsEqual(ListItem.DBType,album)</visible>
                <control type="label">
                    <left>29</left>
                    <top>300</top>
                    <width>260</width>
                    <label>$PARAM[sub_label]</label>
                    <font>font_tiny10</font>
                    <shadowcolor>text_shadow</shadowcolor>
                    <scroll>$PARAM[focused]</scroll>
                    <align>center</align>
                </control>
                <control type="label">
                    <left>29</left>
                    <top>328</top>
                    <width>260</width>
                    <label>$PARAM[main_label]</label>
                    <font>font12</font>
                    <shadowcolor>text_shadow</shadowcolor>
                    <scroll>$PARAM[focused]</scroll>
                    <align>center</align>
                </control>
            </control>
            <control type="group">
                <left>133</left>
                <top>2</top>
                <include condition="Skin.HasSetting(circle_rating) | Skin.HasSetting(circle_userrating)">RatingCircle</include>
            </control>
        </definition>
    </include>
    <include name="InfoWallEpisodeLayout">
        <param name="main_label">$INFO[ListItem.Title]</param>
        <param name="sub_label">$INFO[ListItem.TVShowTitle]</param>
        <param name="thumb_label">$INFO[ListItem.Season,,x]$INFO[ListItem.Episode]</param>
        <param name="fallback_image">DefaultTVShows.png</param>
        <param name="focused">false</param>
        <definition>
            <control type="image">
                <width>320</width>
                <height>320</height>
                <texture colordiffuse="ff1a1a1a" border="6">common/box.png</texture>
                <bordertexture border="28">common/shadow-24.png</bordertexture>
                <bordersize>24</bordersize>
            </control>
            <control type="image">
                <top>-5</top>
                <width>320</width>
                <height>260</height>
                <aspectratio scalediffuse="false">scale</aspectratio>
                <texture background="true" diffuse="diffuse/square-diffuse-thumb.png">$VAR[InfoWallThumbVar]</texture>
                <bordersize>24</bordersize>
            </control>
            <control type="label">
                <left>20</left>
                <top>200</top>
                <width>260</width>
                <label>$PARAM[thumb_label]</label>
                <font>font_tiny_hintlabel</font>
                <shadowcolor>text_shadow</shadowcolor>
                <align>right</align>
            </control>
            <control type="image">
                <left>20</left>
                <top>175</top>
                <width>32</width>
                <height>32</height>
                <texture>$VAR[WallWatchedIconVar]</texture>
            </control>
            <control type="textbox">
                <left>28</left>
                <top>220</top>
                <width>262</width>
                <height>80</height>
                <font>font_tiny_hintlabel</font>
                <align>center</align>
                <aligny>center</aligny>
                <label>$INFO[ListItem.Label]</label>
                <visible>Window.IsActive(videos)</visible>
            </control>
            <control type="group">
                <visible>!Window.IsActive(videos)</visible>
                <control type="label">
                    <left>28</left>
                    <top>190</top>
                    <width>262</width>
                    <label>$PARAM[sub_label]</label>
                    <font>font_tiny_hintlabel</font>
                    <shadowcolor>text_shadow</shadowcolor>
                    <scroll>$PARAM[focused]</scroll>
                    <align>center</align>
                </control>
                <control type="label">
                    <left>28</left>
                    <top>220</top>
                    <width>262</width>
                    <label>$PARAM[main_label]</label>
                    <font>font_tiny_hintlabel</font>
                    <shadowcolor>text_shadow</shadowcolor>
                    <scroll>$PARAM[focused]</scroll>
                    <align>center</align>
                </control>
            </control>
        </definition>
    </include>
    <include name="InfoWallMovieLayout">
        <param name="focused">false</param>
        <definition>
            <control type="group">
                <visible>String.IsEmpty(ListItem.Art(poster))</visible>
                <control type="image">
                    <left>15</left>
                    <top>-10</top>
                    <width>290</width>
                    <height>400</height>
                    <texture>dialogs/dialog-bg-nobo.png</texture>
                    <bordertexture border="21">overlays/shadow.png</bordertexture>
                    <bordersize>20</bordersize>
                </control>
                <control type="group">
                    <left>15</left>
                    <top>-10</top>
                    <width>290</width>
                    <height>400</height>
                    <control type="image">
                        <texture colordiffuse="$VAR[ColorHighlight]" border="10">common/white.png</texture>
                    </control>
                    <control type="image">
                        <texture colordiffuse="$VAR[ColorGradient]" border="10">common/white-gradient.png</texture>
                    </control>
                    <visible>$PARAM[focused]</visible>
                </control>
                <control type="textbox">
                    <left>40</left>
                    <top>244</top>
                    <width>242</width>
                    <height>120</height>
                    <font>font27</font>
                    <align>center</align>
                    <aligny>center</aligny>
                    <label>$INFO[ListItem.Label]</label>
                    <autoscroll time="2000" delay="3000" repeat="5000">$PARAM[focused]</autoscroll>
                    <visible>!ListItem.IsParentFolder</visible>
                </control>
                <control type="image">
                    <left>24</left>
                    <top>-1</top>
                    <width>272</width>
                    <height>270</height>
                    <texture fallback="DefaultMovies.png" background="true">$INFO[ListItem.Icon]</texture>
                    <aspectratio>scale</aspectratio>
                    <bordersize>20</bordersize>
                </control>
            </control>
            <control type="group">
                <visible>!String.IsEmpty(ListItem.Art(poster))</visible>
                <control type="group">
                    <left>30</left>
                    <top>5</top>
                    <width>260</width>
                    <height>385</height>
                    <control type="image">
                        <texture colordiffuse="$VAR[ColorHighlight]" border="10">common/white.png</texture>
                    </control>
                    <control type="image">
                        <texture colordiffuse="$VAR[ColorGradient]" border="10">common/white-gradient.png</texture>
                    </control>
                    <visible>$PARAM[focused]</visible>
                    <include condition="$PARAM[focused]">Animation_FocusTextureFade</include>
                </control>
                <control type="image">
                    <left>15</left>
                    <top>-10</top>
                    <width>290</width>
                    <height>415</height>
                    <texture background="true">$INFO[ListItem.Art(poster)]</texture>
                    <aspectratio>scale</aspectratio>
                    <bordersize>20</bordersize>
                </control>
                <control type="image">
                    <left>35</left>
                    <top>290</top>
                    <width>80</width>
                    <height>80</height>
                    <texture>overlays/overlay-bg.png</texture>
                    <visible>Listitem.IsCollection | ListItem.IsPlaying | Integer.IsGreater(ListItem.Playcount,0)</visible>
                </control>
            </control>
            <control type="group">
                <visible>String.IsEqual(ListItem.DBtype,tvshow)</visible>
                <top>320</top>
                <control type="image">
                    <left>35</left>
                    <top>0</top>
                    <width>250</width>
                    <height>50</height>
                    <texture colordiffuse="CCFFFFFF">overlays/overlayfade.png</texture>
                    <visible>!String.IsEmpty(ListItem.Art(poster))</visible>
                </control>
                <control type="label">
                    <left>0</left>
                    <top>20</top>
                    <width>244</width>
                    <label>$INFO[ListItem.Property(WatchedEpisodes)]$INFO[ListItem.Property(TotalEpisodes), / ,]</label>
                    <font>font20_title</font>
                    <shadowcolor>text_shadow</shadowcolor>
                    <align>right</align>
                </control>
                <control type="image">
                    <left>254</left>
                    <top>23</top>
                    <width>24</width>
                    <height>24</height>
                    <texture>lists/played-total.png</texture>
                </control>
            </control>
            <control type="image">
                <left>35</left>
                <top>338</top>
                <width>32</width>
                <height>32</height>
                <texture>$VAR[WallWatchedIconVar]</texture>
            </control>
            <control type="group">
                <left>135</left>
                <top>-8</top>
                <include condition="Skin.HasSetting(circle_rating) | Skin.HasSetting(circle_userrating)">RatingCircle</include>
            </control>
            <control type="progress">
                <left>35</left>
                <top>350</top>
                <width>250</width>
                <height>1</height>
                <texturebg>
                </texturebg>
                <midtexture colordiffuse="$VAR[ColorHighlight]" border="3">progress/texturebg_alt_white.png</midtexture>
                <info>ListItem.PercentPlayed</info>
                <visible>!Integer.IsEqual(ListItem.PercentPlayed,0)</visible>
            </control>
        </definition>
    </include>
    <include name="View_54_InfoWall">
        <control type="group">
            <control type="group">
                <control type="image">
                    <centerleft>50%</centerleft>
                    <height>780</height>
                    <width>1600</width>
                    <texture colordiffuse="AltPosterBack" border="12">common/box.png</texture>
                    <bordertexture border="40">common/shadow-24.png</bordertexture>
                    <bordersize>24</bordersize>
                </control>
            </control>
            <top>120</top>
            <visible>Control.IsVisible(54)</visible>
            <control type="panel" id="54">
                <top>30</top>
                <left>210</left>
                <width>1600</width>
                <height>720</height>
                <onup>SetFocus(9000)</onup>
                <ondown>54</ondown>
                <viewtype label="31101">icon</viewtype>
                <include content="View_Forced">
                    <param name="string" value="$LOCALIZE[31101]"/>
                </include>
                <preloaditems>2</preloaditems>
                <scrolltime tween="cubic" easing="out">500</scrolltime>
                <visible>Container.Content(artists) | Container.Content(albums) | Container.Content(sets) | Container.Content(movies) | Container.Content(tvshows) | Container.Content(seasons) | Container.Content(episodes) | Container.Content(musicvideos) | Container.Content(images) | Container.Content(videos) | Container.Content(games)</visible>
                <itemlayout height="360" width="300" condition="Container.Content(movies) | Container.Content(sets) | Container.Content(tvshows) | Container.Content(seasons) | [Container.Content(musicvideos) + Skin.HasSetting(show_musicvideoposter)]">
                    <include>PostersView</include>
                </itemlayout>
                <focusedlayout height="360" width="300" condition="Container.Content(movies) | Container.Content(sets) | Container.Content(tvshows) | Container.Content(seasons) | [Container.Content(musicvideos) + Skin.HasSetting(show_musicvideoposter)]">
                    <control type="group">
                        <width>260</width>
                        <height>360</height>
                        <include content="PostersView"/>
                        <include content="Selectbox">
                            <param name="visible_posters" value="true"/>
                            <param name="visible_squares" value="false"/>
                            <param name="visible_landscapes" value="false"/>
                        </include>
                    </control>
                </focusedlayout>
                <itemlayout height="360" width="300" condition="Container.Content(episodes) | Container.Content(videos) | [Container.Content(musicvideos) + !Skin.HasSetting(show_musicvideoposter)]">
                    <control type="group">
                        <top>30</top>
                        <include content="InfoWallEpisodeLayout">
                            <param name="focused" value="false"/>
                            <param name="thumb_label" value="$INFO[ListItem.Label2]"/>
                        </include>
                    </control>
                </itemlayout>
                <focusedlayout height="360" width="300" condition="Container.Content(episodes) | Container.Content(videos) | [Container.Content(musicvideos) + !Skin.HasSetting(show_musicvideoposter)]">
                    <control type="group">
                        <top>30</top>
                        <width>320</width>
                        <height>320</height>
                        <include content="InfoWallEpisodeLayout">
                            <param name="focused" value="true"/>
                            <param name="thumb_label" value="$INFO[ListItem.Label2]"/>
                        </include>
                        <include content="Selectbox">
                            <param name="visible_posters" value="false"/>
                            <param name="visible_squares" value="true"/>
                            <param name="visible_landscapes" value="false"/>
                        </include>
                    </control>
                </focusedlayout>
                <itemlayout height="410" width="310" condition="Container.Content(artists) | Container.Content(albums)">
                    <control type="group">
                        <top>150</top>
                        <left>40</left>
                        <include>InfoWallMusicLayout</include>
                    </control>
                </itemlayout>
                <focusedlayout height="410" width="310" condition="Container.Content(artists) | Container.Content(albums)">
                    <control type="group">
                        <depth>DepthContentPopout</depth>
                        <animation effect="zoom" start="100" end="115" time="200" tween="sine" easing="inout" center="200,350">Focus</animation>
                        <animation effect="zoom" start="115" end="100" time="200" tween="sine" easing="inout" center="200,350">UnFocus</animation>
                        <top>150</top>
                        <left>40</left>
                        <include content="InfoWallMusicLayout">
                            <param name="focused" value="true"/>
                        </include>
                    </control>
                </focusedlayout>
                <itemlayout height="401" width="378" condition="Container.Content(images)">
                    <control type="group">
                        <left>0</left>
                        <top>150</top>
                        <include>InfoWallPictureLayout</include>
                    </control>
                </itemlayout>
                <focusedlayout height="401" width="378" condition="Container.Content(images)">
                    <control type="group">
                        <depth>DepthContentPopout</depth>
                        <left>0</left>
                        <top>150</top>
                        <animation effect="zoom" start="100" end="110" time="200" tween="sine" easing="inout" center="180,330">Focus</animation>
                        <animation effect="zoom" start="110" end="100" time="200" tween="sine" easing="inout" center="180,330">UnFocus</animation>
                        <include content="InfoWallPictureLayout">
                            <param name="focused" value="true"/>
                        </include>
                    </control>
                </focusedlayout>
            </control>
        </control>
    </include>
    <include name="View_56_Posters_Layout">
        <param name="focused">false</param>
        <param name="WallWatchedIconVar_visible" default="true"/>
        <definition>
            <control type="group">
                <visible>String.IsEmpty(ListItem.Art(poster))</visible>
                <control type="image">
                    <left>15</left>
                    <top>-10</top>
                    <width>290</width>
                    <height>400</height>
                    <texture>dialogs/dialog-bg-nobo.png</texture>
                    <bordertexture border="21">overlays/shadow.png</bordertexture>
                    <bordersize>20</bordersize>
                </control>
                <control type="image">
                    <left>15</left>
                    <top>-10</top>
                    <width>290</width>
                    <height>400</height>
                    <texture colordiffuse="$VAR[ColorHighlight]">colors/grey.png</texture>
                    <bordersize>20</bordersize>
                    <visible>$PARAM[focused]</visible>
                    <include condition="$PARAM[focused]">Animation_FocusTextureFade</include>
                </control>
                <control type="textbox">
                    <left>40</left>
                    <top>244</top>
                    <width>242</width>
                    <height>120</height>
                    <font>font27</font>
                    <align>center</align>
                    <aligny>center</aligny>
                    <label>$INFO[ListItem.Label]</label>
                    <autoscroll time="2000" delay="3000" repeat="5000">$PARAM[focused]</autoscroll>
                    <visible>!ListItem.IsParentFolder</visible>
                </control>
                <control type="image">
                    <left>24</left>
                    <top>-1</top>
                    <width>272</width>
                    <height>270</height>
                    <texture fallback="DefaultMovies.png" background="true">$INFO[ListItem.Icon]</texture>
                    <aspectratio>scale</aspectratio>
                    <bordersize>20</bordersize>
                </control>
            </control>
            <control type="group">
                <visible>!String.IsEmpty(ListItem.Art(poster))</visible>
                <control type="image">
                    <left>11</left>
                    <top>-14</top>
                    <width>298</width>
                    <height>408</height>
                    <texture colordiffuse="$VAR[ColorHighlight]">colors/grey.png</texture>
                    <bordertexture border="21">overlays/shadow.png</bordertexture>
                    <bordersize>20</bordersize>
                    <visible>$PARAM[focused]</visible>
                    <include condition="$PARAM[focused]">Animation_FocusTextureFade</include>
                </control>
                <control type="image">
                    <left>15</left>
                    <top>-10</top>
                    <width>290</width>
                    <height>400</height>
                    <texture background="true">$INFO[ListItem.Art(poster)]</texture>
                    <aspectratio>scale</aspectratio>
                    <bordertexture border="21">overlays/shadow.png</bordertexture>
                    <bordersize>20</bordersize>
                </control>
                <control type="image">
                    <left>35</left>
                    <top>290</top>
                    <width>80</width>
                    <height>80</height>
                    <texture>overlays/overlay-bg.png</texture>
                    <visible>Listitem.IsCollection | ListItem.IsPlaying | Integer.IsGreater(ListItem.Playcount,0)</visible>
                </control>
            </control>
            <control type="group">
                <visible>String.IsEqual(ListItem.DBtype,tvshow)</visible>
                <top>320</top>
                <control type="image">
                    <left>35</left>
                    <top>0</top>
                    <width>250</width>
                    <height>50</height>
                    <texture colordiffuse="CCFFFFFF">overlays/overlayfade.png</texture>
                    <visible>!String.IsEmpty(ListItem.Art(poster))</visible>
                </control>
                <control type="label">
                    <left>0</left>
                    <top>20</top>
                    <width>244</width>
                    <label>$INFO[ListItem.Property(WatchedEpisodes)]$INFO[ListItem.Property(TotalEpisodes), / ,]</label>
                    <font>font20_title</font>
                    <shadowcolor>text_shadow</shadowcolor>
                    <align>right</align>
                    <visible>!Control.HasFocus(510)</visible>
                </control>
                <control type="image">
                    <left>254</left>
                    <top>23</top>
                    <width>24</width>
                    <height>24</height>
                    <texture>lists/played-total.png</texture>
                    <visible>!Control.HasFocus(510)</visible>
                </control>
            </control>
            <control type="image">
                <left>35</left>
                <top>338</top>
                <width>32</width>
                <height>32</height>
                <texture>$VAR[WallWatchedIconVar]</texture>
                <visible>$PARAM[WallWatchedIconVar_visible]</visible>
            </control>
            <control type="group">
                <left>135</left>
                <top>-8</top>
                <include condition="Skin.HasSetting(circle_rating) | Skin.HasSetting(circle_userrating)">RatingCircle</include>
            </control>
            <control type="progress">
                <left>35</left>
                <top>350</top>
                <width>250</width>
                <height>1</height>
                <texturebg>
                </texturebg>
                <midtexture colordiffuse="$VAR[ColorHighlight]" border="3">progress/texturebg_alt_white.png</midtexture>
                <info>ListItem.PercentPlayed</info>
                <visible>!Integer.IsEqual(ListItem.PercentPlayed,0)</visible>
            </control>
        </definition>
    </include>
</includes>
