<?xml version="1.0" encoding="UTF-8"?>
<window>
  <defaultcontrol always="true">300</defaultcontrol>
  <backgroundcolor>Background</backgroundcolor>
  <include>Defs_Settings_OnLoad</include>
  <controls>
    <include>DefaultBackground</include>
    <include content="TopBar">
      <param name="breadcrumbs_label" value="$INFO[Control.GetLabel(2)]"/>
    </include>
    <control type="group">
      <width>1720</width>
      <height>840</height>
      <centertop>50%</centertop>
      <centerleft>50%</centerleft>
      <control type="image">
        <width>1703</width>
        <height>840</height>
        <top>8</top>
        <bottom>8</bottom>
        <left>8</left>
        <right>8</right>
        <texture colordiffuse="dialog_bg_100" border="5">common/box.png</texture>
        <bordertexture border="24">common/shadow-dialog-24.png</bordertexture>
        <bordersize>18</bordersize>
      </control>
      <control type="group" id="9100">
        <left>472</left>
        <control type="panel" id="2">
          <top>148</top>
          <left>30</left>
          <visible>Container(9000).Hasfocus(2)</visible>
          <right>0</right>
          <bottom>137</bottom>
          <onleft>9000</onleft>
          <onright>9000</onright>
          <onup>2</onup>
          <ondown>2</ondown>
          <scrolltime>200</scrolltime>
          <itemlayout height="390" width="354">
            <control type="image">
              <top>5</top>
              <width>320</width>
              <height>380</height>
              <texture>dialogs/dialog-bg-nobo.png</texture>
              <bordertexture border="21">overlays/shadow.png</bordertexture>
              <bordersize>20</bordersize>
            </control>
            <control type="image">
              <left>51</left>
              <top>38</top>
              <width>215</width>
              <height>215</height>
              <aspectratio>scale</aspectratio>
              <texture fallback="DefaultUser.png">$INFO[Listitem.Icon]</texture>
            </control>
            <control type="label">
              <left>10</left>
              <top>255</top>
              <width>305</width>
              <height>100</height>
              <align>center</align>
              <aligny>top</aligny>
              <label>$INFO[ListItem.Label]</label>
            </control>
            <control type="label">
              <left>10</left>
              <top>290</top>
              <width>305</width>
              <height>100</height>
              <font>font_tiny10</font>
              <align>center</align>
              <aligny>top</aligny>
              <label>$LOCALIZE[31029]:</label>
              <visible>!String.IsEqual(Listitem.Label,$LOCALIZE[20058])</visible>
            </control>
            <control type="label">
              <left>10</left>
              <top>321</top>
              <width>305</width>
              <height>100</height>
              <font>font_tiny10</font>
              <align>center</align>
              <aligny>top</aligny>
              <label fallback="13170">$INFO[ListItem.Label2]</label>
              <visible>!String.Contains(Listitem.Label,$LOCALIZE[20058])</visible>
            </control>
          </itemlayout>
          <focusedlayout height="390" width="354">
            <control type="group">
              <animation effect="zoom" start="100" end="105" time="200" tween="sine" easing="inout" center="160,190">Focus</animation>
              <animation effect="zoom" start="105" end="100" time="200" tween="sine" easing="inout" center="160,190">UnFocus</animation>
              <control type="image">
                <top>5</top>
                <width>320</width>
                <height>380</height>
                <texture>dialogs/dialog-bg-nobo.png</texture>
                <bordertexture border="21">overlays/shadow.png</bordertexture>
                <bordersize>20</bordersize>
              </control>
              <control type="group">
                <top>5</top>
                <width>320</width>
                <height>380</height>
                <bordersize>20</bordersize>
                <include>Animation_FocusTextureFade</include>
                <control type="image">
                  <texture colordiffuse="$VAR[ColorHighlight]" border="5">common/white.png</texture>
                </control>
                <control type="image">
                  <texture colordiffuse="$VAR[ColorGradient]" border="5">common/white-gradient.png</texture>
                </control>
              </control>
              <control type="image">
                <left>51</left>
                <top>38</top>
                <width>215</width>
                <height>215</height>
                <aspectratio>scale</aspectratio>
                <texture fallback="DefaultUser.png">$INFO[Listitem.Icon]</texture>
              </control>
              <control type="label">
                <left>10</left>
                <top>255</top>
                <width>305</width>
                <height>100</height>
                <align>center</align>
                <aligny>top</aligny>
                <label>$INFO[ListItem.Label]</label>
              </control>
              <control type="label">
                <left>10</left>
                <top>290</top>
                <width>305</width>
                <height>100</height>
                <font>font_tiny10</font>
                <align>center</align>
                <aligny>top</aligny>
                <label>$LOCALIZE[31029]:</label>
                <visible>!String.Contains(Listitem.Label,$LOCALIZE[20058])</visible>
              </control>
              <control type="label">
                <left>10</left>
                <top>321</top>
                <width>305</width>
                <height>100</height>
                <font>font_tiny10</font>
                <align>center</align>
                <aligny>top</aligny>
                <label fallback="13170">$INFO[ListItem.Label2]</label>
                <visible>!String.Contains(Listitem.Label,$LOCALIZE[20058])</visible>
              </control>
            </control>
          </focusedlayout>
        </control>
        <include content="DefaultSettingButtonGradient">
          <param name="id" value="9001"/>
          <top>80</top>
          <height>75</height>
          <width>1200</width>
          <right>28</right>
          <visible>ControlGroup(9001).HasFocus()</visible>
        </include>
        <control type="grouplist" id="9001">
          <visible>Container(9000).Hasfocus(1)</visible>
          <right>28</right>
          <height>735</height>
          <top>80</top>
          <onright>9000</onright>
          <onup>9001</onup>
          <ondown>9001</ondown>
          <include>Defs_Settings_OnLeft</include>
          <control type="radiobutton" id="4">
            <label>$LOCALIZE[31057]</label>
            <include>DefaultSettingButton</include>
          </control>
          <control type="button" id="5">
            <label>$LOCALIZE[31058]</label>
            <label2>[B]$INFO[System.ProfileAutoLogin][/B]</label2>
            <include>DefaultSettingButton</include>
            <enable>!Window.IsVisible(ProfileSettings) + !System.HasLoginScreen</enable>
          </control>
        </control>
      </control>
      <control type="group">
        <depth>DepthContentPanel</depth>
        <control type="list" id="9000">
          <left>103</left>
          <top>80</top>
          <width>385</width>
          <height>567</height>
          <onleft>300</onleft>
          <onright>9100</onright>
          <onup>9000</onup>
          <ondown>9000</ondown>
          <scrolltime>300</scrolltime>
          <itemlayout height="75" width="385">
            <control type="label">
              <left>30</left>
              <right>30</right>
              <bottom>0</bottom>
              <label>$INFO[ListItem.Label]</label>
              <aligny>center</aligny>
            </control>
          </itemlayout>
          <focusedlayout height="75" width="385">
            <control type="group">
              <right>0</right>
              <bottom>0</bottom>
              <control type="image">
                <texture colordiffuse="$VAR[ColorHighlight]" border="10">common/white.png</texture>
              </control>
              <control type="image">
                <texture colordiffuse="$VAR[ColorGradient]" border="10">common/white-gradient.png</texture>
              </control>
              <animation effect="fade" start="100" end="50" time="40" condition="!Control.HasFocus(9000)">Conditional</animation>
            </control>
            <control type="label">
              <left>30</left>
              <right>30</right>
              <bottom>0</bottom>
              <label>$INFO[ListItem.Label]</label>
              <aligny>center</aligny>
            </control>
          </focusedlayout>
          <content>
            <item id="1">
              <label>$LOCALIZE[128]</label>
              <onclick>noop</onclick>
              <icon/>
            </item>
            <item id="2">
              <label>$LOCALIZE[13200]</label>
              <onclick>noop</onclick>
              <icon/>
            </item>
          </content>
        </control>
      </control>
      <control type="group">
        <control type="image">
          <left>488</left>
          <top>80</top>
          <width>1</width>
          <height>675</height>
          <texture colordiffuse="main_fg_12">common/white.png</texture>
        </control>
        <control type="group">
          <control type="image">
            <left>103</left>
            <top>80</top>
            <width>1</width>
            <height>675</height>
            <texture colordiffuse="main_fg_12">common/white.png</texture>
          </control>
        </control>
      </control>
      <include content="Defs_Settings_Changer">
        <onright>9000</onright>
      </include>
    </control>
  </controls>
</window>
