<?xml version="1.0" encoding="UTF-8"?>
<includes>
    <include name="View_Settings">
        <definition>

            <control type="group">
                <animation effect="fade" start="100" end="0" time="300" condition="!Window.IsVisible(Settings.xml)">WindowClose</animation>
                <animation type="WindowOpen">
                    <effect type="fade" start="0" end="100" time="300" tween="sine" easing="out" />
                    <effect type="slide" start="320" end="-100" time="400" tween="cubic" easing="out" />
                </animation>
                <centerleft>50%</centerleft>
                <width>1600</width>
                <top>0</top>
                <bottom>0</bottom>
                <control type="label">
                    <left>0</left>
                    <right>0</right>
                    <top>420</top>
                    <height>400</height>
                    <label>$LOCALIZE[5]</label>
                    <align>center</align>
                    <font>font37</font>
                </control>
                <control type="panel" id="5000">
                    <left>0</left>
                    <width>100%</width>
                    <top>120</top>
                    <height>300</height>
                    <include content="Settings_Widget_Movement_Vertical_5000" condition="Skin.HasSetting(Vertical_Main)" />
                    <include content="Settings_Widget_Movement_Horizontal_5000" condition="Skin.HasSetting(Horizontal_Main)" />
                    <include>SettingsPanel</include>
                    <include>Items_Settings_Top</include>
                </control>
                <control type="panel" id="5001">
                    <left>0</left>
                    <right>0</right>
                    <top>470</top>
                    <bottom>0</bottom>
                    <include content="Settings_Widget_Movement_Vertical_5001" condition="Skin.HasSetting(Vertical_Main)" />
                    <include content="Settings_Widget_Movement_Horizontal_5001" condition="Skin.HasSetting(Horizontal_Main)" />
                    <include>SettingsPanel</include>
                    <include>Items_Settings_Main</include>
                </control>

            </control>

        </definition>
    </include>

    <include name="View_Weather">
        <control type="grouplist" id="2000">
            <include content="Weather_Widget_Movement_Vertical" condition="Skin.HasSetting(Vertical_Main)" />
            <include content="Weather_Widget_Movement_Horizontal" condition="Skin.HasSetting(Horizontal_Main)" />
            <orientation>vertical</orientation>
            <top>0</top>
            <height>100%</height>
            <left>0</left>
            <usecontrolcoords>true</usecontrolcoords>
            <animation type="Conditional" condition="Control.IsVisible(20000)" reversible="false">
                <effect type="slide" end="0,20" time="60" tween="sine" />
                <effect type="slide" end="0,-20" time="180" tween="sine" delay="80" />
            </animation>
            <animation type="Conditional" condition="Control.IsVisible(20001)" reversible="false">
                <effect type="slide" end="0,-20" time="60" tween="sine" />
                <effect type="slide" end="0,20" time="180" tween="sine" delay="80" />
            </animation>
            <scrolltime tween="cubic" easing="out">500</scrolltime>
            <include>OpenClose_Right</include>
            <itemgap>-160</itemgap>
            <control type="group" id="567">
                <description>Weather info</description>
                <height>410</height>
                <left>22</left>
                <control type="image">
                    <left>2.5%</left>
                    <top>100</top>
                    <width>95%</width>
                    <height>220</height>
                    <texture border="21">dialogs/dialog-bg.png</texture>
                </control>
                <control type="label">
                    <top>310</top>
                    <left>10%</left>
                    <width>80%</width>
                    <align>center</align>
                    <height>44</height>
                    <shadowcolor>text_shadow</shadowcolor>
                    <label>$LOCALIZE[31154]</label>
                    <visible>Control.HasFocus(20)</visible>
                    <animation effect="fade" time="400">VisibleChange</animation>
                </control>
                <control type="button" id="20">
                    <left>2.5%</left>
                    <top>100</top>
                    <width>95%</width>
                    <height>220</height>
                    <align>center</align>
                    <aligny>center</aligny>
                    <textoffsetx>40</textoffsetx>
                    <textoffsety>0</textoffsety>
                    <texturefocus border="40" colordiffuse="Highlight">buttons/button-fo.png</texturefocus>
                    <texturenofocus />
                    <onup>20000</onup>
                    <ondown>15100</ondown>
                    <onleft>9000</onleft>
                    <font>font12</font>
                    <onclick>Weather.LocationNext</onclick>
                    <label></label>
                </control>
                <control type="label">
                    <right>100</right>
                    <top>194</top>
                    <aligny>center</aligny>
                    <height>24</height>
                    <width>500</width>
                    <align>right</align>
                    <font>WeatherTemp</font>
                    <label>$INFO[Weather.Temperature]</label>
                </control>
                <control type="label">
                    <right>400</right>
                    <top>164</top>
                    <align>right</align>
                    <label>[I]$LOCALIZE[402]: $INFO[Window(weather).Property(Current.FeelsLike)]$INFO[System.TemperatureUnits][/I][CR]$INFO[Weather.Conditions]</label>
                    <font>font14</font>
                    <width>630</width>
                </control>
                <control type="grouplist">
                    <top>154</top>
                    <left>90</left>
                    <right>800</right>
                    <align>justify</align>
                    <orientation>horizontal</orientation>
                    <include content="WeatherIconMyWeather">
                        <param name="label" value="Window(weather).Property(Current.Wind)" />
                        <param name="texture" value="icons/weather/wind.png" />
                        <param name="header" value="$LOCALIZE[404]" />
                    </include>
                    <include content="WeatherIconMyWeather">
                        <param name="label" value="Window(weather).Property(Current.Humidity)" />
                        <param name="texture" value="icons/weather/humidity.png" />
                        <param name="header" value="$LOCALIZE[406]" />
                    </include>
                    <include content="WeatherIconMyWeather">
                        <param name="label" value="Window(weather).Property(Current.Precipitation)" />
                        <param name="texture" value="icons/weather/rain.png" />
                        <param name="header" value="$LOCALIZE[33021]" />
                    </include>
                    <include content="WeatherIconMyWeather">
                        <param name="label" value="Window(weather).Property(Today.Sunrise)" />
                        <param name="texture" value="icons/weather/sunrise.png" />
                        <param name="header" value="$LOCALIZE[405]" />
                    </include>
                    <include content="WeatherIconMyWeather">
                        <param name="label" value="Window(weather).Property(Today.Sunset)" />
                        <param name="texture" value="icons/weather/sunset.png" />
                        <param name="header" value="$LOCALIZE[403]" />
                    </include>
                </control>
            </control>
            <include content="WeatherWidget">
                <param name="content_include" value="DailyItems" />
                <param name="list_id" value="15100" />
                <param name="widget_header" value="$LOCALIZE[31019]" />
                <param name="visible" value="!String.IsEmpty(Window(weather).Property(Daily.IsFetched))" />
                <param name="width" value="258" />
            </include>
            <include content="WeatherWidget">
                <param name="content_include" value="HourlyItems" />
                <param name="list_id" value="15200" />
                <param name="widget_header" value="$LOCALIZE[33036]" />
                <param name="visible" value="!String.IsEmpty(Window(weather).Property(Hourly.IsFetched))" />
                <param name="width" value="258" />
            </include>
            <include content="WeatherMapItem">
                <param name="item_id" value="1" />
                <param name="onup_id" value="15200" />
                <param name="ondown_id" value="70020" />
            </include>
            <include content="WeatherMapItem">
                <param name="item_id" value="2" />
                <param name="onup_id" value="70010" />
                <param name="ondown_id" value="70030" />
            </include>
            <include content="WeatherMapItem">
                <param name="item_id" value="3" />
                <param name="onup_id" value="70020" />
                <param name="ondown_id" value="70040" />
            </include>
            <include content="WeatherMapItem">
                <param name="item_id" value="4" />
                <param name="onup_id" value="70030" />
                <param name="ondown_id" value="70050" />
            </include>
            <include content="WeatherMapItem">
                <param name="item_id" value="5" />
                <param name="onup_id" value="70040" />
                <param name="ondown_id" value="20001" />
            </include>
        </control>
    </include>
</includes>