<?xml version="1.0" encoding="UTF-8"?>
<addon id="skin.cosmic" version="1.0.40" name="Cosmic" provider-name="heppen (nfm886)">
  <requires>
    <import addon="xbmc.gui" version="5.15.0"/>
    <import addon="script.skinshortcuts" version="1.1.5"/>
    <import addon="script.embuary.info" version="2.0.8"/>
    <import addon="plugin.video.themoviedb.helper" version="4.3.0"/>
    <import addon="script.embuary.helper" version="2.0.8"/>
    <import addon="resource.images.studios.white" version="0.0.28"/>
    <import addon="resource.images.studios.coloured" version="0.0.20"/>
    <import addon="resource.images.weathericons.white" version="0.0.6"/>
    <import addon="resource.images.moviegenreicons.transparent" version="0.0.6"/>
    <import addon="resource.images.moviecountryicons.maps" version="0.0.1"/>
  </requires>
  <extension point="xbmc.gui.skin" debugging="false">
    <res width="1920" height="1080" aspect="16:9" default="true" folder="xml"/>
  </extension>
  <extension point="xbmc.addon.metadata">
    <news>1.0.40[CR]Fixed: DialogAddonInfo buttons background position[CR]Added: Option to match colours of image on overlay[CR]Added: New textures[CR]Fixed: Vignette in Vertical layout[CR]Fixed: Skin settings descriptions[CR]Added: Ratings to Flix view[CR]Improved: Flix view[CR]1.0.39[CR]Fixed: Weather[CR]Fixed: Default and Arial fonts[CR]Removed: Roboto font[CR]Fixed: Some tweaks to Fonts[CR]Changed: Settings appearance[CR]Added: Option to show EPG Event Icon on home screen[CR]Tweaks: To DialogSelect window[CR]1.0.38[CR]Fixed: Vignette visibility[CR]Changed: DialogAddonInfo appearance[CR]Changed: DialogFavourites appearance[CR]Added: Greek translation (thanks to ViewAfterReview!)[CR]Fixed: Dont show VideoQuality flag icon in favourites widget[CR]Fixed: Hide system clock from weather and settings widget in vertical layout[CR]Fixed: Vignette animation[CR]Fixed: Watchlist button in Info Dialog[CR]Removed: Left margin from widgets in Flix view[CR]Changed: Viewtypes order[CR]Fixed: DialogAddonInfo description background[CR]Improved: DefaultBackground[CR]Changed: Default font[CR]Changed: InfoButtons position in Info Dialog[CR]1.0.37[CR]Fixed: Background colour in Vertical layout[CR]Added: Scrollbar to Flix view[CR]Removed: Vignette from Flix view[CR]1.0.36[CR]Fixed: SearchList feature[CR]1.0.35[CR]Fixed: Small fix for background trailers[CR]Fixed: SeekLabel position[CR]Fixed: Some improvements to displaying title in home screen[CR]Fixed: Width of title in item showcase[CR]Added: Clock to vertical layout[CR]Changed: Move main menu in Vertical layout higher when profile info is disabled[CR]Changed: Vignette in Vertical layout[CR]Changed: Fanart dimension[CR]Added: Option to animate clearlogo when trailers playing[CR]Added: New sources to ClearLogo variable[CR]Fixed: Movement through main menu when profile info is disabled[CR]Added: "Flix view" to library view types[CR]1.0.34[CR]Improved: Background trailers[CR]1.0.33[CR]Fixed: Poster image aspectratio in DialogVideoInfo[CR]Fixed: Video title position in Video OSD[CR]Added: Option to disable clock on top[CR]1.0.32[CR]Changed: Plot variable[CR]Changed: Position of PVR Progress bar in widget label[CR]Added: PlotOutline[CR]Fixed: Poster image in DialogVideoInfo[CR]Changed: Dialog header title font[CR]Added: Video OSD info line[CR]Added: Options to hide Info tags and Plot[CR]</news>
    <summary lang="en_GB">Simple, lightweight and innovative skin by heppen.</summary>
    <summary lang="pl_PL">Prosta, lekka i innowacyjna skórka autorstwa heppen.</summary>
    <description lang="en_GB">The skin is designed to allow the user to focus on media consumption. It provides many innovative solutions that every movie lover will appreciate.</description>
    <description lang="pl_PL">Skórka została zaprojektowana, aby użytkownik mógł skupić się na konsumpcji mediów. Udostępnia wiele innowacyjnych rozwiązań, które doceni każdy kinoman.</description>
    <platform>all</platform>
    <license>Creative Commons Attribution Non-Commercial Share-Alike 4.0</license>
    <forum>https://forum.kodi.tv/showthread.php?tid=363714</forum>
    <source>https://github.com/nfm886/skin.cosmic</source>
    <assets>
      <icon>resources/icon.png</icon>
      <fanart>resources/fanart.jpg</fanart>
      <screenshot>resources/screenshot-01.jpg</screenshot>
      <screenshot>resources/screenshot-02.jpg</screenshot>
      <screenshot>resources/screenshot-03.jpg</screenshot>
      <screenshot>resources/screenshot-04.jpg</screenshot>
      <screenshot>resources/screenshot-05.jpg</screenshot>
      <screenshot>resources/screenshot-06.jpg</screenshot>
    </assets>
  </extension>
</addon>
