<?xml version="1.0" encoding="UTF-8"?>
<fonts>
  <fontset id="Default" idloc="15109">
    <!-- Normal Fonts -->
    <font>
      <name>font_hintlabel</name>
      <style>uppercase bold</style>
      <filename>RobotoCondensed-Bold.ttf</filename>
      <size>18</size>
    </font>
    <font>
      <name>font10</name>
      <filename>RobotoCondensed-Regular.ttf</filename>
      <size>23</size>
      <style>lighten</style>
    </font>
    <font>
      <name>font10_bold</name>
      <filename>RobotoCondensed-Regular.ttf</filename>
      <size>23</size>
      <style>bold</style>
    </font>
    <font>
      <name>font12</name>
      <filename>RobotoCondensed-Regular.ttf</filename>
      <size>25</size>
      <style>lighten</style>
    </font>
    <font>
      <name>font_topbar_horiz</name>
      <filename>RobotoCondensed-Regular.ttf</filename>
      <size>18</size>
    </font>
    <font>
      <name>font13</name>
      <filename>RobotoCondensed-Regular.ttf</filename>
      <size>30</size>
      <style>lighten</style>
    </font>
    <font>
      <name>font13_bold</name>
      <filename>RobotoCondensed-Regular.ttf</filename>
      <size>30</size>
      <style>bold</style>
    </font>
    <font>
      <name>font14</name>
      <filename>RobotoCondensed-Regular.ttf</filename>
      <size>33</size>
      <style>lighten</style>
    </font>
    <font>
      <name>font14_bold</name>
      <filename>RobotoCondensed-Regular.ttf</filename>
      <size>33</size>
      <style>bold</style>
    </font>
    <font>
      <name>font23_narrow</name>
      <filename>RobotoCondensed-Regular.ttf</filename>
      <size>23</size>
      <style>lighten</style>
      <linespacing>0.8</linespacing>
    </font>
    <font>
      <name>font25_narrow</name>
      <filename>RobotoCondensed-Regular.ttf</filename>
      <size>25</size>
      <style>lighten</style>
      <linespacing>0.8</linespacing>
    </font>
    <font>
      <name>font27</name>
      <filename>RobotoCondensed-Regular.ttf</filename>
      <size>27</size>
      <style>lighten</style>
    </font>
    <font>
      <name>font27_narrow</name>
      <filename>RobotoCondensed-Regular.ttf</filename>
      <size>27</size>
      <style>lighten</style>
      <linespacing>0.8</linespacing>
    </font>
    <font>
      <name>font27_bold</name>
      <filename>RobotoCondensed-Bold.ttf</filename>
      <size>27</size>
      <style>bold</style>
      <linespacing>0.8</linespacing>
    </font>
    <font>
      <name>font32</name>
      <filename>RobotoCondensed-Regular.ttf</filename>
      <size>32</size>
    </font>
    <font>
      <name>font32_bold</name>
      <filename>RobotoCondensed-Regular.ttf</filename>
      <size>32</size>
      <style>bold</style>
    </font>
    <font>
      <name>font37</name>
      <filename>RobotoCondensed-Regular.ttf</filename>
      <size>37</size>
      <style>lighten</style>
    </font>
    <font>
      <name>font45</name>
      <filename>RobotoCondensed-Regular.ttf</filename>
      <size>45</size>
      <style>lighten</style>
    </font>
    <font>
      <name>font60</name>
      <filename>RobotoCondensed-Regular.ttf</filename>
      <size>60</size>
      <style>lighten</style>
    </font>
    <font>
      <name>font_pvr_clock</name>
      <filename>RobotoCondensed-Light.ttf</filename>
      <size>59</size>
    </font>
    <font>
      <name>font_clock</name>
      <filename>RobotoCondensed-Light.ttf</filename>
      <size>70</size>
    </font>
    <!-- Title Fonts -->
    <font>
      <name>font_flag</name>
      <filename>RobotoCondensed-Bold.ttf</filename>
      <size>18</size>
      <style>bold</style>
    </font>
    <font>
      <name>font20_title</name>
      <filename>RobotoCondensed-Bold.ttf</filename>
      <size>20</size>
      <style>bold</style>
    </font>
    <font>
      <name>font25_title</name>
      <filename>RobotoCondensed-Bold.ttf</filename>
      <size>25</size>
      <style>bold</style>
    </font>
    <font>
      <name>font30_title</name>
      <filename>RobotoCondensed-Bold.ttf</filename>
      <size>30</size>
      <style>bold</style>
    </font>
    <font>
      <name>font32_title</name>
      <filename>RobotoCondensed-Bold.ttf</filename>
      <size>32</size>
      <style>bold</style>
    </font>
    <font>
      <name>font36_title</name>
      <filename>RobotoCondensed-Bold.ttf</filename>
      <size>36</size>
      <style>bold</style>
    </font>
    <font>
      <name>font45_title</name>
      <filename>RobotoCondensed-Bold.ttf</filename>
      <size>45</size>
      <style>bold</style>
    </font>
    <font>
      <name>font52_title</name>
      <filename>RobotoCondensed-Bold.ttf</filename>
      <size>52</size>
      <style>bold</style>
    </font>
    <font>
      <name>font_title_bold</name>
      <filename>RobotoCondensed-Bold.ttf</filename>
      <size>64</size>
      <style>bold</style>
    </font>
    <font>
      <name>font_MainMenu</name>
      <filename>RobotoCondensed-Bold.ttf</filename>
      <size>60</size>
      <style>bold</style>
    </font>
    <font>
      <name>WeatherTemp</name>
      <aspect>0.85</aspect>
      <filename>RobotoCondensed-Bold.ttf</filename>
      <size>120</size>
      <style>bold</style>
    </font>
    <font>
      <name>Mono26</name>
      <filename>NotoMono-Regular.ttf</filename>
      <size>26</size>
    </font>
  </fontset>
  <fontset id="Arial" idloc="31053">
    <!-- Arial Font better for non English -->
    <font>
      <name>font10</name>
      <filename>arial.ttf</filename>
      <size>18</size>
    </font>
    <font>
      <name>font12</name>
      <filename>arial.ttf</filename>
      <size>22</size>
    </font>
    <font>
      <name>font13</name>
      <filename>arial.ttf</filename>
      <size>27</size>
    </font>
    <font>
      <name>font14</name>
      <filename>arial.ttf</filename>
      <size>30</size>
    </font>
    <font>
      <name>font23_narrow</name>
      <filename>arial.ttf</filename>
      <size>23</size>
      <linespacing>0.8</linespacing>
    </font>
    <font>
      <name>font25_narrow</name>
      <filename>arial.ttf</filename>
      <size>25</size>
      <linespacing>0.8</linespacing>
    </font>
    <font>
      <name>font27</name>
      <filename>arial.ttf</filename>
      <size>27</size>
    </font>
    <font>
      <name>font27_narrow</name>
      <filename>arial.ttf</filename>
      <size>27</size>
      <linespacing>0.8</linespacing>
    </font>
    <font>
      <name>font37</name>
      <filename>arial.ttf</filename>
      <size>37</size>
    </font>
    <font>
      <name>font45</name>
      <filename>arial.ttf</filename>
      <size>45</size>
    </font>
    <font>
      <name>font60</name>
      <filename>arial.ttf</filename>
      <size>60</size>
      <style>lighten</style>
    </font>
    <font>
      <name>font_clock</name>
      <filename>arial.ttf</filename>
      <size>70</size>
      <style>lighten</style>
    </font>
    <!-- Title Fonts -->
    <font>
      <name>font_flag</name>
      <filename>arial.ttf</filename>
      <size>18</size>
    </font>
    <font>
      <name>font20_title</name>
      <filename>arial.ttf</filename>
      <size>20</size>
      <style>bold</style>
    </font>
    <font>
      <name>font25_title</name>
      <filename>arial.ttf</filename>
      <size>25</size>
      <style>bold</style>
    </font>
    <font>
      <name>font30_title</name>
      <filename>arial.ttf</filename>
      <size>30</size>
      <style>bold</style>
    </font>
    <font>
      <name>font32_title</name>
      <filename>arial.ttf</filename>
      <size>32</size>
      <style>bold</style>
    </font>
    <font>
      <name>font36_title</name>
      <filename>arial.ttf</filename>
      <size>36</size>
      <style>bold</style>
    </font>
    <font>
      <name>font45_title</name>
      <filename>arial.ttf</filename>
      <size>45</size>
      <style>bold</style>
    </font>
    <font>
      <name>font52_title</name>
      <filename>arial.ttf</filename>
      <size>52</size>
      <style>bold</style>
    </font>
    <font>
      <name>font_MainMenu</name>
      <filename>arial.ttf</filename>
      <size>52</size>
      <style>bold</style>
    </font>
    <font>
      <name>WeatherTemp</name>
      <aspect>0.75</aspect>
      <filename>arial.ttf</filename>
      <size>120</size>
      <style>bold</style>
    </font>
    <font>
      <name>Mono26</name>
      <filename>arial.ttf</filename>
      <size>26</size>
    </font>
  </fontset>
  <fontset id="Arial Unicode" idloc="31182" unicode="true">
    <!-- Normal Fonts -->
    <font>
      <name>font10</name>
      <filename>ARIALUNI.TTF</filename>
      <size>23</size>
      <style>lighten</style>
    </font>
    <font>
      <name>font12</name>
      <filename>ARIALUNI.TTF</filename>
      <size>25</size>
      <style>lighten</style>
    </font>
    <font>
      <name>font13</name>
      <filename>ARIALUNI.TTF</filename>
      <size>30</size>
      <style>lighten</style>
    </font>
    <font>
      <name>font14</name>
      <filename>ARIALUNI.TTF</filename>
      <size>33</size>
      <style>lighten</style>
    </font>
    <font>
      <name>font23_narrow</name>
      <filename>ARIALUNI.TTF</filename>
      <size>23</size>
      <style>lighten</style>
      <linespacing>0.8</linespacing>
    </font>
    <font>
      <name>font25_narrow</name>
      <filename>ARIALUNI.TTF</filename>
      <size>25</size>
      <style>lighten</style>
      <linespacing>0.8</linespacing>
    </font>
    <font>
      <name>font27</name>
      <filename>ARIALUNI.TTF</filename>
      <size>27</size>
      <style>lighten</style>
    </font>
    <font>
      <name>font27_narrow</name>
      <filename>ARIALUNI.TTF</filename>
      <size>27</size>
      <style>lighten</style>
      <linespacing>0.8</linespacing>
    </font>
    <font>
      <name>font37</name>
      <filename>ARIALUNI.TTF</filename>
      <size>37</size>
      <style>lighten</style>
    </font>
    <font>
      <name>font45</name>
      <filename>ARIALUNI.TTF</filename>
      <size>45</size>
      <style>lighten</style>
    </font>
    <font>
      <name>font60</name>
      <filename>ARIALUNI.TTF</filename>
      <size>60</size>
      <style>lighten</style>
    </font>
    <font>
      <name>font_clock</name>
      <filename>Nunito-Light.ttf</filename>
      <size>70</size>
    </font>
    <!-- Title Fonts -->
    <font>
      <name>font_flag</name>
      <filename>ARIALUNI.TTF</filename>
      <size>18</size>
      <style>bold</style>
    </font>
    <font>
      <name>font20_title</name>
      <filename>ARIALUNI.TTF</filename>
      <size>20</size>
      <style>bold</style>
    </font>
    <font>
      <name>font25_title</name>
      <filename>ARIALUNI.TTF</filename>
      <size>25</size>
      <style>bold</style>
    </font>
    <font>
      <name>font30_title</name>
      <filename>ARIALUNI.TTF</filename>
      <size>30</size>
      <style>bold</style>
    </font>
    <font>
      <name>font32_title</name>
      <filename>ARIALUNI.TTF</filename>
      <size>32</size>
      <style>bold</style>
    </font>
    <font>
      <name>font36_title</name>
      <filename>ARIALUNI.TTF</filename>
      <size>36</size>
      <style>bold</style>
    </font>
    <font>
      <name>font45_title</name>
      <filename>ARIALUNI.TTF</filename>
      <size>45</size>
      <style>bold</style>
    </font>
    <font>
      <name>font52_title</name>
      <filename>ARIALUNI.TTF</filename>
      <size>52</size>
      <style>bold</style>
    </font>
    <font>
      <name>font_MainMenu</name>
      <filename>ARIALUNI.TTF</filename>
      <size>60</size>
      <style>bold</style>
    </font>
    <font>
      <name>WeatherTemp</name>
      <aspect>0.85</aspect>
      <filename>ARIALUNI.TTF</filename>
      <size>120</size>
      <style>bold</style>
    </font>
    <font>
      <name>Mono26</name>
      <filename>NotoMono-Regular.ttf</filename>
      <size>26</size>
    </font>
  </fontset>
</fonts>
