<?xml version="1.0" encoding="UTF-8"?>
<addons>
  <addon id="skin.blue.twilight" version="1.0.10" name="Blue Twilight" provider-name="heppen">
    <requires>
      <import addon="xbmc.gui" version="5.15.0"/>
      <import addon="script.skinshortcuts" version="1.1.5"/>
      <import addon="plugin.video.themoviedb.helper" version="4.3.0"/>
      <import addon="script.toolbox" version="1.1.2"/>
      <import addon="resource.images.studios.white" version="0.0.28"/>
      <import addon="resource.images.weathericons.white" version="0.0.6"/>
    </requires>
    <extension point="xbmc.gui.skin" debugging="false">
      <res width="1920" height="1080" aspect="16:9" default="true" folder="xml"/>
    </extension>
    <extension point="xbmc.addon.metadata">
      <news>1.0.10[CR]Fixed: Clearlogo being cut off[CR]Fixed: Right arrows position</news>
      <summary lang="en_GB">Simple. Lightweight. Elegant. That's all you need to enjoy Kodi.</summary>
      <summary lang="pl_PL">Prosto. Lekko. Elegancko. To wszystko czego potrzebujesz do rozrywki z Kodi.</summary>
      <description lang="en_GB">The skin is designed to allow the user to focus on media consumption. It provides many innovative solutions that every movie lover will appreciate.</description>
      <description lang="pl_PL">Skórka została zaprojektowana, aby użytkownik mógł skupić się na konsumpcji mediów. Udostępnia wiele innowacyjnych rozwiązań, które doceni każdy kinoman.</description>
      <platform>all</platform>
      <license>Creative Commons Attribution Non-Commercial Share-Alike 4.0</license>
      <forum />
      <source>https://github.com/heppen-dev/skin.blue.twilight</source>
      <assets>
        <icon>resources/icon.png</icon>
        <fanart>resources/fanart.jpg</fanart>
        <screenshot>resources/screenshot-01.jpg</screenshot>
        <screenshot>resources/screenshot-02.jpg</screenshot>
        <screenshot>resources/screenshot-03.jpg</screenshot>
        <screenshot>resources/screenshot-04.jpg</screenshot>
        <screenshot>resources/screenshot-05.jpg</screenshot>
      </assets>
    </extension>
  </addon>
  <addon id="skin.cosmic" version="1.0.65" name="Cosmic" provider-name="heppen">
    <requires>
      <import addon="xbmc.gui" version="5.15.0" />
      <import addon="script.skinshortcuts" version="1.1.5" />
      <import addon="script.embuary.info" version="2.0.8" />
      <import addon="plugin.video.themoviedb.helper" version="4.3.0" />
      <import addon="script.embuary.helper" version="2.0.8" />
      <import addon="resource.images.studios.white" version="0.0.28" />
      <import addon="resource.images.studios.coloured" version="0.0.20" />
      <import addon="resource.images.weathericons.white" version="0.0.6" />
      <import addon="resource.images.moviegenreicons.transparent" version="0.0.6" />
      <import addon="resource.images.moviecountryicons.maps" version="0.0.1" />
    </requires>
    <extension point="xbmc.gui.skin" debugging="false">
      <res width="1920" height="1080" aspect="16:9" default="true" folder="xml" />
    </extension>
    <extension point="xbmc.addon.metadata">
      <news>1.0.65[CR]Fixed: Background trailers are not stopped when losing focus[CR]Removed: fancy-line.png from Classic layout[CR]Fixed: Height of plot in showcase[CR]1.0.64[CR]Removed Xmas wishes</news>
      <summary lang="en_GB">Simple, lightweight and innovative skin by heppen.</summary>
      <summary lang="pl_PL">Prosta, lekka i innowacyjna skórka autorstwa heppen.</summary>
      <description lang="en_GB">The skin is designed to allow the user to focus on media consumption. It provides many innovative solutions that every movie lover will appreciate.</description>
      <description lang="pl_PL">Skórka została zaprojektowana, aby użytkownik mógł skupić się na konsumpcji mediów. Udostępnia wiele innowacyjnych rozwiązań, które doceni każdy kinoman.</description>
      <platform>all</platform>
      <license>Creative Commons Attribution Non-Commercial Share-Alike 4.0</license>
      <forum>https://forum.kodi.tv/showthread.php?tid=363714</forum>
      <source>https://github.com/heppen-dev/skin.cosmic</source>
      <assets>
        <icon>resources/icon.png</icon>
        <fanart>resources/fanart.jpg</fanart>
        <screenshot>resources/screenshot-01.jpg</screenshot>
        <screenshot>resources/screenshot-02.jpg</screenshot>
        <screenshot>resources/screenshot-03.jpg</screenshot>
        <screenshot>resources/screenshot-04.jpg</screenshot>
        <screenshot>resources/screenshot-05.jpg</screenshot>
        <screenshot>resources/screenshot-06.jpg</screenshot>
      </assets>
    </extension>
  </addon>
  <addon id="skin.arctic.zephyr.2.resurrection.mod" name="Arctic: Zephyr 2 - Resurrection" provider-name="jurialmunkey, pkscout, heppen" version="0.7.5">
    <requires>
      <import addon="xbmc.gui" version="5.15.0" />
      <import addon="script.skinshortcuts" version="1.1.1" />
      <import addon="script.artistslideshow" version="3.3.1+matrix.1" />
      <import addon="script.image.resource.select" version="3.0.2" />
      <!-- not this -->
      <import addon="plugin.program.autocompletion" version="2.0.0" />
      <import addon="plugin.video.themoviedb.helper" version="2.4.36" />
      <import addon="script.embuary.helper" version="2.0.8" />
      <import addon="resource.images.studios.white" version="0.0.24" />
      <import addon="resource.images.moviegenreicons.transparent" version="0.0.6" />
      <import addon="resource.images.weathericons.outline-hd" version="0.0.3" />
      <import addon="resource.images.weathericons.white" version="0.0.6" />
      <import addon="resource.images.moviecountryicons.maps" version="0.0.1" />
    </requires>
    <extension debugging="false" defaultthemename="Textures.xbt" effectslowdown="1" point="xbmc.gui.skin">
      <res aspect="16:9" default="true" folder="1080i" height="1080" width="1920" />
    </extension>
    <extension point="xbmc.addon.metadata">
      <news>0.7.5[CR]Revert previous changes in Image_Landscape0.7.4[CR]Fixed icon visibility for pvr0.7.3[CR]Fixed forced view[CR]Fix for ratings not showing in video osd[CR]Changed default to colorful for rating icons0.7.2[CR]Added option to disable channel label in pvr guide0.7.1[CR]Fixed text being truncated[CR]Fixed posters being cut off</news>
      <summary lang="de">Klar, minimalistisch, elegant, einfach, leicht</summary>
      <summary lang="en">Clean, minimal, elegant, simple, light.</summary>
      <summary lang="en_AU">Clean, minimal, elegant, simple, light.</summary>
      <summary lang="en_US">Clean, minimal, elegant, simple, light.</summary>
      <summary lang="es">Limpio, minimalista, elegante, simple, ligero.</summary>
      <summary lang="fr">Clair, minimaliste, élégant, simple et léger.</summary>
      <summary lang="fr_CA">Net, minimal, élégant, simple, léger.</summary>
      <summary lang="it">Pulita, minimale, elegante, semplice, leggera.</summary>
      <summary lang="lt">Švari, minimali, elegantiška, paprasta, lengva.</summary>
      <summary lang="nl">Schoon, minimaal, elegant, simpel, licht.</summary>
      <summary lang="no">Rent, minimalt, elegant, enkelt, lett.</summary>
      <summary lang="pl">Prosta, minimalistyczna, elegancka i lekka.</summary>
      <summary lang="pt_BR">Limpa, simplista, elegante, leve.</summary>
      <summary lang="ro">Curat, minimalist, elegant, simplu, ușor</summary>
      <summary lang="ru">Опрятный, минималистичный, элегантный, простой, светлый.</summary>
      <description lang="en">This is a light mod of Arctic Zephyr 2 by heppen. Arctic Zephyr 2 is a minimalistic skin created by jurialmunkey and moded to work with Kodi 19 Matrix by pkscout. The skin is designed to be simple so that the user can focus on their media content. In addition to the default light colour scheme, the skin also includes a number of darker variations.</description>
      <description lang="pl">Jest to modyfikacja skórki Arctic Zephyr 2 autorstwa heppen. Arctic Zephyr 2 jest minimalistyczną skórką stworzoną przez jurialmunkey i zmodowaną do pracy z Kodi 19 Matrix przez pkscout. Skórka została zaprojektowana jako prosta, aby użytkownik mógł skupić się na swojej zawartości multimedialnej. Oprócz domyślnego jasnego schematu kolorów, skórka zawiera również kilka ciemniejszych wariantów.</description>
      <platform>all</platform>
      <license>Creative Commons Attribution Non-Commercial Share-Alike 4.0</license>
      <forum>https://forum.kodi.tv/showthread.php?tid=362941</forum>
      <source>https://github.com/heppen-dev/skin.arctic.zephyr.2.resurrection.mod</source>
      <assets>
        <icon>icon.png</icon>
        <fanart>fanart.jpg</fanart>
        <screenshot>resources/screenshot-01.jpg</screenshot>
        <screenshot>resources/screenshot-02.jpg</screenshot>
        <screenshot>resources/screenshot-03.jpg</screenshot>
        <screenshot>resources/screenshot-04.jpg</screenshot>
        <screenshot>resources/screenshot-05.jpg</screenshot>
        <screenshot>resources/screenshot-06.jpg</screenshot>
      </assets>
    </extension>
  </addon>
  <addon id="repository.heppen" name="heppen's repository" version="3.0.1" provider-name="heppen">
    <requires>
      <import addon="xbmc.addon" version="12.0.0"/>
    </requires>
    <extension point="xbmc.addon.repository" name="Heppen's Repository">
      <dir minversion="19.0">
        <info>https://raw.githubusercontent.com/heppen-dev/repository.heppen/main/zips/addons.xml</info>
        <checksum>https://raw.githubusercontent.com/heppen-dev/repository.heppen/main/zips/addons.xml.md5</checksum>
        <datadir zip="true">https://raw.github.com/heppen-dev/repository.heppen/main/zips/</datadir>
      </dir>
    </extension>
    <extension point="xbmc.addon.metadata">
      <summary>Heppen's Kodi repository</summary>
      <description>Repository for heppen's skins</description>
      <disclaimer>
      </disclaimer>
      <platform>all</platform>
      <assets>
        <icon>resources/icon.jpg</icon>
        <fanart>resources/fanart.jpg</fanart>
      </assets>
    </extension>
  </addon>
</addons>
