<?xml version="1.0" encoding="UTF-8"?>
<addon id="skin.blue.twilight" version="1.2.0" name="Blue Twilight" provider-name="heppen-dev">
  <requires>
    <import addon="xbmc.gui" version="5.15.0"/>
    <import addon="script.skinshortcuts" version="1.1.5"/>
    <import addon="plugin.video.themoviedb.helper" version="4.3.0"/>
    <import addon="script.artistslideshow" version="3.3.2"/>
    <import addon="script.toolbox" version="1.1.2"/>
    <import addon="resource.images.studios.white" version="0.0.28"/>
    <import addon="resource.images.weathericons.white" version="0.0.6"/>
  </requires>
  <extension point="xbmc.gui.skin" debugging="false">
    <res width="1920" height="1080" aspect="16:9" default="true" folder="xml"/>
  </extension>
  <extension point="xbmc.addon.metadata">
    <news>Changes to colour palettes[CR]Removed fade effect[CR]Fixed preloading items[CR]Changed main menu on homescreen[CR]Added option to set icon for main menu[CR]Added video fps to osd media flags[CR]Visual tweaks to playerprocessinfo[CR]Changed PVRChannelsOSDLayout_Modern[CR]Fixed skinshortcuts widgets target[CR]Fixed squares spacing in header widget[CR]Added 401 marker to dialogseekbar[CR]Added slider to video osd[CR]Fixed blurred background[CR]Changed source image for blurred background[CR]Removed srolling text in settings[CR]Changes to fullscreen fanart[CR]Fixed header widget height[CR]Added animation to widget scrolling[CR]Fixed tv shows label on topbar overlapping[CR]Tweaks to landscape aspect ratio[CR]Fixed width in header widget[CR]Fancy scrolling in movies hub[CR]Fixed arrows and width in movies hub[CR]Changed DialogPVRInfo look and feel[CR]Changes to vignette and landscape[CR]Changed PVRChannelGuideModern layout[CR]Changed livetv osd buttons and playerprocessinfo[CR]Added video codec flag to video osd[CR]Changed landscape colordiffuse and textureslidernib colordiffuse[CR]Fixed mediaflag_text visible condition[CR]Changed font52 aspect[CR]Changes to object_item_showcase[CR]Added osd extended info</news>
    <summary lang="en_GB">Simple. Lightweight. Elegant. That's all you need to enjoy Kodi.</summary>
    <summary lang="pl_PL">Prosto. Lekko. Elegancko. To wszystko czego potrzebujesz do rozrywki z Kodi.</summary>
    <description lang="en_GB">The skin is designed to allow the user to focus on media consumption. It provides many innovative solutions that every movie lover will appreciate.</description>
    <description lang="pl_PL">Skórka została zaprojektowana, aby użytkownik mógł skupić się na konsumpcji mediów. Udostępnia wiele innowacyjnych rozwiązań, które doceni każdy kinoman.</description>
    <platform>all</platform>
    <license>Creative Commons Attribution Non-Commercial Share-Alike 4.0</license>
    <forum />
    <source>https://github.com/heppen-dev/skin.blue.twilight</source>
    <assets>
      <icon>resources/icon.png</icon>
      <fanart>resources/fanart.jpg</fanart>
      <screenshot>resources/screenshot-01.jpg</screenshot>
      <screenshot>resources/screenshot-02.jpg</screenshot>
      <screenshot>resources/screenshot-03.jpg</screenshot>
      <screenshot>resources/screenshot-04.jpg</screenshot>
      <screenshot>resources/screenshot-05.jpg</screenshot>
    </assets>
  </extension>
</addon>
